SecId,Equity_Holding,Other_Holding,Assets_in_top10_holdings_percent,Reported_turnover_percent,Active_Share_percent,Top3_sector_percent,Top5_sector_percent
F0GBR04AX4,37,3,39,-10.96,78.74,51.23,77.68
F00000PAUJ,37,3,39,-10.96,78.74,51.23,77.68
F0GBR04C7Q,81,1,26,68.65,,60.96,77.29
F0GBR04RLZ,66,32,31,65.90,85.20,55.75,86.36
F0GBR04SDJ,66,32,31,65.90,85.20,55.75,86.36
F0GBR06N02,37,6,40,18.68,78.77,51.27,77.93
F00000Y4IY,37,6,40,18.68,78.77,51.27,77.93
F00000XURC,37,6,40,18.68,78.77,51.27,77.93
F0000040PB,99,19,\u2014,7.23,16.42,50.61,70.26
F00000S7PM,99,19,\u2014,7.23,16.42,50.61,70.26
F00000XMNZ,99,19,\u2014,7.23,16.42,50.61,70.26
F00000WRZN,76,1,\u2014,14.63,84.51,61.29,82.16
F0GBR04RW7,76,1,\u2014,14.63,84.51,61.29,82.16
F00000OPTX,76,1,\u2014,14.63,84.51,61.29,82.16
F0GBR04RW5,76,1,\u2014,14.63,84.51,61.29,82.16
F0GBR04RVX,55,1,\u2014,31.36,58.74,52.26,73.5
F00000OPTM,55,1,\u2014,31.36,58.74,52.26,73.5
F0GBR04RV1,55,1,\u2014,31.36,58.74,52.26,73.5
F0GBR04RYY,52,2,\u2014,281.81,60.18,49.07,72.93
F00000OPTN,52,2,\u2014,281.81,60.18,49.07,72.93
F0GBR04RYX,52,2,\u2014,281.81,60.18,49.07,72.93
F0GBR04RW2,61,2,\u2014,24.36,58.11,49.92,71.96
F00000Q8RZ,61,2,\u2014,24.36,58.11,49.92,71.96
F00000OPTU,61,2,\u2014,24.36,58.11,49.92,71.96
F0GBR04RVY,61,2,\u2014,24.36,58.11,49.92,71.96
F00000YV7N,55,1,34,\u2014,91.77,58.23,79.95
F00000YV7P,55,1,34,\u2014,91.77,58.23,79.95
F00000YV7Q,55,1,34,\u2014,91.77,58.23,79.95
F00000YV7M,55,1,34,\u2014,91.77,58.23,79.95
F0GBR04EAM,71,9,36,38.00,67.57,45.56,66.97
F0GBR06IAU,71,9,36,38.00,67.57,45.56,66.97
F000000FRV,60,31,39,177.16,78.47,68.59,88.84
F00000OPVC,60,31,39,177.16,78.47,68.59,88.84
F000000FRT,60,31,39,177.16,78.47,68.59,88.84
F0GBR04RUO,56,4,30,24.82,,52.93,77.93
F00000P8DU,56,4,30,24.82,,52.93,77.93
F00000Y4IZ,56,4,30,24.82,,52.93,77.93
F000000213,56,4,30,24.82,,52.93,77.93
F0GBR0549B,54,3,\u2014,224.87,,52.3,80.07
F00000OPUU,54,3,\u2014,224.87,,52.3,80.07
F0GBR04O7W,54,3,\u2014,224.87,,52.3,80.07
F0GBR06XPG,49,3,29,25.44,84.90,62.7,81
F00000P8DS,49,3,29,25.44,84.90,62.7,81
F0GBR04RVV,65,30,33,20.09,,50.94,80.82
F00000WRZP,65,30,33,20.09,,50.94,80.82
F00000Q8RS,65,30,33,20.09,,50.94,80.82
F00000OPTZ,65,30,33,20.09,,50.94,80.82
F0GBR04RV5,65,30,33,20.09,,50.94,80.82
F00000WRZM,43,27,40,318.23,89.65,62.32,80.88
F0GBR06XQ6,43,27,40,318.23,89.65,62.32,80.88
F00000Q8S3,43,27,40,318.23,89.65,62.32,80.88
F00000OPVE,43,27,40,318.23,89.65,62.32,80.88
F0GBR06MNV,43,27,40,318.23,89.65,62.32,80.88
F0GBR06IAX,401,213,31,-3.37,,46.4,68.19
F0GBR06IAY,401,213,31,-3.37,,46.4,68.19
F0GBR04RM3,70,36,33,113.14,64.33,44.57,65.91
F0GBR053P3,70,36,33,113.14,64.33,44.57,65.91
F000003YGM,48,31,34,38.85,58.58,52.43,73
F0000005ZF,46,31,31,127.49,85.75,46.54,72.37
F0000005Z9,46,31,31,127.49,85.75,46.54,72.37
F0GBR04NOX,48,3,44,101.43,69.35,58.15,81.56
F0GBR04Z15,48,3,44,101.43,69.35,58.15,81.56
F0GBR06HTG,48,3,44,101.43,69.35,58.15,81.56
F00000PI8Z,48,8,34,9.03,73.00,66.52,86.44
F00000P9SW,48,8,34,9.03,73.00,66.52,86.44
F0GBR06U39,82,34,28,118.20,,50.34,78.85
F00000271D,82,34,28,118.20,,50.34,78.85
F00000MBOY,41,50,42,-43.23,75.11,100,100
F00000MJU1,53,1,\u2014,\u2014,90.31,59.58,84.33
F00000MJTZ,53,1,\u2014,\u2014,90.31,59.58,84.33
F000014XX1,45,12,\u2014,59.00,72.40,59.12,75.67
F000003U77,45,12,\u2014,59.00,72.40,59.12,75.67
F0GBR04FG6,45,12,\u2014,59.00,72.40,59.12,75.67
F0GBR06KDH,45,11,\u2014,98.00,72.43,58.98,75.46
F0GBR06KDN,42,6,\u2014,\u2014,78.49,62.23,83.98
F000014XWZ,54,2,\u2014,424.00,75.09,67.6,87.34
F00000O7HQ,54,2,\u2014,424.00,75.09,67.6,87.34
F0GBR04C7X,54,2,\u2014,424.00,75.09,67.6,87.34
F000014XXB,50,4,\u2014,125.00,82.32,78.34,92.21
F00000NKOC,50,4,\u2014,125.00,82.32,78.34,92.21
F0GBR04SCW,50,4,\u2014,125.00,82.32,78.34,92.21
F000014XXD,42,7,35,150.00,78.53,62.39,84.05
F000003U7B,42,7,35,150.00,78.53,62.39,84.05
F0GBR04E9A,42,7,35,150.00,78.53,62.39,84.05
F00000UMAF,22,13,62,\u2014,,100,100
F00000UMAI,22,13,62,\u2014,,100,100
F00000Y8YN,22,13,62,\u2014,,100,100
F00000UMAO,22,13,62,\u2014,,100,100
F0GBR06HVF,53,6,34,37.35,,56.89,81.73
F00000P8DV,53,6,34,37.35,,56.89,81.73
F00000Y4J0,53,6,34,37.35,,56.89,81.73
F0GBR04RV2,53,6,34,37.35,,56.89,81.73
F00000J5DM,390,216,\u2014,\u2014,,46.12,68.16
F00000NRQ7,390,216,\u2014,\u2014,,46.12,68.16
F00000OOVI,390,216,\u2014,\u2014,,46.12,68.16
F00000J5DN,390,216,\u2014,\u2014,,46.12,68.16
F00000P6YC,390,216,\u2014,\u2014,,46.12,68.16
F00000XMNY,390,216,\u2014,\u2014,,46.12,68.16
F00000X3SE,259,178,31,\u2014,26.75,46.34,67.67
F0GBR04EAP,37,6,40,18.68,78.77,51.27,77.93
F000002XX1,48,8,34,9.03,73.00,66.52,86.44
F0GBR050DD,45,2,45,19.61,61.15,61.02,79.09
F0GBR04S31,52,2,30,28.94,95.58,62.45,78.57
F0GBR050CG,52,2,30,28.94,95.58,62.45,78.57
F0GBR04FKN,47,2,45,-7.38,70.05,57.56,80.8
0P0000VHN0,62,14,36,96.30,72.22,50.96,74.33
0P0000VHN1,62,14,36,96.30,72.22,50.96,74.33
F0000020SC,62,14,36,96.30,72.22,50.96,74.33
0P0000VHN2,62,14,36,96.30,72.22,50.96,74.33
0P0000X5CU,62,14,36,96.30,72.22,50.96,74.33
F00000XVRP,62,14,36,96.30,72.22,50.96,74.33
F0GBR04ARJ,45,37,56,30.03,80.17,100,100
0P0000RZ3H,45,37,56,30.03,80.17,100,100
F000000F9X,45,37,56,30.03,80.17,100,100
0P0000VHOE,45,37,56,30.03,80.17,100,100
F0000020MO,45,37,56,30.03,80.17,100,100
0P0000VHOG,45,37,56,30.03,80.17,100,100
F00001071O,43,5,53,\u2014,63.68,45.11,71.51
F00000ONYS,0,11,100,13.97,90.46,40.44,62.29
F0GBR06IQR,0,11,100,13.97,90.46,40.44,62.29
F00000MQUX,141,6,46,150.00,61.58,44.79,70.03
F0GBR06IQT,141,6,46,150.00,61.58,44.79,70.03
F0GBR04ELG,62,7,36,40.72,72.77,50.81,74.05
F00000J007,62,7,36,40.72,72.77,50.81,74.05
F00000T33V,62,7,36,40.72,72.77,50.81,74.05
F000010KU7,62,7,36,40.72,72.77,50.81,74.05
F0GBR04RTV,45,5,40,51.70,65.39,55.14,79.58
F00000MJPT,45,5,40,51.70,65.39,55.14,79.58
F00000VFX1,45,5,40,51.70,65.39,55.14,79.58
F00000WNYU,45,5,40,51.70,65.39,55.14,79.58
F0GBR04RTX,77,4,27,109.08,72.49,55.2,72.6
F00000HHAW,77,4,27,109.08,72.49,55.2,72.6
F00000VFW6,77,4,27,109.08,72.49,55.2,72.6
F0GBR04EM8,388,181,31,-16.28,,46.12,68.23
F0GBR04CJ2,388,181,31,-16.28,,46.12,68.23
F0GBR04DHW,73,5,29,31.75,63.14,54.32,74.86
F0GBR053M8,73,5,29,31.75,63.14,54.32,74.86
F00000Q9TV,73,5,29,31.75,63.14,54.32,74.86
F00000Q9TT,73,5,29,31.75,63.14,54.32,74.86
F00000Q9TU,73,5,29,31.75,63.14,54.32,74.86
F0GBR04SD6,61,32,34,50.13,66.58,53.93,72.48
F00000OT4O,61,32,34,50.13,66.58,53.93,72.48
F0GBR04RSL,33,5,45,79.72,68.45,55.48,79.18
F0GBR04CIN,33,5,45,79.72,68.45,55.48,79.18
F000003W7H,33,5,45,79.72,68.45,55.48,79.18
F0GBR04FIF,30,6,46,58.31,62.36,61.87,85.46
F00000OT4M,30,6,46,58.31,62.36,61.87,85.46
F0GBR06DJP,26,3,49,67.83,,64.82,85.38
F0GBR06DJQ,26,3,49,67.83,,64.82,85.38
F00000Z4EO,26,3,49,67.83,,64.82,85.38
F00000OLVY,26,3,49,67.83,,64.82,85.38
F0GBR04CJR,81,4,21,56.17,,54.31,76.64
F0GBR04CJT,81,4,21,56.17,,54.31,76.64
F0GBR04CJV,81,4,21,56.17,,54.31,76.64
F000003YAQ,78,5,24,49.00,86.43,46.49,68.18
F000002KPD,36,5,50,117.00,,56.26,75.99
F00000P77M,36,5,50,117.00,,56.26,75.99
F00000P7MS,54,3,33,143.00,,59.43,77.34
F0GBR04EAV,54,3,33,143.00,,59.43,77.34
F00000MTB9,71,3,23,\u2014,,57.75,73.79
F0GBR0659Q,78,5,24,49.00,86.43,46.49,68.18
F00000PIZX,60,11,\u2014,\u2014,,46.52,65.18
F00000PIZT,60,11,\u2014,\u2014,,46.52,65.18
F00000PJ02,58,12,\u2014,\u2014,,46.35,65.92
F00000PIZY,58,12,\u2014,\u2014,,46.35,65.92
F0GBR04RMZ,33,1,51,5.60,86.59,45.28,71.87
F0GBR06XPX,188,7,20,121.22,52.21,50.3,70.85
F00000YQCX,"2,226",221,16,\u2014,54.24,41.04,63.03
F00000V370,71,3,23,\u2014,,57.75,73.79
F00000MKL8,71,3,23,\u2014,,57.75,73.79
F000011GGB,71,3,23,\u2014,,57.75,73.79
F00000OP3E,63,11,33,24.00,,51.65,69.41
F00000P77X,63,11,33,24.00,,51.65,69.41
F0GBR04S5A,63,11,33,24.00,,51.65,69.41
F00000X08A,73,4,26,0.62,,47.05,68.31
F00000WY1P,73,4,26,0.62,,47.05,68.31
F00000WY1Q,73,4,26,0.62,,47.05,68.31
F00000WY1R,73,4,26,0.62,,47.05,68.31
F00001024G,56,2,37,\u2014,70.71,60.11,82.87
F00001024F,56,2,37,\u2014,70.71,60.11,82.87
F00000ZMH5,185,7,26,\u2014,91.28,53.46,73.79
F00000ZMH6,185,7,26,\u2014,91.28,53.46,73.79
F0GBR06P37,33,1,51,5.60,86.59,45.28,71.87
F0000108JY,33,1,51,5.60,86.59,45.28,71.87
F00000ZFZT,54,2,35,\u2014,82.60,56.69,82.69
F00000ZFZU,54,2,35,\u2014,82.60,56.69,82.69
F000002X67,188,7,20,121.22,52.21,50.3,70.85
F00000VHJH,188,7,20,121.22,52.21,50.3,70.85
F00000O0OS,188,7,20,121.22,52.21,50.3,70.85
F0GBR06XPT,92,3,28,107.13,70.24,59.1,77.23
F00000O0O2,92,3,28,107.13,70.24,59.1,77.23
F00000YQD3,"2,191",229,19,\u2014,61.45,41.92,63.54
F00000YQCN,401,214,31,\u2014,,46.13,68.12
F0000103C7,401,214,31,\u2014,,46.13,68.12
F0000103C8,401,214,31,\u2014,,46.13,68.12
F0000103C9,401,214,31,\u2014,,46.13,68.12
F000014I6G,37,5,50,\u2014,62.91,51.51,75.15
F000014I6I,37,4,50,\u2014,61.30,50.95,76.33
F000014I6M,392,208,31,\u2014,,46.13,68.11
F0GBR04APW,62,14,36,96.30,72.22,50.96,74.33
F00000PJ00,58,12,\u2014,\u2014,,46.35,65.92
F00000PIZV,60,11,\u2014,\u2014,,46.52,65.18
F00000OYVK,51,3,40,98.00,52.22,49.75,69.97
F00000O51U,51,3,40,98.00,52.22,49.75,69.97
F0GBR068AW,51,3,40,98.00,52.22,49.75,69.97
F0GBR04S23,97,9,\u2014,95.80,87.38,60.87,76.85
F00000OPY7,97,9,\u2014,95.80,87.38,60.87,76.85
F00000SGH5,56,2,\u2014,\u2014,83.34,46.69,67.42
F0GBR04CUU,43,3,\u2014,144.00,72.75,56.99,78.3
F00000QS9S,43,3,\u2014,144.00,72.75,56.99,78.3
F0000043NQ,0,12,98,45.07,,49.53,73.89
F0000043NR,0,12,98,45.07,,49.53,73.89
F00000VKYD,0,12,98,45.07,,49.53,73.89
F00000N703,47,1,35,21.48,49.22,51,68.41
F00000OBQT,47,1,35,21.48,49.22,51,68.41
F00000OBQR,47,1,35,21.48,49.22,51,68.41
F00000N705,42,2,25,70.22,67.56,56.62,79.73
F00000WZIY,42,2,25,70.22,67.56,56.62,79.73
F00000OBQV,42,2,25,70.22,67.56,56.62,79.73
F00000OBQU,42,2,25,70.22,67.56,56.62,79.73
F00000WZIZ,36,1,33,53.14,,69.72,87.95
F00000OBQX,36,1,33,53.14,,69.72,87.95
F00000OBQW,36,1,33,53.14,,69.72,87.95
F00000OBQZ,45,1,38,52.16,50.23,47.9,67.59
F00000OBQY,45,1,38,52.16,50.23,47.9,67.59
F00000OBQP,47,1,34,32.79,59.44,54.65,74.52
F00000OBQO,47,1,34,32.79,59.44,54.65,74.52
F00000ZWX7,47,8,37,\u2014,77.11,53.38,73.65
F000010DEF,47,8,37,\u2014,77.11,53.38,73.65
F00000O8FZ,75,11,28,304.66,68.98,63.2,82.08
F0GBR06KJM,75,11,28,304.66,68.98,63.2,82.08
F0GBR06THP,75,11,28,304.66,68.98,63.2,82.08
F00000JVU0,75,11,28,304.66,68.98,63.2,82.08
F00000JVTV,75,11,28,304.66,68.98,63.2,82.08
F0GBR04OC1,68,5,23,81.98,,58.3,77.77
F000003VYC,68,5,23,81.98,,58.3,77.77
F00000YQH5,68,5,23,81.98,,58.3,77.77
F00000YQH6,68,5,23,81.98,,58.3,77.77
F00000YQH7,68,5,23,81.98,,58.3,77.77
F0GBR04OCB,47,6,39,91.24,76.08,56.6,79.63
F000003VYM,47,6,39,91.24,76.08,56.6,79.63
F00000YQH8,47,6,39,91.24,76.08,56.6,79.63
F00000YQH9,47,6,39,91.24,76.08,56.6,79.63
F00000YQHA,47,6,39,91.24,76.08,56.6,79.63
F0GBR04OC5,180,17,34,28.18,27.23,49.84,70.97
F000003VYU,180,17,34,28.18,27.23,49.84,70.97
F000003VYG,180,17,34,28.18,27.23,49.84,70.97
F00000YQHD,180,17,34,28.18,27.23,49.84,70.97
F00000YQHE,180,17,34,28.18,27.23,49.84,70.97
F00000YQHF,180,17,34,28.18,27.23,49.84,70.97
F0GBR05B96,99,11,40,23.87,,51.51,71.61
F0GBR04UN1,99,11,40,23.87,,51.51,71.61
F0GBR06I25,99,11,40,23.87,,51.51,71.61
F00000YQJW,99,11,40,23.87,,51.51,71.61
F0GBR04OC3,387,200,30,23.18,,46.59,67.98
F00000OTTN,51,3,40,98.00,52.22,49.75,69.97
F000001U4X,51,3,40,98.00,52.22,49.75,69.97
F00000OYV1,41,3,39,175.00,63.73,51.04,71.91
F0GBR06JTX,41,3,39,175.00,63.73,51.04,71.91
F0GBR068AV,41,3,39,175.00,63.73,51.04,71.91
F00000YQJX,387,200,30,23.18,,46.59,67.98
F0GBR05B97,155,16,32,62.26,38.06,49.15,71.59
F0GBR04OC9,155,16,32,62.26,38.06,49.15,71.59
F0GBR06HYX,155,16,32,62.26,38.06,49.15,71.59
F000003VYO,155,16,32,62.26,38.06,49.15,71.59
F00000OTTJ,41,3,39,175.00,63.73,51.04,71.91
F000002YI4,41,3,39,175.00,63.73,51.04,71.91
F00000OYVM,33,3,47,38.00,,52.81,77.08
F0GBR06I18,33,3,47,38.00,,52.81,77.08
F0GBR068AX,33,3,47,38.00,,52.81,77.08
F00000OTTW,33,3,47,38.00,,52.81,77.08
F00000Q5MF,42,12,55,\u2014,99.19,70.44,95.91
F00000Q2JI,42,12,55,\u2014,99.19,70.44,95.91
F00000Q2JH,42,12,55,\u2014,99.19,70.44,95.91
F00000QLHW,42,12,55,\u2014,99.19,70.44,95.91
F00000QCPX,42,12,55,\u2014,99.19,70.44,95.91
F00000XIZ6,402,209,31,7.71,,46.18,68.19
F0000008TC,402,209,31,7.71,,46.18,68.19
F000002IQX,50,8,32,\u2014,75.59,50.94,72.76
F00000ZLKE,31,29,43,\u2014,,61.24,84.89
F00000PZ8X,25,1,60,7.22,,92.02,100
F00000WN52,33,1,32,\u2014,81.75,48.37,69.63
F00000WN53,33,1,32,\u2014,81.75,48.37,69.63
FOGBR05K77,441,21,27,10.55,23.67,47.45,69.8
F0GBR04V97,348,22,12,14.22,,60.92,77.29
F0GBR04V7X,215,10,41,18.09,53.55,58.95,79.92
F00000P7PQ,52,2,32,131.50,72.71,48.01,70.4
F000000ET6,52,2,32,131.50,72.71,48.01,70.4
F000003U7T,237,6,23,101.70,53.22,48.81,69.57
F0000002T2,237,6,23,101.70,53.22,48.81,69.57
F000003VCR,294,10,19,156.00,60.52,52.3,71.43
F00000M88P,59,3,\u2014,85.09,79.54,60.14,78.63
F00000M88R,59,3,\u2014,85.09,79.54,60.14,78.63
F00000OKC5,114,4,\u2014,92.70,53.72,55.8,76.92
F00000T39K,94,6,\u2014,51.58,85.25,59.59,76.04
F000001AU3,94,6,\u2014,51.58,85.25,59.59,76.04
F0GBR04S1J,406,209,\u2014,-12.90,,46.37,68.24
F00000SRPL,406,209,\u2014,-12.90,,46.37,68.24
F0GBR04G9X,192,11,\u2014,105.09,49.60,47.02,65.35
F00000QS9T,44,3,\u2014,48.80,53.81,56.81,77.19
F00000YQJY,155,16,32,62.26,38.06,49.15,71.59
F00000YQJZ,155,16,32,62.26,38.06,49.15,71.59
F00000YQK0,155,16,32,62.26,38.06,49.15,71.59
F0GBR04UML,175,13,31,17.71,,50.53,73.55
F00000VDJW,175,13,31,17.71,,50.53,73.55
F00000P0VM,42,14,45,47.48,68.89,44.36,69.49
F0GBR04DEY,77,7,25,42.02,,61.72,76.76
F000005F1I,77,7,25,42.02,,61.72,76.76
F00000SVGS,77,7,25,42.02,,61.72,76.76
F00000P0VD,77,7,25,42.02,,61.72,76.76
F00000OJM3,98,10,\u2014,\u2014,,50.74,70.21
F00000OJM4,98,10,\u2014,\u2014,,50.74,70.21
F00000P25J,98,10,\u2014,\u2014,,50.74,70.21
F00000OJM5,98,10,\u2014,\u2014,,50.74,70.21
F00000QJ55,283,77,32,\u2014,,46.73,68.17
F00000QJ56,283,77,32,\u2014,,46.73,68.17
F00000QJ57,283,77,32,\u2014,,46.73,68.17
F00000QJ59,283,77,32,\u2014,,46.73,68.17
F00000OJM6,185,75,\u2014,\u2014,,57.14,73.45
F00000OJM7,185,75,\u2014,\u2014,,57.14,73.45
F00000P25K,185,75,\u2014,\u2014,,57.14,73.45
F00000OJM8,185,75,\u2014,\u2014,,57.14,73.45
F00000JWFU,397,205,\u2014,0.00,,46.19,68.15
F00000OJS3,397,205,\u2014,0.00,,46.19,68.15
F00000UEXJ,397,205,\u2014,0.00,,46.19,68.15
F0GBR06K5N,397,205,\u2014,0.00,,46.19,68.15
F00000NOT6,397,205,\u2014,0.00,,46.19,68.15
F00000YXWR,87,9,\u2014,8.83,,52.25,72.87
F0GBR05KL3,87,9,\u2014,8.83,,52.25,72.87
F00000NU98,87,9,\u2014,8.83,,52.25,72.87
F0GBR057W2,87,9,\u2014,8.83,,52.25,72.87
F00000461J,39,2,47,41.61,77.62,56.72,75.56
F00000461H,39,2,47,41.61,77.62,56.72,75.56
F00000QK4R,39,2,47,41.61,77.62,56.72,75.56
F0GBR06KRP,57,3,40,20.20,77.67,59.78,80.78
F0GBR05RDR,57,3,40,20.20,77.67,59.78,80.78
F00000QK4W,57,3,40,20.20,77.67,59.78,80.78
F0GBR064N7,32,1,33,23.25,80.79,54.87,79.03
F0GBR064N8,32,1,33,23.25,80.79,54.87,79.03
F000014OUS,32,1,33,23.25,80.79,54.87,79.03
F00000QK4Q,32,1,33,23.25,80.79,54.87,79.03
F000002XXL,47,5,36,41.00,56.28,55.82,77.1
F0GBR06LR6,55,5,34,26.00,47.24,53.79,74.54
F0000008R6,55,5,34,26.00,47.24,53.79,74.54
F0GBR06IV3,351,195,30,15.00,4.36,46.62,68.36
F0000008UQ,351,195,30,15.00,4.36,46.62,68.36
F0GBR06IV2,351,195,30,15.00,4.36,46.62,68.36
F0GBR04NA1,66,8,30,157.00,84.39,55.02,76.55
F00000MPUP,66,8,30,157.00,84.39,55.02,76.55
F000013LAW,66,8,30,157.00,84.39,55.02,76.55
F0GBR06NY5,66,8,30,157.00,84.39,55.02,76.55
F00000THLI,73,15,26,-14.00,62.29,52.42,67.6
F000013LAX,73,15,26,-14.00,62.29,52.42,67.6
F0GBR04SB6,73,15,26,-14.00,62.29,52.42,67.6
F0GBR04DDS,108,12,22,21.00,,56.39,80.95
F00000V7B5,0,8,100,\u2014,,48.65,72.08
F00000XQDE,29,1,48,\u2014,78.58,56.66,81.24
F00000YEFI,25,2,46,\u2014,67.76,52.15,72.87
F00000OOAS,99,76,39,0.00,,51.51,71.54
F0GBR04CPU,99,76,39,0.00,,51.51,71.54
F000013LB4,108,12,22,21.00,,56.39,80.95
F0GBR04SA6,108,12,22,21.00,,56.39,80.95
F0GBR04S4U,91,8,28,61.70,,61.19,83.61
F00000OZX9,91,8,28,61.70,,61.19,83.61
F00000OYE4,91,8,28,61.70,,61.19,83.61
F00000OOAW,180,126,13,49.73,,58.92,75.15
F0GBR04CPY,180,126,13,49.73,,58.92,75.15
F00000OOAU,378,248,31,0.00,,46.59,68.06
F0GBR04CPQ,378,248,31,0.00,,46.59,68.06
F00000OWP8,42,39,44,59.22,,45,69.39
F0GBR04CO3,42,39,44,59.22,,45,69.39
F00000OWPC,43,60,41,89.19,,46.51,70.7
F0GBR04COB,43,60,41,89.19,,46.51,70.7
F0GBR06SUW,43,60,41,89.19,,46.51,70.7
F00000MA8K,0,15,92,\u2014,,47.48,70.29
F00000MA8M,0,15,92,\u2014,,47.48,70.29
F00000PT2X,0,15,92,\u2014,,47.48,70.29
F00000XUJI,0,15,92,\u2014,,47.48,70.29
F000010P2T,37,6,47,\u2014,68.20,43.71,67.99
F0GBR04P5V,43,4,41,25.12,72.25,47.21,70.39
F000005F14,43,4,41,25.12,72.25,47.21,70.39
F00000SVFV,43,4,41,25.12,72.25,47.21,70.39
F00000P0VI,43,4,41,25.12,72.25,47.21,70.39
F0GBR04P5W,42,5,38,53.10,72.22,57.27,73.17
F00000SVD5,42,5,38,53.10,72.22,57.27,73.17
F00000P0VF,42,5,38,53.10,72.22,57.27,73.17
F0GBR06IWJ,162,8,33,50.53,22.51,47.46,68.17
F00000XAQM,162,8,33,50.53,22.51,47.46,68.17
F00000XAQO,162,8,33,50.53,22.51,47.46,68.17
F0000020ID,52,27,41,30.21,70.22,40.86,64.5
F0GBR04RX5,52,27,41,30.21,70.22,40.86,64.5
F00000SVE1,52,27,41,30.21,70.22,40.86,64.5
F00000P0VG,52,27,41,30.21,70.22,40.86,64.5
F0GBR04RX6,57,21,\u2014,18.30,70.92,41.99,63.7
F0000020IB,57,21,\u2014,18.30,70.92,41.99,63.7
F00000SVFX,57,21,\u2014,18.30,70.92,41.99,63.7
F00000P0VO,57,21,\u2014,18.30,70.92,41.99,63.7
F0GBR04DEW,42,14,45,47.48,68.89,44.36,69.49
F0000023ND,42,14,45,47.48,68.89,44.36,69.49
F00000SVGQ,42,14,45,47.48,68.89,44.36,69.49
F0GBR06IE5,91,8,28,61.70,,61.19,83.61
F0GBR04NSQ,4,66,40,9.99,100.00,48.63,71.2
F00000OZZZ,4,66,40,9.99,100.00,48.63,71.2
F00000OV0F,4,66,40,9.99,100.00,48.63,71.2
F00000VFT7,4,66,40,9.99,100.00,48.63,71.2
F00000QQT8,32,0,43,4.41,69.38,57.33,76.36
F00000QQT9,32,0,43,4.41,69.38,57.33,76.36
F00000QQTA,32,0,43,4.41,69.38,57.33,76.36
F00000QQTG,32,0,43,4.41,69.38,57.33,76.36
F00000QQTH,32,0,43,4.41,69.38,57.33,76.36
F00000QQTJ,32,0,43,4.41,69.38,57.33,76.36
F00000QQTK,32,0,43,4.41,69.38,57.33,76.36
F000010FGD,32,0,44,\u2014,69.52,57.46,76.08
F000010FGB,32,0,44,\u2014,69.52,57.46,76.08
F000010FGF,32,0,44,\u2014,69.52,57.46,76.08
F000010FGH,32,0,44,\u2014,69.52,57.46,76.08
F0000155BA,33,4,46,188.53,73.38,50.43,76.99
F00000W0W3,33,4,46,188.53,73.38,50.43,76.99
F00000MWKP,33,4,46,188.53,73.38,50.43,76.99
F00000O7XW,35,4,51,51.70,,72.97,91.24
F0GBR04KD7,35,4,51,51.70,,72.97,91.24
F000003WU9,35,4,51,51.70,,72.97,91.24
F00000T1N5,35,4,51,51.70,,72.97,91.24
F00000SJSG,35,4,51,51.70,,72.97,91.24
F00000MKD7,76,4,29,112.00,,57.18,81.22
F0GBR04FHH,76,4,29,112.00,,57.18,81.22
F000003WUA,76,4,29,112.00,,57.18,81.22
F00000T1N9,76,4,29,112.00,,57.18,81.22
F00000SJSI,76,4,29,112.00,,57.18,81.22
F000002YCC,44,6,43,66.44,82.26,56.17,79.44
F0000155BD,44,6,43,66.44,82.26,56.17,79.44
F0000106XT,44,6,43,66.44,82.26,56.17,79.44
F00000Q7VA,28,2,49,\u2014,98.78,54.32,73.77
F00000Q7V8,28,2,49,\u2014,98.78,54.32,73.77
F00000Q7V7,28,2,49,\u2014,98.78,54.32,73.77
F0GBR05YZP,99,2,\u2014,160.22,87.57,50.34,70.96
F0GBR06I4M,71,12,\u2014,84.55,54.61,46.39,67.01
F0GBR04DT9,71,12,\u2014,84.55,54.61,46.39,67.01
F0000023NA,32,2,\u2014,246.07,64.86,58.73,77.55
F000001X0T,32,2,\u2014,246.07,64.86,58.73,77.55
F00000OUIO,32,2,\u2014,246.07,64.86,58.73,77.55
F00000VYWV,32,2,\u2014,246.07,64.86,58.73,77.55
F0GBR0521O,404,212,31,3.91,,46.17,68.16
F00000THCU,404,212,31,3.91,,46.17,68.16
F0GBR06LHF,404,212,31,3.91,,46.17,68.16
F00000OUU0,404,212,31,3.91,,46.17,68.16
F00000ZO5M,24,4,41,105.09,,66.86,87.05
F00000OKGN,24,4,41,105.09,,66.86,87.05
F000001W50,24,4,41,105.09,,66.86,87.05
F0GBR05PUD,24,4,41,105.09,,66.86,87.05
F00000QTM7,98,6,38,-7.55,,50.8,70.26
F00000OZTW,98,6,38,-7.55,,50.8,70.26
F0GBR06I71,98,6,38,-7.55,,50.8,70.26
F0GBR0602H,98,6,38,-7.55,,50.8,70.26
F0GBR04RQ2,281,72,32,5.00,,46.78,68.29
F0GBR04D9J,69,10,33,155.25,60.13,55.19,74.82
F000000OD2,69,10,33,155.25,60.13,55.19,74.82
F00000OYYE,69,10,33,155.25,60.13,55.19,74.82
F00000LYF6,146,16,32,24.21,20.36,45.74,69.92
F00000ZW9X,146,16,32,24.21,20.36,45.74,69.92
F0000102YE,45,2,31,\u2014,,56.85,75.88
F00000MAI0,45,2,31,\u2014,,56.85,75.88
F00000MAHY,45,2,31,\u2014,,56.85,75.88
F00000MA49,45,2,31,\u2014,,56.85,75.88
F00000QTM9,403,214,31,-2.32,,46.13,68.14
F000002KDL,125,13,28,222.53,51.95,55.28,79.01
F00000P00B,125,13,28,222.53,51.95,55.28,79.01
F00000OS9Z,125,13,28,222.53,51.95,55.28,79.01
F00000WF7I,73,17,35,\u2014,55.30,51.43,71.6
F00000WF7E,73,17,35,\u2014,55.30,51.43,71.6
F00000WB5V,98,13,34,46.40,45.85,49.3,71.88
F00000WB5X,98,13,34,46.40,45.85,49.3,71.88
F00000WF4U,98,13,34,46.40,45.85,49.3,71.88
F0GBR04S54,117,13,29,103.93,52.40,59.24,79.11
F00000Q4AV,117,13,29,103.93,52.40,59.24,79.11
F00000OQRH,117,13,29,103.93,52.40,59.24,79.11
F000000PXG,117,13,29,103.93,52.40,59.24,79.11
F00000ZX12,39,21,34,0.00,99.17,60.62,86.14
F00000Y61R,39,21,34,0.00,99.17,60.62,86.14
F00000V18M,39,21,34,0.00,99.17,60.62,86.14
F00000ONVN,39,21,34,0.00,99.17,60.62,86.14
F0000040Q9,39,21,34,0.00,99.17,60.62,86.14
F0000040QB,39,21,34,0.00,99.17,60.62,86.14
F0000108X4,38,12,34,19.64,99.17,61.66,86.95
F0000150T8,38,12,34,19.64,99.17,61.66,86.95
F0000108X2,38,12,34,19.64,99.17,61.66,86.95
F0000108X6,38,12,34,19.64,99.17,61.66,86.95
F0000150TA,47,2,34,33.74,66.21,44.29,63.92
F000010G0B,47,2,34,33.74,66.21,44.29,63.92
F00000MWK3,47,2,34,33.74,66.21,44.29,63.92
F00000MWK7,37,7,47,42.07,80.97,61.97,81.03
F0000151EF,37,7,47,42.07,80.97,61.97,81.03
F0000109A5,37,7,47,42.07,80.97,61.97,81.03
F00000VT9Y,37,7,47,42.07,80.97,61.97,81.03
F00000OSWI,41,5,38,-13.54,71.91,50.44,72.13
F0000150TZ,41,5,38,-13.54,71.91,50.44,72.13
F0GBR04C3X,41,5,38,-13.54,71.91,50.44,72.13
F00000QQTC,32,0,43,4.41,69.38,57.33,76.36
F00000QQTE,32,0,43,4.41,69.38,57.33,76.36
F00000QQTD,32,0,43,4.41,69.38,57.33,76.36
F00000OZTY,403,214,31,-2.32,,46.13,68.14
F0000102YI,403,214,31,-2.32,,46.13,68.14
F0GBR06HX1,403,214,31,-2.32,,46.13,68.14
F0GBR04C2Y,403,214,31,-2.32,,46.13,68.14
F00000U46L,179,8,13,\u2014,,60.19,75.38
F00000U3Y2,47,1,37,\u2014,63.36,56.42,75.79
F0GBR04GTH,32,2,31,45.30,64.49,59.02,78.13
F00000P5TW,0,19,99,274.13,,49.39,72.01
F0GBR04MZL,0,19,99,274.13,,49.39,72.01
F00000SK3U,0,19,99,274.13,,49.39,72.01
F0GBR06HWQ,45,7,\u2014,48.85,86.64,63.53,87.23
F00000P7AC,39,7,\u2014,59.71,90.57,72.96,91.59
F0GBR04S8U,72,13,38,75.01,67.05,50.68,70.02
F00000OO5L,72,13,38,75.01,67.05,50.68,70.02
F00000OO5M,72,13,38,75.01,67.05,50.68,70.02
F0GBR04JJG,72,13,38,75.01,67.05,50.68,70.02
F0GBR04GHM,84,35,32,14.89,68.37,49.85,69.51
F0GBR04S95,77,4,41,13.64,78.12,50.62,71.94
F000005JRK,77,4,41,13.64,78.12,50.62,71.94
F000013D2J,77,4,41,13.64,78.12,50.62,71.94
F00000OO8B,77,4,41,13.64,78.12,50.62,71.94
F0GBR04JI4,77,4,41,13.64,78.12,50.62,71.94
F0GBR04S97,73,5,24,22.68,,62.92,79.55
F00000OO8F,73,5,24,22.68,,62.92,79.55
F0GBR04JO9,73,5,24,22.68,,62.92,79.55
F0GBR04S98,43,6,32,46.24,77.56,60.25,87.63
F00000OO8L,43,6,32,46.24,77.56,60.25,87.63
F0GBR04JLW,43,6,32,46.24,77.56,60.25,87.63
F00000VEBL,75,3,35,\u2014,,51.4,74.89
F00000TULL,75,3,35,\u2014,,51.4,74.89
F00000XY8K,75,3,35,\u2014,,51.4,74.89
F00000VT25,31,2,45,\u2014,,50.98,73.25
F0GBR06M5A,70,7,29,324.81,64.98,58.03,80.25
F0GBR04S8K,70,7,29,324.81,64.98,58.03,80.25
F00000QU2P,64,5,32,\u2014,68.21,59.89,85.32
F0GBR050JO,99,31,39,6.00,,51.53,71.59
F00000NMF9,113,8,29,\u2014,88.64,53.2,69.49
F00000PBFB,113,8,29,\u2014,88.64,53.2,69.49
F00000O7XO,45,1,37,95.00,67.24,48.45,68.98
F0GBR04E51,45,1,37,95.00,67.24,48.45,68.98
F00000O7XM,45,1,37,95.00,67.24,48.45,68.98
F00000T1N4,45,1,37,95.00,67.24,48.45,68.98
F00000SJSU,45,1,37,95.00,67.24,48.45,68.98
F0GBR04FI9,49,1,30,80.66,,44.97,71.26
F0GBR04CHR,81,2,25,115.04,,47.93,69.99
F0GBR04CHN,81,2,25,115.04,,47.93,69.99
F00000PBF9,81,2,25,115.04,,47.93,69.99
F0GBR04KO2,51,3,35,1.00,66.53,50.86,72.09
F0GBR05ZTJ,51,3,35,1.00,66.53,50.86,72.09
F00000U46N,179,8,13,\u2014,,60.19,75.38
F0GBR04DTS,33,5,33,115.23,,61.64,81.24
F00000OUU2,33,5,33,115.23,,61.64,81.24
F000002JUH,33,5,33,115.23,,61.64,81.24
F0000102YG,64,3,27,48.00,,56.18,79.46
F00000VD65,51,3,35,1.00,66.53,50.86,72.09
F0GBR059QG,51,3,35,1.00,66.53,50.86,72.09
F00000QBOD,51,3,35,1.00,66.53,50.86,72.09
F00000V33Z,51,3,35,1.00,66.53,50.86,72.09
F00000M0TW,51,3,35,1.00,66.53,50.86,72.09
F00000OWFK,32,2,31,45.30,64.49,59.02,78.13
F0GBR04S9M,368,169,31,-4.51,,46.19,68.05
F00000MJ6K,113,8,29,\u2014,88.64,53.2,69.49
F0GBR053N0,45,7,\u2014,48.85,86.64,63.53,87.23
F00000OO8D,73,5,24,22.68,,62.92,79.55
F00000OO8N,43,6,32,46.24,77.56,60.25,87.63
F00000OKH9,64,3,27,48.00,,56.18,79.46
F00000OKFC,64,3,27,48.00,,56.18,79.46
F0GBR05PUB,64,3,27,48.00,,56.18,79.46
F00000ZO5K,50,3,33,100.76,,60.59,79.12
F00000OKHB,50,3,33,100.76,,60.59,79.12
F0000027AJ,50,3,33,100.76,,60.59,79.12
F0000027AE,50,3,33,100.76,,60.59,79.12
F00000PLVV,68,11,30,66.98,72.05,54.19,74.66
F0GBR04H8N,45,9,43,60.67,,44.13,67.67
F00000XHLB,33,2,\u2014,\u2014,,51.79,70.19
F00000XHLL,33,2,\u2014,\u2014,,51.79,70.19
F00000XHLN,33,2,\u2014,\u2014,,51.79,70.19
F00000XHLP,33,2,\u2014,\u2014,,51.79,70.19
F00000QKW2,69,4,\u2014,\u2014,40.85,45.9,66.3
F00000QKW4,69,4,\u2014,\u2014,40.85,45.9,66.3
F00000QKW6,69,4,\u2014,\u2014,40.85,45.9,66.3
F00000OB1F,55,3,39,\u2014,44.83,50.03,70.44
F00000OB1H,55,3,39,\u2014,44.83,50.03,70.44
F00000OB2H,55,3,39,\u2014,44.83,50.03,70.44
F000003W5M,26,4,78,0.00,86.11,80.24,97.24
F00000SS5D,26,4,78,0.00,86.11,80.24,97.24
F0GBR053Y9,143,2,30,79.00,,51.21,74.61
F00000OUPM,143,2,30,79.00,,51.21,74.61
F0GBR06KKK,43,2,45,\u2014,,51.93,74.52
F00000OUPO,43,2,45,\u2014,,51.93,74.52
F00000OUPQ,31,2,45,\u2014,,51.46,73.66
F00000U3N9,25,1,60,\u2014,,85.95,98.12
F0000100NM,25,1,60,\u2014,,85.95,98.12
F00000YF5K,32,1,43,\u2014,,70.29,90.01
F00000YF5L,32,1,43,\u2014,,70.29,90.01
F00000YF5M,32,1,43,\u2014,,70.29,90.01
F00000P2FS,59,1,\u2014,\u2014,73.99,49.08,71.62
F00000P2FT,59,1,\u2014,\u2014,73.99,49.08,71.62
F00000P2FU,59,1,\u2014,\u2014,73.99,49.08,71.62
F00000V321,59,1,\u2014,\u2014,73.99,49.08,71.62
F00000V340,51,3,35,1.00,66.53,50.86,72.09
F000010646,32,5,43,\u2014,64.93,58.71,77.74
F000010645,32,5,43,\u2014,64.93,58.71,77.74
F00000ZIAF,146,8,32,\u2014,18.93,46.06,69.72
F00000ZIAE,146,8,32,\u2014,18.93,46.06,69.72
F00000Q5I5,33,14,\u2014,19.46,97.53,59.54,84.27
F0000003OY,33,14,\u2014,19.46,97.53,59.54,84.27
F0000023DN,33,14,\u2014,19.46,97.53,59.54,84.27
F00000WYQ6,45,28,\u2014,\u2014,81.14,53.16,77.32
F00000ZSIC,48,3,\u2014,\u2014,69.12,44.85,62.91
F00000NGBP,98,6,38,\u2014,,50.75,70.23
F0GBR04C33,98,6,38,\u2014,,50.75,70.23
F00000NDUO,27,1,\u2014,\u2014,,57.65,76.83
F00000NDUQ,27,1,\u2014,\u2014,,57.65,76.83
F00000NDUS,27,1,\u2014,\u2014,,57.65,76.83
F00000OEPS,27,1,\u2014,\u2014,,57.65,76.83
F00000Y64S,69,2,20,\u2014,,58.57,86.03
F00000ZSJQ,69,2,20,\u2014,,58.57,86.03
F00000Y64U,69,2,20,\u2014,,58.57,86.03
F00000VAJU,43,0,39,91.15,,57.59,75.58
F000015ID4,43,0,39,137.67,,57.57,75.61
F00000VAJV,43,0,39,137.67,,57.57,75.61
F000002K4L,44,102,39,163.40,63.32,56.98,74.95
F00000PNGB,73,0,\u2014,\u2014,,59.67,80.52
F00000PNGD,73,0,\u2014,\u2014,,59.67,80.52
F0GBR06NJY,35,17,51,276.86,96.18,72.36,91.44
F0GBR054FA,46,13,31,28.65,61.70,48.92,68.89
F000010FG9,51,17,34,\u2014,56.16,47.51,69.92
F00000PQ7Q,60,22,\u2014,\u2014,72.71,51.42,74.68
F00000SJTP,60,22,\u2014,\u2014,72.71,51.42,74.68
F000010FG8,45,15,37,\u2014,67.35,48.51,69.13
F0GBR054F9,400,236,30,7.32,1.26,46.18,68.18
F00000SJTF,45,56,\u2014,\u2014,72.35,58.55,75.1
F00000SJYC,41,27,\u2014,\u2014,63.75,50.97,71.67
F00000PSR4,43,17,\u2014,\u2014,78.66,62.7,84.19
F00000SJTH,43,17,\u2014,\u2014,78.66,62.7,84.19
F00000NQA0,41,77,34,33.59,67.57,48.34,67.25
F00000SFYK,41,77,34,33.59,67.57,48.34,67.25
F0GBR05YU2,41,77,34,33.59,67.57,48.34,67.25
F00000NQA2,63,62,23,39.35,89.66,50.28,70.27
F000005GE0,63,62,23,39.35,89.66,50.28,70.27
F00000GVNO,283,127,32,0.00,,46.69,68.23
F00000X14V,0,90,\u2014,\u2014,,43.88,63.93
F0000108A6,0,90,\u2014,\u2014,,43.88,63.93
F000010AB6,40,72,39,99.19,70.56,45.25,66.02
F00000PGEJ,40,72,39,99.19,70.56,45.25,66.02
F000010AB8,40,72,39,99.19,70.56,45.25,66.02
F00000GVNQ,404,262,31,0.00,,46.05,68.17
F00000H6L3,53,44,31,96.00,66.19,44.67,68.35
F00000OTEI,53,44,31,96.00,66.19,44.67,68.35
F00000LJRH,71,37,33,9.00,35.45,45.07,67.72
F00000PW2A,49,53,35,5.00,68.58,44.66,62.79
F0GBR05ZMI,211,42,40,5.36,,50.51,71.37
F000005OT2,55,29,26,43.00,,54.56,76.73
F00000ZIAH,157,5,17,\u2014,,55.2,75.66
F00000ZIAG,157,5,17,\u2014,,55.2,75.66
F00000IRPR,63,3,22,8.61,78.43,51.68,70.46
F0000003BI,31,4,40,42.68,68.83,46.02,69.35
F00000P9GM,31,4,40,42.68,68.83,46.02,69.35
F00000VCVG,55,29,26,43.00,,54.56,76.73
F00000IR5H,36,24,42,46.00,78.99,65.2,88.36
F0GBR058S1,191,9,20,92.00,54.54,49.69,71.13
F0GBR05XH7,191,9,20,92.00,54.54,49.69,71.13
F0GBR0538S,191,9,20,92.00,54.54,49.69,71.13
F00000WEPE ,35,9,52,26.00,74.77,62.77,80.54
F00000SK17 ,400,236,30,7.32,1.26,46.18,68.18
F000002DGO,34,23,39,17.42,97.26,42.39,63.51
F000003W55,92,3,20,49.42,96.45,60.83,76.9
F000003W54,92,3,20,49.42,96.45,60.83,76.9
F00001035L,245,6,22,\u2014,55.97,52.27,76.42
F00000P0JS,28,1,\u2014,149.87,,74.64,92.74
F00000ZOBC,28,1,\u2014,149.87,,74.64,92.74
F00000P32K,28,1,\u2014,149.87,,74.64,92.74
F00000UP39,40,6,45,\u2014,72.53,58.69,76.91
F00000Y7LH,39,1,49,\u2014,62.24,49.14,71.22
F0000102K3,39,1,49,\u2014,62.24,49.14,71.22
F000000LLW,46,9,32,-14.52,,49.09,69.15
F00000VAEP,46,9,32,-14.52,,49.09,69.15
F00000MLW3,46,9,32,-14.52,,49.09,69.15
F0GBR04RP4,46,9,30,92.00,,49.88,69.39
F00000OCZS,46,9,30,92.00,,49.88,69.39
F00000T2LI,46,9,30,92.00,,49.88,69.39
F00000ZNUH,46,9,30,92.00,,49.88,69.39
F00000PBNN,46,9,30,92.00,,49.88,69.39
F000000FES,46,9,30,92.00,,49.88,69.39
F00000VEYN,35,9,52,26.00,74.77,62.77,80.54
F00000VEYO,35,9,52,26.00,74.77,62.77,80.54
F00000VDTF,35,9,52,26.00,74.77,62.77,80.54
F000010QFY,35,9,52,26.00,74.77,62.77,80.54
F0GBR04RO4,48,10,37,25.00,,75.3,90.07
F0GBR066C7,48,10,37,25.00,,75.3,90.07
F00000QJP1,48,10,37,25.00,,75.3,90.07
F00000PBNQ,48,10,37,25.00,,75.3,90.07
F000000IN6,48,10,37,25.00,,75.3,90.07
F000010CFW,34,1,43,\u2014,81.12,56.49,76.3
F00000MJSA,42,16,55,29.29,99.21,51.48,76.02
F00000LWU4,42,16,55,29.29,99.21,51.48,76.02
F000000LRY,42,16,55,29.29,99.21,51.48,76.02
F000000LRX,42,16,55,29.29,99.21,51.48,76.02
F00000LY20,42,16,55,29.29,99.21,51.48,76.02
F0GBR05XH8,191,9,20,92.00,54.54,49.69,71.13
F00000XGRR,191,9,20,92.00,54.54,49.69,71.13
F0GBR05XH5,191,9,20,92.00,54.54,49.69,71.13
F00000LKZF,191,9,20,92.00,54.54,49.69,71.13
F00000JWLJ,177,19,\u2014,25.00,81.88,53.39,79.63
F00000O1U8,0,8,98,104.49,,49.5,70.75
F00000ZYG5,0,8,98,104.49,,49.5,70.75
F00000SVX3,37,8,40,\u2014,,54.07,75.78
F0GBR050GL,44,6,\u2014,15.34,61.68,47.46,69.84
F0GBR05PYU,45,5,\u2014,3.33,78.24,52.44,76.48
F00000QLNH,45,5,\u2014,3.33,78.24,52.44,76.48
F00000MQQS,45,5,\u2014,3.33,78.24,52.44,76.48
F0GBR06KYB,33,4,\u2014,66.96,74.32,59.8,78.45
F000010CMK,33,4,\u2014,66.96,74.32,59.8,78.45
F000010CML,33,4,\u2014,66.96,74.32,59.8,78.45
F0GBR04LHK,45,7,\u2014,8.51,76.64,49.07,69.95
F0GBR04LHG,45,7,\u2014,8.51,76.64,49.07,69.95
F00000PTAQ,47,3,\u2014,50.30,70.52,46.92,69.23
F00000QH4R,47,3,\u2014,50.30,70.52,46.92,69.23
F00000TIYN,47,3,\u2014,50.30,70.52,46.92,69.23
F00000O629,47,3,\u2014,50.30,70.52,46.92,69.23
F00000ZYFX,47,3,\u2014,50.30,70.52,46.92,69.23
F0GBR04MNH,35,4,\u2014,25.91,76.16,51.23,74.87
F00000QLNB,35,4,\u2014,25.91,76.16,51.23,74.87
F0GBR04RXW,35,4,\u2014,46.53,76.09,51.67,75
F00000OK2B,35,4,\u2014,46.53,76.09,51.67,75
F0GBR04S19,60,3,\u2014,34.09,,75.25,85.26
F00000QLN9,60,3,\u2014,34.09,,75.25,85.26
F0GBR04E5D,35,3,\u2014,105.01,76.14,51.88,75.08
F0GBR04M3Y,35,3,\u2014,105.01,76.14,51.88,75.08
F0GBR05A4S,35,3,\u2014,105.01,76.14,51.88,75.08
F0GBR06LYY,149,15,21,138.97,53.42,47.71,72.9
F0GBR06N2I,162,22,20,48.44,52.16,48.95,70.63
F0GBR06MOS,131,24,26,102.63,55.82,48.56,67.99
F0GBR06XRM,131,24,26,102.63,55.82,48.56,67.99
F0GBR06XRN,131,24,26,102.63,55.82,48.56,67.99
F0GBR04MY3,43,15,38,38.40,98.57,55.79,75.06
F00000PZHP,43,15,38,38.40,98.57,55.79,75.06
F00000YQMD,43,15,38,38.40,98.57,55.79,75.06
F0GBR04S4I,42,14,36,15.93,74.78,47.88,70.81
F0GBR06OMD,42,14,36,15.93,74.78,47.88,70.81
F00000PZHQ,42,14,36,15.93,74.78,47.88,70.81
F00000YQME,42,14,36,15.93,74.78,47.88,70.81
F0GBR04IBK,173,15,31,44.47,,48.97,70.82
F00000YQNH,173,15,31,44.47,,48.97,70.82
F0GBR04MY7,148,17,31,30.12,,48.16,70.72
F0GBR05AAU,148,17,31,30.12,,48.16,70.72
F00000YQNJ,148,17,31,30.12,,48.16,70.72
F0GBR06M63,33,4,49,97.62,76.16,52.14,76.03
F00000TPCR,177,19,\u2014,25.00,81.88,53.39,79.63
F000000GR3,27,4,52,70.60,72.46,63.48,81.31
F00000LWQR,27,4,52,70.60,72.46,63.48,81.31
F00000Q8Q2,27,4,52,70.60,72.46,63.48,81.31
F00000W6D8,65,5,37,\u2014,74.24,50.62,72.03
F0GBR06M62,33,4,49,97.62,76.16,52.14,76.03
F0GBR04S2M,33,4,49,97.62,76.16,52.14,76.03
F00000YQNK,33,4,49,97.62,76.16,52.14,76.03
F0GBR04S2V,73,5,22,49.29,,58.84,77.81
F0GBR051NU,73,5,22,49.29,,58.84,77.81
F00000MEXO,169,48,\u2014,21.77,72.27,54.22,75.65
F00000Y0PH,35,101,\u2014,-34.58,76.12,51.87,75.12
F0GBR06KYC,33,4,\u2014,66.96,74.32,59.8,78.45
F0GBR059Y0,45,7,\u2014,8.51,76.64,49.07,69.95
F00000MEXQ,35,4,\u2014,25.91,76.16,51.23,74.87
F00000MQQW,35,4,\u2014,46.53,76.09,51.67,75
F00000NBKE,60,3,\u2014,34.09,,75.25,85.26
F0GBR06XR2,149,15,21,138.97,53.42,47.71,72.9
F00000W6D7,55,5,37,\u2014,74.21,49.45,72.38
F0GBR06L2G,375,118,27,44.35,55.13,48.05,72.44
F0GBR04E06,62,2,38,\u2014,80.10,51.62,78.4
F000000FW2,59,23,\u2014,51.16,,53.12,75.57
F00000QLNR,59,23,\u2014,51.16,,53.12,75.57
F00000NBKA,59,23,\u2014,51.16,,53.12,75.57
F0GBR04RWU,37,26,\u2014,13.96,72.30,54.38,75.69
F00000QLNL,37,26,\u2014,13.96,72.30,54.38,75.69
F00000MEXM,37,26,\u2014,13.96,72.30,54.38,75.69
F0000003ID,169,48,\u2014,21.77,72.27,54.22,75.65
F00000QLNJ,169,48,\u2014,21.77,72.27,54.22,75.65
F000000L24,350,401,\u2014,-6.50,,52.79,75.6
F000000GXH,350,401,\u2014,-6.50,,52.79,75.6
F000000GXS,350,401,\u2014,-6.50,,52.79,75.6
F000000GXQ,350,401,\u2014,-6.50,,52.79,75.6
F000000GXR,350,401,\u2014,-6.50,,52.79,75.6
F0GBR06KPV,58,177,\u2014,-87.59,,53.18,76.03
F0GBR061M6,58,177,\u2014,-87.59,,53.18,76.03
F0GBR06KPT,58,177,\u2014,-87.59,,53.18,76.03
F0GBR061OA,58,177,\u2014,-87.59,,53.18,76.03
F0GBR06IIV,58,177,\u2014,-87.59,,53.18,76.03
F0GBR061LT,58,177,\u2014,-87.59,,53.18,76.03
F0GBR06KPU,58,177,\u2014,-87.59,,53.18,76.03
F0GBR061O7,58,177,\u2014,-87.59,,53.18,76.03
F0GBR06KK8,58,177,\u2014,-87.59,,53.18,76.03
F0GBR061O9,58,177,\u2014,-87.59,,53.18,76.03
F00000QKY3,58,177,\u2014,-87.59,,53.18,76.03
F0GBR04AFJ,35,101,\u2014,-34.58,76.12,51.87,75.12
F0GBR04F0R,35,101,\u2014,-34.58,76.12,51.87,75.12
F0GBR04AFK,35,101,\u2014,-34.58,76.12,51.87,75.12
F0GBR04AFL,35,101,\u2014,-34.58,76.12,51.87,75.12
F00000QNUP,35,101,\u2014,-34.58,76.12,51.87,75.12
F0GBR0574L,0,8,98,104.49,,49.5,70.75
F0GBR06P16,73,5,22,49.29,,58.84,77.81
F00000YQNL,73,5,22,49.29,,58.84,77.81
F0GBR04S2U,100,11,38,0.49,,50.9,70.33
F0GBR06O4X,100,11,38,0.49,,50.9,70.33
F00000PZHR,100,11,38,0.49,,50.9,70.33
F00000XSB7,42,6,46,\u2014,76.00,60.13,81.31
F00000XSBG,42,6,46,\u2014,76.00,60.13,81.31
F00000XSB3,42,6,46,\u2014,76.00,60.13,81.31
F00000XSBB,42,6,46,\u2014,76.00,60.13,81.31
F00000WHAF,54,5,38,\u2014,71.62,,
F00000X5VF,42,8,47,154.00,75.92,59.36,79.99
F000003THQ,42,8,47,154.00,75.92,59.36,79.99
F00000OU93,42,8,47,154.00,75.92,59.36,79.99
F00000XWYS,44,5,37,89.00,72.38,57.88,81.55
F0GBR06XGA,40,6,42,91.00,67.14,54.51,78.09
F0GBR06XG9,40,6,42,91.00,67.14,54.51,78.09
F00000MF1W,53,7,37,163.00,59.78,51.31,77.3
F00000UF1Z,53,7,37,163.00,59.78,51.31,77.3
0P000148YE,53,7,37,163.00,59.78,51.31,77.3
F00000OU96,53,7,37,163.00,59.78,51.31,77.3
F00000Z1T9,39,6,45,93.00,77.05,61.26,82.58
F0GBR059RK,133,5,30,1.00,53.49,51.77,72.51
F0GBR04GPJ,133,5,30,1.00,53.49,51.77,72.51
F0GBR06P0W,58,4,28,53.00,,59.47,80.13
F0GBR04HKP,58,4,28,53.00,,59.47,80.13
F00000OU9I,58,4,28,53.00,,59.47,80.13
F000014MAT,33,6,45,231.00,62.81,53.47,76.37
F00000MDB1,26,5,50,8.52,76.07,58.49,76.88
F00000MDAZ,26,5,50,8.52,76.07,58.49,76.88
F00000TQLQ,0,25,\u2014,\u2014,,44.08,65.28
F00000TQLS,0,25,\u2014,\u2014,,44.08,65.28
F00000TQMF,33,2,\u2014,\u2014,68.69,67.05,79.83
F00000TQMJ,33,2,\u2014,\u2014,68.69,67.05,79.83
F00000WQ4L,44,7,38,\u2014,,55.1,80.16
F00000WQ4H,44,7,38,\u2014,,55.1,80.16
F00000SJ7Y,36,4,46,\u2014,,58.2,80.56
F00000ZTV3,36,4,46,15.65,,58.2,80.56
F0GBR06OGV,36,4,46,15.65,,58.2,80.56
F0GBR06OGU,36,4,46,15.65,,58.2,80.56
F0GBR06OGX,36,4,46,15.65,,58.2,80.56
F00000OIGU,41,8,48,461.78,58.47,55.59,76.86
F000014PU7,33,3,\u2014,\u2014,98.68,67.96,81.77
F00000WK2T,33,3,\u2014,\u2014,98.68,67.96,81.77
F00000Q6JT,36,3,42,41.80,98.58,69.03,81.61
F00000Q6JU,36,3,42,41.80,98.58,69.03,81.61
F00000SZGU,36,3,42,41.80,98.58,69.03,81.61
F00000XXVT,99,4,39,\u2014,,50.73,70.2
F00000LWVH,401,193,31,\u2014,,46.19,68.13
F00000UDZ7,401,193,31,\u2014,,46.19,68.13
F000003YD1,75,2,47,26.00,,62.01,80.68
F00000XUIV,18,2,55,\u2014,,60.57,82.33
F00000XUIW,18,2,55,\u2014,,60.57,82.33
F00000YLXY,18,2,55,\u2014,,60.57,82.33
F00000YQNM,100,11,38,0.49,,50.9,70.33
F0GBR06FXV,310,8,20,88.00,47.46,47.88,71.7
F0GBR06FXX,310,8,20,88.00,47.46,47.88,71.7
F0GBR06FY2,310,8,20,88.00,47.46,47.88,71.7
F0GBR06FY0,310,8,20,88.00,47.46,47.88,71.7
F00000YLXW,18,2,55,\u2014,,60.57,82.33
F00000VIF2,26,3,48,\u2014,81.12,65.27,87.79
F00000VIF4,26,3,48,\u2014,81.12,65.27,87.79
F00000VIF6,26,3,48,\u2014,81.12,65.27,87.79
F00000TGIQ,31,2,42,\u2014,,49.71,73.78
F00000O5G5,31,2,42,\u2014,,49.71,73.78
F000000KX0,145,3,43,11.00,23.59,55.68,74.2
F000000KX4,145,3,43,11.00,23.59,55.68,74.2
F00000TGGO,39,2,35,\u2014,63.12,56.78,72.8
F00000TGFI,39,2,35,\u2014,63.12,56.78,72.8
F00000TGGQ,39,2,35,\u2014,63.12,56.78,72.8
F0000106V1,27,42,50,\u2014,67.49,71.93,87.55
F0000106UZ,27,42,50,\u2014,67.49,71.93,87.55
FOGBR05U53,1,51,86,203.97,99.89,45.87,64.8
F000010NXG,35,4,44,\u2014,69.05,50.5,67.7
F000010NXJ,35,4,44,\u2014,69.05,50.5,67.7
F0GBR050J6,43,24,41,52.00,55.87,47.28,71.89
F00000WQ4J,44,7,38,\u2014,,55.1,80.16
F00000UDZA,75,2,47,26.00,,62.01,80.68
F0GBR06FY4,310,8,20,88.00,47.46,47.88,71.7
F0GBR06FY6,310,8,20,88.00,47.46,47.88,71.7
F00000ZTBI,310,8,20,88.00,47.46,47.88,71.7
F00000SJ22,25,1,\u2014,\u2014,82.20,50.4,77.37
F00000SD92,25,1,\u2014,\u2014,82.20,50.4,77.37
F0GBR06LU1,80,1,35,31.56,46.88,45.52,69.1
F0000003AN,393,194,30,-7.96,,44.83,66.71
F00000W9ND,87,7,44,9.00,,52.24,72.84
F000010NXD,39,14,38,\u2014,70.88,53.62,72.95
FOGBR05TW2,28,1,50,172.00,93.72,62.45,88.49
FOGBR05TW3,28,1,50,172.00,93.72,62.45,88.49
F0GBR06HSH,90,1,32,223.00,,61.87,80.33
F0GBR04SKO,90,1,32,223.00,,61.87,80.33
F0GBR04GK3,59,1,45,145.00,,53.44,74.28
F0GBR06FNX,59,1,45,145.00,,53.44,74.28
F0GBR06KRI,32,1,40,21.95,69.11,45.86,63.91
F00000OY37,34,4,39,\u2014,,57.86,83.2
F00000V5H9,34,4,39,\u2014,,57.86,83.2
F00000ZDVB,40,1,52,\u2014,,60.31,83.26
F00000ZDVD,40,1,52,\u2014,,60.31,83.26
F00000Y4BM,30,1,42,\u2014,83.20,60.38,81.95
F00000Y4BO,30,1,42,\u2014,83.20,60.38,81.95
F00000Y4BQ,30,1,42,\u2014,83.20,60.38,81.95
F0GBR06J42,33,0,42,40.90,,66.87,82.97
F00000VKHB,32,0,43,\u2014,84.68,62.86,78.38
F0GBR06L03,65,5,\u2014,\u2014,79.30,49.64,69.48
F00000NF4R,53,7,37,-27.45,59.78,51.31,77.3
F00000NF4S,53,7,37,-27.45,59.78,51.31,77.3
F00000OXO9,53,7,37,-27.45,59.78,51.31,77.3
F00000XSAU,42,6,46,\u2014,76.00,60.13,81.31
F00000XSB4,42,6,46,\u2014,76.00,60.13,81.31
F00000XSB2,42,6,46,\u2014,76.00,60.13,81.31
