SecId,Equity_Holding,Other_Holding,Assets_in_top10_holdings_percent,Reported_turnover_percent,Top3_sector_percent,Top5_sector_percent
F00000JUYT,50,0,31,52.87,44.17,61.57
F00000JUYU,50,0,31,52.87,44.17,61.57
F0GBR052U8,56,0,27,58.97,44.8,68.78
0P0000LYIV,56,0,27,58.97,44.8,68.78
0P00001A0M,56,0,27,58.97,44.8,68.78
F00000OV1C,51,1,45,140.42,62.23,82.51
F0GBR06MIL,51,1,45,140.42,62.23,82.51
F00000OTNG,51,1,45,140.42,62.23,82.51
F00000PC3G,51,1,45,140.42,62.23,82.51
F0000045M1,51,1,45,140.42,62.23,82.51
F0GBR06MIK,51,1,45,140.42,62.23,82.51
F00000Q3YK,53,1,45,41.37,60.97,82.71
F00000QHCO,53,1,45,41.37,60.97,82.71
F000000RDD,53,1,45,41.37,60.97,82.71
F00000M89N,59,1,30,123.24,58.56,78.69
F0GBR04S4D,51,49,40,120,69.31,87.64
F00000O4Y5,51,49,40,120,69.31,87.64
F00000WVAJ,51,49,40,120,69.31,87.64
F000002SDO,43,54,32,128,52.41,74.11
F00000PLW7,43,54,32,128,52.41,74.11
F000000F6R,137,41,28,35.68,46.77,67.06
F000000JV4,137,41,28,35.68,46.77,67.06
F000010B5W,137,41,28,35.68,46.77,67.06
F0000139KC,65,17,24,\u2014,54.75,73.51
F0000139KE,65,17,24,\u2014,54.75,73.51
F0000139KD,65,17,24,\u2014,54.75,73.51
F0000139KF,65,17,24,\u2014,54.75,73.51
F0000000K1,47,13,44,10.4,67.26,88.24
F000000JV5,47,13,44,10.4,67.26,88.24
F0000000K2,47,13,44,10.4,67.26,88.24
F00000W7F4,47,13,44,10.4,67.26,88.24
F00000VW7T,47,13,44,10.4,67.26,88.24
F00000WEDC,47,13,44,10.4,67.26,88.24
F00000P8AJ,47,13,44,10.4,67.26,88.24
F00000UQKS,74,14,25,\u2014,48.21,68.41
F00000U3S4,74,14,25,\u2014,48.21,68.41
F0000000K4,51,20,43,-52.77,65.16,85.33
F000000JV6,51,20,43,-52.77,65.16,85.33
F0000000K6,51,20,43,-52.77,65.16,85.33
F00000O26J,51,20,43,-52.77,65.16,85.33
F00000QIXJ,51,20,43,-52.77,65.16,85.33
F00000ZEAH,51,20,43,-52.77,65.16,85.33
F00000PWRH,36,36,51,42.67,65.96,85.56
F00000PWRI,36,36,51,42.67,65.96,85.56
F00000PWRK,36,36,51,42.67,65.96,85.56
F00000W7F5,36,36,51,42.67,65.96,85.56
F00000VCZR,36,36,51,42.67,65.96,85.56
F00000V4O5,36,36,51,42.67,65.96,85.56
F00000PWRY,36,36,51,42.67,65.96,85.56
F00000JPQM,51,20,43,-52.77,65.16,85.33
F00000ZOT1,48,33,30,\u2014,52.1,74.8
F0000043SB,77,22,24,64.87,50.77,75.67
F0000043SC,77,22,24,64.87,50.77,75.67
F00000X30H,77,22,24,64.87,50.77,75.67
F00000OC95,77,22,24,64.87,50.77,75.67
FOGBR05KEJ,56,0,27,58.97,44.8,68.78
0P00006CWC,56,0,27,58.97,44.8,68.78
F00000ZHOD,56,0,27,58.97,44.8,68.78
F000013IQ0,56,0,27,58.97,44.8,68.78
F00000J84S,40,11,35,-17.69,54.23,72.22
F000002MYQ,54,41,32,-126.92,52.39,74.61
F000002MYR,54,41,32,-126.92,52.39,74.61
F000002MYS,54,41,32,-126.92,52.39,74.61
F00000ZLTS,54,41,32,-126.92,52.39,74.61
F00000W7F6,54,41,32,-126.92,52.39,74.61
F00000J84V,40,11,35,-17.69,54.23,72.22
F00000J71C,40,11,35,-17.69,54.23,72.22
F00000PAO2,40,11,35,-17.69,54.23,72.22
F0GBR04SJW,30,5,45,-1.25,59.17,85.38
FOGBR05LNS,30,5,45,-1.25,59.17,85.38
F00000PAP8,30,5,45,-1.25,59.17,85.38
F0GBR04AWZ,30,11,44,-22.39,59.71,90.75
F00000Q7RF,30,11,44,-22.39,59.71,90.75
F00000HH48,30,11,44,-22.39,59.71,90.75
F000001VR4,30,11,44,-22.39,59.71,90.75
F0GBR052CJ,45,1,35,49.78,57.65,75.64
F0GBR052CK,45,1,35,49.78,57.65,75.64
F000001GEN,35,1,36,\u2014,54.03,74.91
F000001XHP,35,1,36,\u2014,54.03,74.91
F00000XH8D,35,1,36,\u2014,54.03,74.91
F000001GEQ,35,1,36,\u2014,54.03,74.91
F000000LQ3,45,26,38,\u2014,64.75,80.85
F000001XHM,45,26,38,\u2014,64.75,80.85
F00000XH8E,45,26,38,\u2014,64.75,80.85
F000000LQ4,45,26,38,\u2014,64.75,80.85
F000001XHN,45,26,38,\u2014,64.75,80.85
F0000100W5,54,8,23,\u2014,49.71,76.66
F00000Q20H,47,9,34,\u2014,59.98,79.83
F0000100W9,47,9,34,\u2014,59.98,79.83
F00000LYE7,59,1,30,123.24,58.56,78.69
F00000PC3C,59,1,30,123.24,58.56,78.69
F00000LYE8,59,1,30,123.24,58.56,78.69
F00000LYE9,59,1,30,123.24,58.56,78.69
F00000ZZS6,55,1,44,\u2014,75.72,88.67
F00000ZZS7,55,1,44,\u2014,75.72,88.67
F00000JRPL,51,1,45,140.42,62.23,82.51
F00000PC3E,51,1,45,140.42,62.23,82.51
F00000QG19,51,1,45,140.42,62.23,82.51
F00000PC3F,51,1,45,140.42,62.23,82.51
F00000VJPH,54,41,32,-126.92,52.39,74.61
F00000SYCN,54,41,32,-126.92,52.39,74.61
F00000OY8C,44,12,48,60.04,51.77,74.82
F00000OY8D,44,12,48,60.04,51.77,74.82
F00000LKRF,43,2,53,\u2014,56.43,79.81
F00000PXNQ,43,2,53,\u2014,56.43,79.81
F00000WT8Z,43,2,53,\u2014,56.43,79.81
F00000LKIG,43,2,53,\u2014,56.43,79.81
F00000Y4U4,44,1,40,\u2014,54.38,80.48
F00000U5XR,44,1,40,\u2014,54.38,80.48
F00000V91N,44,1,40,\u2014,54.38,80.48
F00000Y8IA,44,1,40,\u2014,54.38,80.48
F00000N7ZW,38,15,\u2014,\u2014,55.47,82.91
F000014XX2,64,4,\u2014,421,65.94,85.87
F000003U74,64,4,\u2014,421,65.94,85.87
F0GBR04INV,64,4,\u2014,421,65.94,85.87
F0GBR04RUS,30,7,44,14.17,59.43,85.51
F0000045EX,30,7,44,14.17,59.43,85.51
F000000216,30,7,44,14.17,59.43,85.51
F000000NTM,48,39,31,145.42,59.41,79.16
F00000OPVB,48,39,31,145.42,59.41,79.16
F000000NTL,48,39,31,145.42,59.41,79.16
F0GBR04RYO,42,29,36,182.92,50.6,69.49
F00000OPTJ,42,29,36,182.92,50.6,69.49
F0GBR04RYM,42,29,36,182.92,50.6,69.49
F000002KQ5,46,1,\u2014,71.72,55.86,73.6
F00000Q8S8,46,1,\u2014,71.72,55.86,73.6
F00000OPTK,46,1,\u2014,71.72,55.86,73.6
F000002KQ6,46,1,\u2014,71.72,55.86,73.6
F00000WCNE,42,28,49,\u2014,62.11,80.09
F00000WCNF,42,28,49,\u2014,62.11,80.09
F00000WCND,42,28,49,\u2014,62.11,80.09
F00000VF5A,205,46,27,\u2014,46.6,70.23
F00000XKW9,205,46,27,\u2014,46.6,70.23
F00000W9RL,32,5,49,\u2014,99.99,99.99
F00000W9RN,32,5,49,\u2014,99.99,99.99
F000014J0X,32,5,49,\u2014,99.99,99.99
F0GBR04EAC,50,12,39,27.25,62.88,83.39
F00000P8DK,50,12,39,27.25,62.88,83.39
F0000000QC,61,2,27,52.07,49.52,70.44
F0GBR04FJH,61,2,27,52.07,49.52,70.44
F0000000QF,46,0,32,42.13,44.04,67.99
F0GBR04JU9,46,0,32,42.13,44.04,67.99
F0GBR04S2B,71,0,29,128.52,46.58,72.02
F00000P7E5,48,6,39,100,46.35,69.85
F0GBR04SH0,132,1,29,105.8,48.7,71.14
F0GBR04SKV,132,1,29,105.8,48.7,71.14
F0GBR05WSI,183,8,21,69.55,44.79,66.9
F000002JXQ,183,8,21,69.55,44.79,66.9
F0GBR04SGT,175,8,19,119.08,44.11,65.37
F0GBR06K35,175,8,19,119.08,44.11,65.37
F000010098,44,12,48,60.04,51.77,74.82
F00000ZBNA,0,19,96,\u2014,55.6,76.91
F0GBR04HX0,43,219,41,234.16,51.94,71.23
F00000MJWQ,56,93,\u2014,192.79,50.67,70.64
F00000MJXW,56,93,\u2014,192.79,50.67,70.64
F0GBR04BX9,175,8,19,119.08,44.11,65.37
F0GBR04B7Z,34,3,38,231.47,48.5,74.48
F0GBR04B82,34,3,38,231.47,48.5,74.48
F0GBR04LG2,50,8,34,258.91,44.48,67.97
F0GBR04NOG,50,8,34,258.91,44.48,67.97
F00000MMM4,56,93,\u2014,192.79,50.67,70.64
F00000MJWS,56,93,\u2014,192.79,50.67,70.64
F00000MJXX,56,93,\u2014,192.79,50.67,70.64
F00000V61B,56,93,\u2014,192.79,50.67,70.64
F00000PFEI,128,138,\u2014,289,60.25,80.73
F00000PFEJ,128,138,\u2014,289,60.25,80.73
F00000P992,128,138,\u2014,289,60.25,80.73
F00000O55W,128,138,\u2014,289,60.25,80.73
F00000O577,128,138,\u2014,289,60.25,80.73
F00001154P,257,73,14,\u2014,40.24,63.65
F000002FCS,41,218,27,-19.56,59.5,81.07
F00000WRG9,460,702,18,44.92,45.03,69.03
F00000286Y,460,702,18,\u2014,45.03,69.03
F00000286Z,460,702,18,44.92,45.03,69.03
F000002HT1,460,702,18,44.92,45.03,69.03
F00000T54P,460,702,18,44.92,45.03,69.03
F00000Y9WD,417,103,22,\u2014,52.74,73.59
F00000Y60D,417,103,22,\u2014,52.74,73.59
F00000Y9WE,417,103,22,\u2014,52.74,73.59
F00000Y9WF,417,103,22,\u2014,52.74,73.59
F00000Y9WG,417,103,22,\u2014,52.74,73.59
F00000Y9WH,417,103,22,\u2014,52.74,73.59
F00000286V,119,99,35,74.69,45.67,67.75
F00000286W,119,99,35,74.69,45.67,67.75
F000003U94,119,99,35,74.69,45.67,67.75
F00000T54K,119,99,35,74.69,45.67,67.75
F000010SV4,46,15,34,\u2014,92.24,100
F00000OYDI,46,15,34,\u2014,92.24,100
F00000W0TN,46,15,34,\u2014,92.24,100
F00000Y4U5,45,1,39,\u2014,56.06,74.92
F00000OLO9,45,1,39,\u2014,56.06,74.92
F00000YM5P,45,1,39,\u2014,56.06,74.92
F00000VXPM,45,1,39,\u2014,56.06,74.92
F00000YM5R,45,1,39,\u2014,56.06,74.92
F00000LOWI,43,2,53,\u2014,56.43,79.81
F0GBR063QR,51,99,50,37.13,100,100
F0GBR064G3,51,99,50,37.13,100,100
F0GBR04LG0,53,8,27,69.82,45.65,67.76
F0GBR04NOI,53,8,27,69.82,45.65,67.76
F00000LI6I,51,3,40,61.98,47,68.99
F00000ZS1K,78,21,21,-2.41,77.32,89.46
F00000ZG9Q,78,21,21,-2.41,77.32,89.46
F00000ZGDQ,35,32,47,1.4,63.35,83.63
F000003UW0,25,22,42,26.31,52.22,75.27
F00000JUGK,25,22,42,26.31,52.22,75.27
F0GBR04KNB,35,26,48,8.56,61.89,91.78
F00000YIFK,35,26,48,8.56,61.89,91.78
F00000QK99,35,26,48,8.56,61.89,91.78
F00000YFOR,40,20,35,\u2014,64.31,87.45
F00000YFOV,40,20,35,\u2014,64.31,87.45
F00000OXUQ,43,28,42,66.13,75.26,97.24
F00000YIFV,43,28,42,66.13,75.26,97.24
F00000XCZ6,455,21,21,\u2014,47.02,69.21
F0GBR04RTP,37,9,48,435.44,59.18,81.68
F00000MJPO,37,9,48,435.44,59.18,81.68
F00000WNYS,37,9,48,435.44,59.18,81.68
F00000MEQ8,42,7,39,\u2014,58.51,79.83
F00000MEQK,42,7,39,\u2014,58.51,79.83
F00000WNYT,42,7,39,\u2014,58.51,79.83
F0GBR04K8B,52,13,43,253.94,67.02,88.94
F00000GWFO,52,13,43,253.94,67.02,88.94
F00000QQRN,52,13,43,253.94,67.02,88.94
F00000QQRM,52,13,43,253.94,67.02,88.94
F00000VQY5,52,13,43,253.94,67.02,88.94
F0GBR05Z1J,55,29,42,174.85,66.18,86.98
0P0000VV42,55,29,42,174.85,66.18,86.98
F000002K15,55,29,42,174.85,66.18,86.98
0P0001HDB3,55,29,42,174.85,66.18,86.98
F00000PLS1,55,29,42,174.85,66.18,86.98
F0GBR04ANX,45,14,\u2014,211.43,59.34,80.96
0P0000VHKG,45,14,\u2014,211.43,59.34,80.96
F000000ECE,45,14,\u2014,211.43,59.34,80.96
0P0000X6Y2,45,14,\u2014,211.43,59.34,80.96
F0000020RR,45,14,\u2014,211.43,59.34,80.96
F00000LLTT,40,42,37,158.96,57.7,78.5
0P0001IY5M,40,42,37,158.96,57.7,78.5
F00000LX1G,40,42,37,158.96,57.7,78.5
0P0001HDB4,40,42,37,158.96,57.7,78.5
F00000VQ88,40,42,37,158.96,57.7,78.5
0P0001IY5K,40,42,37,158.96,57.7,78.5
F0GBR068QC,47,18,41,170.18,63.74,84.19
0P0000VHKJ,47,18,41,170.18,63.74,84.19
F0000020UI,47,18,41,170.18,63.74,84.19
0P0000X6Y3,47,18,41,170.18,63.74,84.19
F00000M85C,47,18,41,170.18,63.74,84.19
0P0000VHKL,47,18,41,170.18,63.74,84.19
F0GBR04APF,47,38,42,172.62,63.79,84.08
0P0000W7OO,47,38,42,172.62,63.79,84.08
F000000ECF,47,38,42,172.62,63.79,84.08
0P0000VHKN,47,38,42,172.62,63.79,84.08
F00000LI6K,51,3,40,61.98,47,68.99
F00000V95O,52,7,27,107.18,53.7,72.95
F000001FSF,52,7,27,107.18,53.7,72.95
F000001FSG,52,7,27,107.18,53.7,72.95
F000001FSH,52,7,27,107.18,53.7,72.95
F0000020RZ,47,38,42,172.62,63.79,84.08
F0GBR04F7W,49,22,36,192.35,61.39,83.11
0P0000VHKP,49,22,36,192.35,61.39,83.11
F000000ECJ,49,22,36,192.35,61.39,83.11
0P0000X6Y4,49,22,36,192.35,61.39,83.11
F00000ZSGN,52,7,27,107.18,53.7,72.95
F0GBR04B7V,40,3,56,62.35,62.19,86.24
F0GBR04B84,40,3,56,62.35,62.19,86.24
F000002JGN,50,8,34,75.02,44.56,67.96
F000002JGK,48,3,40,80.51,50.12,71.99
F000002JGM,48,3,40,80.51,50.12,71.99
F0GBR04BB5,38,4,48,82.92,64.65,86.7
F0GBR05ZT6,38,4,48,82.92,64.65,86.7
F0GBR04BB7,38,4,48,82.92,64.65,86.7
F0GBR04RN2,45,3,39,11.6,57.92,80.91
F0GBR04RN4,45,3,39,11.6,57.92,80.91
F00000VKPB,40,3,40,\u2014,56.45,83.12
F0000104DE,40,3,40,\u2014,56.45,83.12
F00000VKPC,40,3,40,\u2014,56.45,83.12
F00000YP4W,40,3,40,\u2014,56.45,83.12
F000005ETU,98,7,18,56.15,63.59,80.03
F00000QHNI,98,7,18,56.15,63.59,80.03
F00000VU2Y,98,7,18,56.15,63.59,80.03
F0GBR04CQI,85,4,44,40.98,61.06,85.06
F0GBR04RVH,85,4,44,40.98,61.06,85.06
F00000QHNK,85,4,44,40.98,61.06,85.06
F00000VU2X,85,4,44,40.98,61.06,85.06
F00000PPYP,85,4,44,40.98,61.06,85.06
F00000WBSY,85,4,44,40.98,61.06,85.06
F00000QHNM,86,7,18,658.83,62.01,76.75
F00000QHNO,86,7,18,658.83,62.01,76.75
F00000QHNQ,86,7,18,658.83,62.01,76.75
F00000QHNT,86,7,18,658.83,62.01,76.75
F00000QHNW,86,7,18,658.83,62.01,76.75
F00000XDKD,54,3,36,\u2014,53.5,75.35
F000002RCJ,44,1,29,132,54.78,75.89
F000011982,46,29,29,\u2014,63.95,85.41
F00000WMDY,46,29,29,\u2014,63.95,85.41
F00000Z4A8,49,32,43,49.44,51.32,80.78
F00000ZGCY,44,23,36,-38.75,60.57,85.12
F0000020RS,49,22,36,192.35,61.39,83.11
F0GBR053BM,46,20,35,140.93,56.45,76.74
0P0000VHKV,46,20,35,140.93,56.45,76.74
0P00000AWF,46,20,35,140.93,56.45,76.74
F0000020S4,46,20,35,140.93,56.45,76.74
0P000102QC,44,9,36,99.86,40.17,62.38
F00000PXEW,44,9,36,99.86,40.17,62.38
0P000102QJ,44,9,36,99.86,40.17,62.38
F00000PXHI,44,7,35,99.39,40.72,63.79
F00000VSR7,44,7,35,99.39,40.72,63.79
F00000PXHK,44,7,35,99.39,40.72,63.79
F00000PXHM,44,7,35,99.39,40.72,63.79
F00000SJ0A,29,6,54,95.8,100,100
F00000SJ08,29,6,54,95.8,100,100
F00000SJ07,29,6,54,95.8,100,100
F000000L7N,73,8,28,100.01,48.48,70.23
0P0000SVU6,73,8,28,100.01,48.48,70.23
0P0000SMJS,73,8,28,100.01,48.48,70.23
F00000P9NI,73,8,28,100.01,48.48,70.23
F000000L6M,73,8,28,100.01,48.48,70.23
F000000L7P,73,8,28,100.01,48.48,70.23
F000000L7O,73,8,28,100.01,48.48,70.23
F00000PXHO,34,5,42,96.74,50.69,72.69
0P0000YWT8,34,5,42,96.74,50.69,72.69
F00000PXHR,34,5,42,96.74,50.69,72.69
F00001457X,92,29,24,96.5,43,67.51
F000014763,92,29,24,96.5,43,67.51
F0GBR04H9M,66,11,31,100.65,52.99,71.76
F0GBR04V8B,66,11,31,100.65,52.99,71.76
0P00011V1D,66,11,31,100.65,52.99,71.76
F0GBR04V83,66,11,31,100.65,52.99,71.76
F00000OYPS,47,3,35,213,44.05,68.19
F0GBR04RPX,47,3,35,213,44.05,68.19
F0GBR06I50,47,3,35,213,44.05,68.19
F00000OTTF,47,3,35,213,44.05,68.19
F0GBR04G0H,69,0,28,238.5,48.69,69.72
F00000NAZF,69,0,28,238.5,48.69,69.72
F0GBR052TR,69,0,28,238.5,48.69,69.72
F00000ZQV8,69,0,28,238.5,48.69,69.72
F0GBR052TQ,69,0,28,238.5,48.69,69.72
F0GBR052TS,69,0,28,238.5,48.69,69.72
F00000XVMZ,58,1,35,\u2014,46.45,68.14
F000001APK,33,2,60,88.35,59.88,82.67
F000001APJ,33,2,60,88.35,59.88,82.67
F0GBR054PS,66,7,\u2014,14.77,53.6,75.13
F0GBR054PT,66,7,\u2014,14.77,53.6,75.13
F0GBR054PR,66,7,\u2014,14.77,53.6,75.13
F0GBR054PV,66,7,\u2014,14.77,53.6,75.13
F0GBR054PW,66,7,\u2014,14.77,53.6,75.13
F0GBR054PU,66,7,\u2014,14.77,53.6,75.13
F00000Y4H0,58,19,46,\u2014,60,82.69
F00000W0YB,32,9,50,\u2014,56.06,77.03
F00000W0K7,32,9,50,\u2014,56.06,77.03
F00000W0YG,32,9,50,\u2014,56.06,77.03
F00000W0YC,32,9,50,\u2014,56.06,77.03
0P0000XAR5,46,20,35,140.93,56.45,76.74
0P0000XAR6,46,20,35,140.93,56.45,76.74
F00000Q4BB,46,20,35,140.93,56.45,76.74
F0000021YV,35,2,55,73.73,66.13,93.52
F0000021YX,35,2,55,73.73,66.13,93.52
F00000W0YD,32,9,50,\u2014,56.06,77.03
F00000W0YH,32,9,50,\u2014,56.06,77.03
F00000W0YF,32,9,50,\u2014,56.06,77.03
F00000W0YJ,32,9,50,\u2014,56.06,77.03
F0GBR053WS,31,0,51,0.66,79.53,93.35
F0000021YW,35,2,55,73.73,66.13,93.52
F000000IK5,137,21,45,-102.72,62.14,78.39
F0000045M3,137,21,45,-102.72,62.14,78.39
F00000T5QL,137,21,45,-102.72,62.14,78.39
F00000V4Q4,194,8,\u2014,\u2014,52,73.85
F00000V4Q5,194,8,\u2014,\u2014,52,73.85
F00000V4Q6,194,8,\u2014,\u2014,52,73.85
F00000GXE3,82,24,44,4.12,100,100
F00000GXE7,82,24,44,4.12,100,100
F00001044P,82,24,44,4.12,100,100
F00000TFZM,54,4,25,82.86,55.87,78.91
F00000QL4P,54,4,25,82.86,55.87,78.91
F0GBR04RSV,23,5,56,60.65,66.57,87.38
F00000ITDV,23,5,56,60.65,66.57,87.38
F0GBR04CIV,23,5,56,60.65,66.57,87.38
F00000WWW9,346,27,22,\u2014,45.59,68.6
F00000WWWA,346,27,22,\u2014,45.59,68.6
0P00017K1R,346,27,22,\u2014,45.59,68.6
F000005NTS,80,45,27,92.13,42.79,65.41
F00000PXHD,32,5,46,100.09,45.03,68.45
F00000PXHF,32,5,46,100.09,45.03,68.45
F00000PXHH,32,5,46,100.09,45.03,68.45
F0GBR04DZU,40,7,42,100.11,46.78,73.01
F00000VSR9,40,7,42,100.11,46.78,73.01
F0GBR04N2J,40,7,42,100.11,46.78,73.01
F0GBR04N4G,40,7,42,100.11,46.78,73.01
F0GBR04BRT,79,7,30,99.94,42.86,64.33
F0GBR04N2F,79,7,30,99.94,42.86,64.33
0P00011V5S,79,7,30,99.94,42.86,64.33
F0GBR04IGH,79,7,30,99.94,42.86,64.33
F0GBR04N4E,79,7,30,99.94,42.86,64.33
F00000PXES,44,9,36,99.86,40.17,62.38
0P0001JN0I,44,9,36,99.86,40.17,62.38
F00000PXER,44,9,36,99.86,40.17,62.38
F00000PXEU,44,9,36,99.86,40.17,62.38
0P00000SFE,31,0,51,0.66,79.53,93.35
0P0000G7ST,31,0,51,0.66,79.53,93.35
0P00000I60,31,0,51,0.66,79.53,93.35
F000001ULV,54,10,37,169.79,59.34,87.5
F00000WZG7,54,10,37,169.79,59.34,87.5
F00000VMS4,0,14,100,\u2014,46.32,70.72
F00000Z64T,237,2,24,\u2014,46,67.33
F00000XCJP,237,2,24,\u2014,46,67.33
F00000XCJU,457,5,10,\u2014,50.89,70.39
F000015HGL,27,1,51,\u2014,58.77,86.4
F000015HGM,27,1,51,\u2014,58.77,86.4
F00000YXCO,49,3,34,\u2014,63.07,84.44
F00000YXCN,49,3,34,\u2014,63.07,84.44
F00000YXCQ,49,3,34,\u2014,63.07,84.44
F00000YXCP,49,3,34,\u2014,63.07,84.44
F00000YXCI,34,2,45,\u2014,65.35,89.23
F00000YXCH,34,2,45,\u2014,65.35,89.23
F00000YXCL,34,2,45,\u2014,65.35,89.23
F0000044CN,53,73,39,1.78,52.86,76.43
F00000VCDH,53,73,39,1.78,52.86,76.43
F00000JNRB,128,90,26,158.22,62.42,82.2
F00000JNRC,128,90,26,158.22,62.42,82.2
F00000VCEX,128,90,26,158.22,62.42,82.2
F00000MU3M,42,1,34,16.6,44.27,64.61
F00000LWJO,42,1,33,16.6,44.27,64.61
F00000QL6S,42,1,34,16.6,44.27,64.61
F0GBR04N5Q,29,1,61,59.93,71.53,88.57
0P00000IZO,29,1,61,59.93,71.53,88.57
F00000OM8B,45,1,33,14.38,47.86,72.76
0P0001GBED,45,1,33,14.38,47.86,72.76
0P0001ESA3,45,1,33,14.38,47.86,72.76
F0GBR04TV9,33,1,38,22.9,57.36,75.55
0P00000J08,33,1,38,22.9,57.36,75.55
0P00000K88,33,1,38,22.9,57.36,75.55
F00000ZPT3,36,1,48,\u2014,65.09,83.44
F00000ZVX8,36,1,48,\u2014,65.09,83.44
F0GBR06A4M,179,56,19,199.72,60.63,85.35
F00000ZW92,179,56,19,199.72,60.63,85.35
F0GBR06W8Z,161,40,21,191.21,57.84,84.89
F00000ZW98,161,40,21,191.21,57.84,84.89
F00000ZW97,161,40,21,191.21,57.84,84.89
F00000SKYU,161,40,21,191.21,57.84,84.89
F00000YCWM,179,56,19,199.72,60.63,85.35
F000002DRM,179,56,19,199.72,60.63,85.35
F00000ZN4Z,179,56,19,199.72,60.63,85.35
F00000YCY2,87,38,19,265.84,61.71,81.74
F00000ZR8G,87,38,19,265.84,61.71,81.74
F0GBR05S8O,"1,291",22,\u2014,-0.42,55.02,74.25
F0GBR06140,"1,291",22,\u2014,-0.42,55.02,74.25
F0GBR0573O,"1,291",22,\u2014,-0.42,55.02,74.25
F0000023MU,172,9,\u2014,29.21,55.61,76.05
F000002J9J,172,9,\u2014,29.21,55.61,76.05
F0000023MS,172,9,\u2014,29.21,55.61,76.05
F00000SJXW,68,17,31,105.33,70.68,87.28
F00000SJXX,50,5,44,142.93,55.54,78.06
F000000ITQ,70,13,31,242.82,53.7,77.05
F0000107PE,70,13,31,242.82,53.7,77.05
F00000WNYB,51,6,36,\u2014,58.88,81.46
F0GBR052FV,147,10,22,260.33,47.82,68.33
F0GBR05SLX,147,10,22,260.33,47.82,68.33
F00000PBLO,35,48,52,-10.99,76.44,93.08
F000001A8A,48,17,28,68.87,57.86,78.37
F00000OQRQ,23,1,46,118.01,84.48,100
F00000NMLN,23,1,46,118.01,84.48,100
F00000VWZ1,23,1,46,118.01,84.48,100
F0000001N2,93,3,27,6.75,47.04,67.8
F00000WRBU,48,2,36,\u2014,46.9,70.29
F00000X9U5,48,2,36,\u2014,46.9,70.29
F0GBR04VEY,108,1,30,19.89,43.83,66.61
0P00000WGC,108,1,30,19.89,43.83,66.61
0P00000WGN,108,1,30,19.89,43.83,66.61
0P00000WGD,108,1,30,19.89,43.83,66.61
F00000Q2HD,108,1,30,19.89,43.83,66.61
0P00012S7B,108,1,30,19.89,43.83,66.61
0P00012S7C,108,1,30,19.89,43.83,66.61
0P00017U6H,108,1,30,19.89,43.83,66.61
0P00012S7D,108,1,30,19.89,43.83,66.61
F0GBR04F8U,55,19,44,407.74,52.61,76.01
F0GBR04F8W,130,35,12,323.16,67.84,89.09
F0GBR04NSH,46,36,38,214.84,64.94,89.56
F00000QP3R,46,36,38,214.84,64.94,89.56
F00000ZCZD,46,36,38,214.84,64.94,89.56
F00000QP5S,126,58,1,457.53,72.58,87.84
F00000YXEW,55,1,43,\u2014,76.35,92.68
F0GBR04M0B,39,1,45,-25.55,66.82,91.42
F00000NPQS,39,1,45,-25.55,66.82,91.42
F00000O4YW,39,1,45,-25.55,66.82,91.42
F00000QVC3,39,1,45,-25.55,66.82,91.42
F0000109PF,36,1,43,-36.5,71.01,93.22
F00000WTU2,36,1,43,-36.5,71.01,93.22
F00000WTU3,36,1,43,-36.5,71.01,93.22
F000005MUA,39,1,51,-13.65,65.64,86.65
F00000SSUQ,39,1,51,-13.65,65.64,86.65
F00000QTGM,39,1,51,-13.65,65.64,86.65
F00000ZD3G,39,1,51,-13.65,65.64,86.65
F0GBR04M0F,40,1,44,-58.92,74.02,94.94
F00000T2PB,40,1,44,-58.92,74.02,94.94
F000010KFF,40,1,44,-58.92,74.02,94.94
F00000THEC,39,1,45,-25.55,66.82,91.42
F00000YENN,54,26,29,\u2014,49.66,70.39
F00000Z4XP,23,1,46,118.01,84.48,100
F00000Z4XQ,23,1,46,118.01,84.48,100
F00000Z4XN,23,1,46,118.01,84.48,100
F00000Z4XO,23,1,46,118.01,84.48,100
F00000NMLP,23,1,46,118.01,84.48,100
F00000NPGA,35,77,40,75,65.73,87.38
F00000NPG8,35,77,40,75,65.73,87.38
F0000102PG,35,77,40,75,65.73,87.38
F00000NPL6,35,77,40,75,65.73,87.38
F00000NPL7,35,77,40,75,65.73,87.38
F00000PQUA,35,98,39,39,56.42,87.18
F00000PNTP,35,98,39,39,56.42,87.18
F00000T50I,35,98,39,39,56.42,87.18
F00000MJJH,35,98,39,39,56.42,87.18
F00000U49J,35,98,39,39,56.42,87.18
F00000O6RX,35,98,39,39,56.42,87.18
F00000UQN7,35,98,39,39,56.42,87.18
F00000TF54,35,98,39,39,56.42,87.18
F00000UQN9,35,98,39,39,56.42,87.18
FOGBR05JLL,68,4,\u2014,149.45,59.71,80.66
F000001AE6,68,4,\u2014,149.45,59.71,80.66
F00000SX1X,68,4,\u2014,149.45,59.71,80.66
F000001AE4,68,4,\u2014,149.45,59.71,80.66
F0GBR04RZG,49,3,\u2014,43.8,47.13,72.19
F00000QS9O,49,3,\u2014,43.8,47.13,72.19
F0GBR06WS6,31,6,\u2014,106.67,41.89,62.64
F000001ATJ,31,6,\u2014,106.67,41.89,62.64
FOGBR05KLQ,50,5,\u2014,-22.9,46.3,69.78
F00000210Z,50,5,\u2014,-22.9,46.3,69.78
F00000JZ78,48,11,\u2014,-9.83,56.26,75.07
F00000Z9NH,48,11,\u2014,-9.83,56.26,75.07
F00000JZ77,48,11,\u2014,-9.83,56.26,75.07
FOGBR05KLR,55,11,\u2014,9.21,58.77,78.99
F00000WVHN,55,11,\u2014,9.21,58.77,78.99
F00000WTHK,55,11,\u2014,9.21,58.77,78.99
F00000SX1T,55,11,\u2014,9.21,58.77,78.99
F000000KD4,55,11,\u2014,9.21,58.77,78.99
F000000EVD,52,10,\u2014,93.31,56.4,77.47
F00000Z9NI,52,10,\u2014,93.31,56.4,77.47
F00000VZO8,52,10,\u2014,93.31,56.4,77.47
F000001ATN,52,10,\u2014,93.31,56.4,77.47
F000010F2P,52,10,\u2014,93.31,56.4,77.47
FOGBR05U13,52,8,\u2014,56.04,56.59,77.54
F00000PY8F,52,8,\u2014,56.04,56.59,77.54
F00000WTHL,52,8,\u2014,56.04,56.59,77.54
F000000KDC,52,8,\u2014,56.04,56.59,77.54
F000010F5D,52,8,\u2014,56.04,56.59,77.54
FOGBR05KLS,167,21,\u2014,96.22,52.87,71.52
F000001ATM,167,21,\u2014,96.22,52.87,71.52
F00000MTVL,78,2,\u2014,42.15,48.34,66.15
F00000MTVM,78,2,\u2014,42.15,48.34,66.15
FOGBR05KLT,36,3,\u2014,114.36,51.71,74.17
F00000XAXE,36,3,\u2014,114.36,51.71,74.17
F000000KDA,36,3,\u2014,114.36,51.71,74.17
FOGBR05KLU,42,5,\u2014,161.94,55.92,81.92
F00000NMLQ,23,1,46,118.01,84.48,100
F00000OQRR,23,1,46,118.01,84.48,100
F00000NMLO,23,1,46,118.01,84.48,100
F00000QDUF,57,1,37,24.85,53.11,72.75
F0000101BR,36,9,46,-27.98,100,100
F000001AU7,42,5,\u2014,161.94,55.92,81.92
F00000W42B,47,17,\u2014,29.3,52.78,75.29
F00000O74P,47,17,\u2014,29.3,52.78,75.29
F00000NO6I,47,17,\u2014,29.3,52.78,75.29
F00000SX1Z,47,17,\u2014,29.3,52.78,75.29
F00000QDUX,56,7,46,0.68,100,100
F000010ZZS,30,26,35,\u2014,59.18,82.95
F000010ZZZ,30,26,35,\u2014,59.18,82.95
F000011007,52,1,37,\u2014,63.79,77.89
F00001100A,52,1,37,\u2014,63.79,77.89
F0GBR069TA,53,35,27,0.45,74.8,86.01
F00000ZW57,52,26,51,-0.34,58.36,82
F0GBR04OI3,39,28,48,-0.14,56.1,79.02
F0GBR04OYK,39,28,48,-0.14,56.1,79.02
F0GBR04OI1,39,28,48,-0.14,56.1,79.02
F00000THZB,39,28,48,-0.14,56.1,79.02
F00000ZX4O,39,28,48,-0.14,56.1,79.02
F00000LO66,35,13,22,19.95,65.42,80.58
F00000PSNM,35,13,22,19.95,65.42,80.58
F00000WP9R,35,13,22,19.95,65.42,80.58
F000010808,35,13,22,19.95,65.42,80.58
F00000XN2Z,35,13,22,19.95,65.42,80.58
F00000W222,27,6,39,\u2014,76.8,96.54
F00000YN8W,27,6,39,\u2014,76.8,96.54
F00000YN2U,27,6,39,\u2014,76.8,96.54
F000010A4Q,43,19,33,\u2014,55.85,73.53
F000010A4P,43,19,33,\u2014,55.85,73.53
F000010A4S,43,19,33,\u2014,55.85,73.53
F00000WL6H,37,18,42,\u2014,44.75,69.21
F00000WL6I,37,18,42,\u2014,44.75,69.21
F000010BFA,37,18,42,\u2014,44.75,69.21
F00000WL6R,37,18,42,\u2014,44.75,69.21
F00000WL6S,37,18,42,\u2014,44.75,69.21
F0GBR04R6M,45,17,29,71,47.05,71.37
F0000100MY,45,17,29,71,47.05,71.37
F00000ZC4G,46,1,32,\u2014,53.85,72.41
F00000ZC4H,46,1,32,\u2014,53.85,72.41
F00000VCT5,156,1,27,\u2014,49.48,73.8
F00000VC0N,156,1,27,\u2014,49.48,73.8
F00000VC0O,156,1,27,\u2014,49.48,73.8
F00000ZVEA,47,17,\u2014,29.3,52.78,75.29
F00000NO6M,47,17,\u2014,29.3,52.78,75.29
FOGBR05KLX,32,2,\u2014,79.24,60.58,82.88
F00000XAXC,32,2,\u2014,79.24,60.58,82.88
F000001ATL,32,2,\u2014,79.24,60.58,82.88
F00000ZZ5O,34,1,46,-6.63,100,100
F0GBR04C1G,40,1,53,18.48,68.07,88.44
F0GBR04IMN,40,1,53,18.48,68.07,88.44
F000010A5W,40,1,53,18.48,68.07,88.44
F0GBR04C4A,37,1,49,42.57,79.66,93.61
F0GBR04IKT,37,1,49,42.57,79.66,93.61
F0GBR04F1Q,112,35,17,306.6,61.1,79.09
F00000SJ0B,112,35,17,306.6,61.1,79.09
F00000UEGA,112,35,17,306.6,61.1,79.09
F0GBR04M9W,71,5,24,434.49,58.08,80.25
F00000TEMI,71,5,24,434.49,58.08,80.25
F00000UO55,71,5,24,434.49,58.08,80.25
F00000NZ06,46,5,38,39.87,59.94,80.6
F0GBR06IOE,46,5,38,39.87,59.94,80.6
F0GBR06KQ0,46,5,38,39.87,59.94,80.6
F00000QIFW,46,5,38,39.87,59.94,80.6
F00000Q28T,46,5,38,39.87,59.94,80.6
F00000QABY,46,5,38,39.87,59.94,80.6
F00000NPBU,46,5,38,39.87,59.94,80.6
F00000NPBV,46,5,38,39.87,59.94,80.6
F000014AA6,46,5,38,39.87,59.94,80.6
F00000OZXR,46,5,38,39.87,59.94,80.6
F000014R9A,46,5,38,39.87,59.94,80.6
F0000021NU,45,5,36,39.87,55.65,74.95
F000005GUH,45,5,36,39.87,55.65,74.95
F00000GX6O,45,5,36,39.87,55.65,74.95
F00000VD3V,45,5,36,39.87,55.65,74.95
F0GBR04WZN,45,5,36,39.87,55.65,74.95
F0GBR04SL1,45,5,36,39.87,55.65,74.95
F0GBR04SKZ,45,5,36,39.87,55.65,74.95
F0GBR06HYY,45,5,36,39.87,55.65,74.95
F00000WZXD,52,9,18,24.64,43.88,68.49
F000000G8T,120,8,22,57.62,52.5,71.93
F00000WF47,57,12,31,-38.18,64.38,84.84
F0GBR04HZO,65,13,27,10.38,52.54,73.67
F00000JVS5,126,9,22,173.33,49.35,70.6
F0GBR06KZJ,126,9,22,173.33,49.35,70.6
F0GBR06THD,126,9,22,173.33,49.35,70.6
F00000JVS8,126,9,22,173.33,49.35,70.6
F00000JVS9,126,9,22,173.33,49.35,70.6
F00000YWGS,141,11,\u2014,\u2014,46.81,69.25
F00000ZDCI,141,11,\u2014,\u2014,46.81,69.25
F0GBR063MT,141,11,\u2014,\u2014,46.81,69.25
F0GBR0687G,141,11,\u2014,\u2014,46.81,69.25
F00000ZXJU,141,11,\u2014,\u2014,46.81,69.25
F000000DY3,141,11,\u2014,\u2014,46.81,69.25
F00000YWGT,141,11,\u2014,\u2014,46.81,69.25
F000001UZH,141,11,\u2014,\u2014,46.81,69.25
F00000YWGP,141,11,\u2014,\u2014,46.81,69.25
F000001UZR,141,11,\u2014,\u2014,46.81,69.25
F00000PWXI,40,2,\u2014,153.98,66.05,88.07
F000000KDB,40,2,\u2014,153.98,66.05,88.07
F00000PWXJ,38,6,\u2014,49.11,64.12,83.59
FOGBR05KM1,38,6,\u2014,49.11,64.12,83.59
F000010EFP,38,6,\u2014,49.11,64.12,83.59
F00000PBII,141,11,\u2014,\u2014,46.81,69.25
F00000S6NF,96,7,\u2014,\u2014,47.09,68.84
F000005QCN,96,7,\u2014,\u2014,47.09,68.84
F00000PBKB,96,7,\u2014,\u2014,47.09,68.84
F00000SFJ1,31,1,34,-18,66.55,93.51
F000001AU0,38,6,\u2014,49.11,64.12,83.59
FOGBR05KM8,36,2,\u2014,129.09,63.42,85.06
F000001ATZ,36,2,\u2014,129.09,63.42,85.06
F00000NN1P,47,2,\u2014,\u2014,52.56,74.95
F00000OPX9,47,2,\u2014,\u2014,52.56,74.95
F00000SFKV,350,4,\u2014,\u2014,46.19,69.57
F0GBR04G99,49,2,\u2014,163.03,50.26,76.01
F0GBR04D43,49,3,\u2014,91.9,50.22,75.89
F00000OPX6,49,3,\u2014,91.9,50.22,75.89
F00000J00Q,187,36,8,531.48,50.34,74.09
F00000J00P,187,36,8,531.48,50.34,74.09
F00000O8G5,31,16,51,\u2014,74.43,86.89
F00000O8GB,31,16,51,\u2014,74.43,86.89
F0GBR04IMW,42,8,33,15.46,47.9,68.05
F0GBR04V70,42,8,33,15.46,47.9,68.05
F0GBR0552V,42,8,33,15.46,47.9,68.05
F00000Z6B3,42,8,33,15.46,47.9,68.05
F00000PHG9,42,8,33,15.46,47.9,68.05
F00000M9LW,42,8,33,15.46,47.9,68.05
F00000GVYS,42,8,33,15.46,47.9,68.05
F0GBR04N99,51,5,29,80.76,63.69,83.7
F0GBR0553E,51,5,29,80.76,63.69,83.7
F00000QLVC,51,5,29,80.76,63.69,83.7
F00000THQW,51,5,29,80.76,63.69,83.7
F00000Z1PB,46,5,38,\u2014,59.94,80.6
F000000RTO,34,1,46,-6.63,100,100
F000000RTN,34,1,46,-6.63,100,100
F00000ZZ5P,34,1,46,-6.63,100,100
F000000RTP,34,1,46,-6.63,100,100
F000000RTR,34,1,46,-6.63,100,100
F00000ZZ5K,34,1,46,-6.63,100,100
F00000H06L,34,1,46,-6.63,100,100
F00000H06M,34,1,46,-6.63,100,100
F000000RTL,34,1,46,-6.63,100,100
F000000RTK,34,1,46,-6.63,100,100
F00000VFI1,31,1,34,-18,66.55,93.51
F00000VFI2,31,1,34,-18,66.55,93.51
F00000ZXQG,31,1,34,-18,66.55,93.51
F00000ZXQE,31,1,34,-18,66.55,93.51
F00000ZXQI,31,1,34,-18,66.55,93.51
F0GBR04OBD,112,18,27,55.88,53.1,74.23
F000003VZ0,112,18,27,55.88,53.1,74.23
F000003VYE,112,18,27,55.88,53.1,74.23
F00000YQGF,112,18,27,55.88,53.1,74.23
F00000YQGG,112,18,27,55.88,53.1,74.23
F00000YQGH,112,18,27,55.88,53.1,74.23
F00000WWVI,21,1,56,61.01,67.56,95.25
F00000UG3L,21,1,56,61.01,67.56,95.25
F00000UNWA,21,1,56,61.01,67.56,95.25
F00000VDAD,0,7,100,\u2014,48.25,74.9
F00000P8BR,62,39,24,151.46,57.47,72.97
F0GBR04COP,62,39,24,151.46,57.47,72.97
F00000OOB2,450,87,21,0,47.81,68.77
F0GBR04CPM,450,87,21,0,47.81,68.77
F0GBR05275,52,48,33,56.39,45.14,66.1
0P0000N6PE,52,48,33,56.39,45.14,66.1
0P0000N6PG,52,48,33,56.39,45.14,66.1
0P0000N6PH,52,48,33,56.39,45.14,66.1
F00000VOSC,52,48,33,56.39,45.14,66.1
0P00015THF,52,48,33,56.39,45.14,66.1
0P00015THE,52,48,33,56.39,45.14,66.1
F0000000GO,52,48,33,56.39,45.14,66.1
0P0000N6QM,52,48,33,56.39,45.14,66.1
F00000204S,52,48,33,56.39,45.14,66.1
0P0000N6PN,52,48,33,56.39,45.14,66.1
0P0000N6PP,52,48,33,56.39,45.14,66.1
F00000H35C,42,38,40,105.75,60.55,76.55
0P0000NQ2Q,42,38,40,105.75,60.55,76.55
0P0000NQ2P,42,38,40,105.75,60.55,76.55
0P0000NQ2N,42,38,40,105.75,60.55,76.55
0P0000NQ2O,42,38,40,105.75,60.55,76.55
F00000NGWK,42,38,40,105.75,60.55,76.55
0P0000Z6YS,42,38,40,105.75,60.55,76.55
0P0000Z6YP,42,38,40,105.75,60.55,76.55
0P0000Z6YR,42,38,40,105.75,60.55,76.55
0P0000Z6YQ,42,38,40,105.75,60.55,76.55
F00000GUPD,42,38,40,105.75,60.55,76.55
0P0000NAK4,42,38,40,105.75,60.55,76.55
0P0000NAK5,42,38,40,105.75,60.55,76.55
0P0000NAK6,42,38,40,105.75,60.55,76.55
0P0000NAK7,42,38,40,105.75,60.55,76.55
F0GBR05V67,42,38,40,105.75,60.55,76.55
0P0000N6IU,42,38,40,105.75,60.55,76.55
0P0000N6IW,42,38,40,105.75,60.55,76.55
0P0000N6IY,42,38,40,105.75,60.55,76.55
0P0000N6IZ,42,38,40,105.75,60.55,76.55
F0GBR053MP,54,71,27,-44.78,55.02,72.03
0P0000N6PR,54,71,27,-44.78,55.02,72.03
0P0000N6PS,54,71,27,-44.78,55.02,72.03
0P00001AJ6,54,71,27,-44.78,55.02,72.03
0P00001AJ7,54,71,27,-44.78,55.02,72.03
F0000000I8,54,71,27,-44.78,55.02,72.03
0P0000N6QN,54,71,27,-44.78,55.02,72.03
0P0000N6QO,54,71,27,-44.78,55.02,72.03
0P0000N6QP,54,71,27,-44.78,55.02,72.03
F00000204K,54,71,27,-44.78,55.02,72.03
0P0000N6Q2,54,71,27,-44.78,55.02,72.03
0P0000N6Q3,54,71,27,-44.78,55.02,72.03
0P0000N6Q4,54,71,27,-44.78,55.02,72.03
F0GBR04EM0,51,58,28,66.91,52.01,71.24
0P0000N6O2,51,58,28,66.91,52.01,71.24
0P0000NFUS,51,58,28,66.91,52.01,71.24
F0GBR05XQQ,51,58,28,66.91,52.01,71.24
0P0000N6LT,51,58,28,66.91,52.01,71.24
0P0000N6LU,51,58,28,66.91,52.01,71.24
0P0000N6LV,51,58,28,66.91,52.01,71.24
F000001W23,51,58,28,66.91,52.01,71.24
0P0000N6O4,51,58,28,66.91,52.01,71.24
0P0000N6O6,51,58,28,66.91,52.01,71.24
F0GBR04RX1,51,10,34,91.22,49.08,68.61
F0000023NI,51,10,34,91.22,49.08,68.61
F00000SVDG,51,10,34,91.22,49.08,68.61
F00000P0Q8,51,10,34,91.22,49.08,68.61
F000000R67,53,8,31,62.83,46.41,65.8
F000000R6C,53,8,31,62.83,46.41,65.8
F00000SVEC,53,8,31,62.83,46.41,65.8
F00000P0QJ,53,8,31,62.83,46.41,65.8
F000000R69,40,8,\u2014,390.49,49.73,65.95
F000000R6I,40,8,\u2014,390.49,49.73,65.95
F00000SVEI,40,8,\u2014,390.49,49.73,65.95
F00000P0QL,40,8,\u2014,390.49,49.73,65.95
F0GBR04P5K,74,11,\u2014,370.15,60.73,87.19
F000005F0X,74,11,\u2014,370.15,60.73,87.19
F00000SVDK,74,11,\u2014,370.15,60.73,87.19
F00000P0V9,74,11,\u2014,370.15,60.73,87.19
F000010OP2,51,11,33,\u2014,48.37,66.07
F0GBR04ABY,59,16,28,-4.35,44.56,65.13
F0GBR06CWO,59,16,28,-4.35,44.56,65.13
F0GBR04AC0,59,16,28,-4.35,44.56,65.13
F0GBR04K71,59,16,28,-4.35,44.56,65.13
F00000MAW8,59,16,28,-4.35,44.56,65.13
F0000000Y6,64,14,26,-19.63,42.35,63.29
F0000000Y5,64,14,26,-19.63,42.35,63.29
F0000000Y4,64,14,26,-19.63,42.35,63.29
F00000NGHU,40,5,\u2014,-15.21,45.16,64.4
F00000NGHW,40,5,\u2014,-15.21,45.16,64.4
F0GBR04ABX,67,14,28,83.16,64.66,84.53
F0GBR06C9W,67,14,28,83.16,64.66,84.53
F0GBR04SQF,67,14,28,83.16,64.66,84.53
F0GBR04TWF,67,14,28,83.16,64.66,84.53
F00000QB3R,55,20,36,108.82,48.72,73.67
F00000UOOB,55,20,36,108.82,48.72,73.67
F00000QTTD,55,20,36,108.82,48.72,73.67
F00000QNSS,55,20,36,108.82,48.72,73.67
F00000WFGB,55,20,36,108.82,48.72,73.67
F0GBR04U6V,55,20,36,108.82,48.72,73.67
F0GBR04KFA,55,20,36,108.82,48.72,73.67
F0GBR04G4M,45,7,38,641.69,53.69,75.5
F000013L9V,45,7,38,641.69,53.69,75.5
F00000ONHU,45,7,38,641.69,53.69,75.5
F0GBR04KWI,59,9,30,-0.8,48.58,69.33
F000013L9W,59,9,30,-0.8,48.58,69.33
F0GBR054VC,59,9,30,-0.8,48.58,69.33
F00000ZW2X,59,9,30,-0.8,48.58,69.33
F0GBR04DJO,55,9,35,254.25,48.95,74.04
F000002F6P,55,9,35,254.25,48.95,74.04
F000013L9X,55,9,35,254.25,48.95,74.04
F0GBR06HUW,55,9,35,254.25,48.95,74.04
F0GBR04RWD,102,7,18,17,59.34,75.07
F000013L9Y,102,7,18,17,59.34,75.07
F0GBR04SAT,102,7,18,17,59.34,75.07
F0GBR04DDZ,50,7,34,127.85,45.37,68.66
F00000Z505,50,7,34,127.85,45.37,68.66
F00000T4MK,50,7,34,127.85,45.37,68.66
F00000QTR7,50,7,34,127.85,45.37,68.66
F0GBR063HC,50,7,34,127.85,45.37,68.66
F00000Z506,50,7,34,127.85,45.37,68.66
FOGBR05KAH,50,7,34,127.85,45.37,68.66
F00000IRT3,59,8,30,91.47,48.61,69.35
F00000IRTA,59,8,30,91.47,48.61,69.35
F0GBR04NWX,44,10,37,19.59,57.52,80.54
F00000NE6O,44,10,37,19.59,57.52,80.54
F00000QJ8J,44,10,37,19.59,57.52,80.54
F00000PWRS,44,10,37,19.59,57.52,80.54
F00000VUCI,44,10,37,19.59,57.52,80.54
F00000WFHB,44,10,37,19.59,57.52,80.54
F0GBR063HA,44,10,37,19.59,57.52,80.54
F00000OXMB,44,10,37,19.59,57.52,80.54
FOGBR05KAN,44,10,37,19.59,57.52,80.54
F0GBR04E8X,32,16,53,-60.37,99.99,99.99
F00000SA44,32,16,53,-60.37,99.99,99.99
F00000Q7PV,32,16,53,-60.37,99.99,99.99
F0GBR063HB,32,16,53,-60.37,99.99,99.99
FOGBR05KAT,32,16,53,-60.37,99.99,99.99
F0GBR04DCY,126,15,18,91.64,63.6,79.78
F00000PLLF,126,15,18,91.64,63.6,79.78
F0GBR063HE,126,15,18,91.64,63.6,79.78
FOGBR05KAL,126,15,18,91.64,63.6,79.78
F0GBR06IKH,393,88,30,62,47.16,70.8
F0GBR06IKI,393,88,30,62,47.16,70.8
F0GBR06AQG,192,10,15,61.35,57.7,79.76
F0GBR04K6T,192,10,15,61.35,57.7,79.76
F00000MAW9,192,10,15,61.35,57.7,79.76
F00000WITC,192,10,15,61.35,57.7,79.76
F00000WBS9,54,8,32,\u2014,47.7,65.76
F0GBR05Z9P,66,23,27,178.54,52.75,75.13
F00000QTTG,66,23,27,178.54,52.75,75.13
F0GBR04MCO,66,23,27,178.54,52.75,75.13
F0GBR05Z9H,76,17,19,70.58,63.06,82.05
F00000QTTK,76,17,19,70.58,63.06,82.05
F00000WBSA,54,8,32,\u2014,47.7,65.76
F00000WCT3,54,8,32,\u2014,47.7,65.76
F00000WF1L,192,6,18,\u2014,41.08,64.7
F00000WF1N,192,6,18,\u2014,41.08,64.7
F0GBR05S31,189,7,14,-13.9,57.46,79.47
F0GBR05ZDA,189,7,14,-13.9,57.46,79.47
F0GBR05VU6,189,7,14,-13.9,57.46,79.47
F0GBR04K6R,192,10,15,61.35,57.7,79.76
F0GBR04KW2,192,10,15,61.35,57.7,79.76
F00000JWFV,504,21,21,-1.95,47.07,69.17
F00000OJRP,504,21,21,-1.95,47.07,69.17
F00000SSSN,504,21,21,-1.95,47.07,69.17
F0GBR06JMW,504,21,21,-1.95,47.07,69.17
F00000NOT1,504,21,21,-1.95,47.07,69.17
F000005PK8,238,8,\u2014,6.99,45.16,67.19
F00000MCMJ,238,8,\u2014,6.99,45.16,67.19
F00000OYMI,437,27,\u2014,-7.89,44.32,68.66
F00000PEWO,437,27,\u2014,-7.89,44.32,68.66
F00000ZTE3,437,27,\u2014,-7.89,44.32,68.66
F00000OYMJ,437,27,\u2014,-7.89,44.32,68.66
F00000OYMK,437,27,\u2014,-7.89,44.32,68.66
F00000OYML,437,27,\u2014,-7.89,44.32,68.66
F00000X550,437,27,\u2014,-7.89,44.32,68.66
F00000YXWS,348,13,\u2014,18.77,46.22,69.13
F000001A06,348,13,\u2014,18.77,46.22,69.13
F000005PKA,348,13,\u2014,18.77,46.22,69.13
F00000Z2S2,433,21,\u2014,\u2014,44.27,68.28
F00000MR1V,433,21,\u2014,\u2014,44.27,68.28
F00000O3W4,433,21,\u2014,\u2014,44.27,68.28
F00000VV6S,40,1,40,-27.64,55.15,78.21
F00000SX9M,90,17,28,201.93,46.57,71.34
F00000X6VN,90,17,28,201.93,46.57,71.34
F0GBR05ZSF,55,20,36,108.82,48.72,73.67
F0GBR05ZA5,55,20,36,108.82,48.72,73.67
F00000UOOA,55,20,36,108.82,48.72,73.67
F0GBR04U71,76,17,19,70.58,63.06,82.05
F0GBR04KFD,76,17,19,70.58,63.06,82.05
F0GBR04S4Q,65,52,24,318.7,60.38,78.54
F00000OZXA,65,52,24,318.7,60.38,78.54
F00000OYE2,65,52,24,318.7,60.38,78.54
F0GBR055SK,87,152,28,329.28,57.14,76.59
F000000LBK,87,152,28,329.28,57.14,76.59
F00000OYYG,87,152,28,329.28,57.14,76.59
F0GBR04S4P,132,96,30,129.05,53.69,73.49
F000001X3L,132,96,30,129.05,53.69,73.49
F00000MNDW,132,96,30,129.05,53.69,73.49
F00000NOPW,132,96,30,129.05,53.69,73.49
F00000MZB0,72,23,29,206.64,62.64,80.21
F00000S7JR,72,23,29,206.64,62.64,80.21
F0GBR05VWD,149,45,31,24.25,50.88,73.58
F0GBR05KOA,149,45,31,24.25,50.88,73.58
F0GBR04MXG,149,45,31,24.25,50.88,73.58
F0GBR06W89,149,45,31,24.25,50.88,73.58
F0GBR05KO9,149,45,31,24.25,50.88,73.58
F0GBR05VWR,90,44,26,217.05,60.15,76.72
F00000QL6K,90,44,26,217.05,60.15,76.72
F0GBR06B0Y,90,44,26,217.05,60.15,76.72
F00000S6EH,90,44,26,217.05,60.15,76.72
F0GBR04MXK,90,44,26,217.05,60.15,76.72
F0GBR055SF,90,44,26,217.05,60.15,76.72
F0000105IU,90,44,26,217.05,60.15,76.72
F0GBR05WQ0,90,44,26,217.05,60.15,76.72
F0GBR05VVH,95,30,22,174.33,67.97,82.84
F00000QM21,95,30,22,174.33,67.97,82.84
F0GBR064XO,95,30,22,174.33,67.97,82.84
F00000V34Z,95,30,22,174.33,67.97,82.84
F0000105IY,95,30,22,174.33,67.97,82.84
F0GBR06NXH,95,30,22,174.33,67.97,82.84
F0GBR05VVV,72,19,50,84.7,91.69,96.6
F0000020I8,72,19,50,84.7,91.69,96.6
F0GBR04MXW,72,19,50,84.7,91.69,96.6
F000000JS1,72,19,50,84.7,91.69,96.6
F0GBR05VWQ,150,45,24,27.19,50.55,71.77
F0GBR04NRQ,150,45,24,27.19,50.55,71.77
F0GBR06B5I,150,45,24,27.19,50.55,71.77
F00000S6EG,150,45,24,27.19,50.55,71.77
F0GBR04MXM,150,45,24,27.19,50.55,71.77
F0GBR06U73,150,45,24,27.19,50.55,71.77
F0GBR05WP4,150,45,24,27.19,50.55,71.77
F000000GDU,173,97,24,2.04,53.25,71.76
F000000P5X,173,97,24,2.04,53.25,71.76
F00000MJFL,173,97,24,2.04,53.25,71.76
F00000RUU9,173,97,24,2.04,53.25,71.76
F000000GET,173,97,24,2.04,53.25,71.76
F000000P5W,173,97,24,2.04,53.25,71.76
F000000I0R,173,97,24,2.04,53.25,71.76
F0GBR05VWM,218,67,11,108.42,66.89,81.81
F0GBR05WP5,218,67,11,108.42,66.89,81.81
F0GBR04MXQ,218,67,11,108.42,66.89,81.81
F0GBR06W4Y,218,67,11,108.42,66.89,81.81
F0GBR05VWJ,189,71,27,70.88,62.74,83.81
F0GBR05WP7,189,71,27,70.88,62.74,83.81
F0GBR04MXS,189,71,27,70.88,62.74,83.81
F0GBR05VWF,257,52,23,75.33,61.99,82.04
F0GBR055EU,257,52,23,75.33,61.99,82.04
F0GBR04MXU,257,52,23,75.33,61.99,82.04
F0GBR05S10,257,52,23,75.33,61.99,82.04
F00000YDBN,95,33,26,62.21,55.8,79.32
F0GBR04DQ1,63,23,31,55.24,42.65,66.89
F000000P5P,63,23,31,55.24,42.65,66.89
F0GBR04DQ3,63,23,31,55.24,42.65,66.89
F00000WH5I,63,23,31,55.24,42.65,66.89
F0000007HL,63,23,31,55.24,42.65,66.89
F000000P5O,63,23,31,55.24,42.65,66.89
F00000H592,63,23,31,55.24,42.65,66.89
F0000105IZ,63,23,31,55.24,42.65,66.89
F0000102U1,63,23,31,55.24,42.65,66.89
F0GBR04X5Y,63,23,31,55.24,42.65,66.89
F0GBR05WLD,215,99,18,70.96,58.05,75.16
F000000AW5,215,99,18,70.96,58.05,75.16
F0GBR069OV,215,99,18,70.96,58.05,75.16
F00000MFMC,215,99,18,70.96,58.05,75.16
F0000102U0,215,99,18,70.96,58.05,75.16
F000000FQ9,215,99,18,70.96,58.05,75.16
F00000TEXB,45,1,31,60.96,45.22,66.84
F00000H0A7,45,1,31,60.96,45.22,66.84
F00000W8H5,45,1,31,60.96,45.22,66.84
F00000W8H8,45,1,31,60.96,45.22,66.84
F00000UON5,54,0,31,12.3,50.85,81.01
F00000UON7,54,0,31,12.3,50.85,81.01
F00000UON2,54,0,31,12.3,50.85,81.01
F00000UOMW,54,0,31,12.3,50.85,81.01
F00000UOMS,54,0,31,12.3,50.85,81.01
F00000UOMP,54,0,31,12.3,50.85,81.01
F00000UONC,54,0,31,12.3,50.85,81.01
F00000UONI,54,0,31,12.3,50.85,81.01
F00000VTC9,37,7,48,54.37,48.81,76.29
F0000155AX,37,7,48,54.37,48.81,76.29
F0000105GQ,37,7,48,54.37,48.81,76.29
F00000SQMB,43,129,45,-57,50.75,77.53
F00000SQMA,43,129,45,-57,50.75,77.53
F000000278,43,129,45,-57,50.75,77.53
F000000275,43,129,45,-57,50.75,77.53
F000002NWZ,43,129,45,-57,50.75,77.53
F00000MWJV,37,7,48,54.37,48.81,76.29
F00000MWJX,45,7,33,57.29,51.73,70.29
F0000155AZ,45,7,33,57.29,51.73,70.29
F000000AT8,45,7,33,57.29,51.73,70.29
F00000VZBL,24,12,56,\u2014,67.53,89.36
F00000X3G2,43,37,35,\u2014,77.12,93.77
F000000F68,69,25,\u2014,-19.75,53.72,74.23
F000000ASN,69,25,\u2014,-19.75,53.72,74.23
F000000ASM,69,25,\u2014,-19.75,53.72,74.23
F000000QZT,69,25,\u2014,-19.75,53.72,74.23
F0000020PS,69,25,\u2014,-19.75,53.72,74.23
F0000020PU,69,25,\u2014,-19.75,53.72,74.23
F00000XJDR,69,25,\u2014,-19.75,53.72,74.23
F00000JRWX,69,25,\u2014,-19.75,53.72,74.23
F00000JRWY,69,25,\u2014,-19.75,53.72,74.23
F00000JRX0,69,25,\u2014,-19.75,53.72,74.23
F000000QZS,69,25,\u2014,-19.75,53.72,74.23
F00000MAVV,27,0,53,662.54,61.51,82.18
F00000YE5O,27,0,53,662.54,61.51,82.18
F00000YE5N,27,0,53,662.54,61.51,82.18
F0GBR04RVQ,27,0,53,662.54,61.51,82.18
F00000TUO9,80,4,31,219.75,45.13,67.76
F00000TUOA,80,4,31,219.75,45.13,67.76
F00000TUOB,80,4,31,219.75,45.13,67.76
F00000OB15,38,7,\u2014,\u2014,54.21,74.04
F00000OB17,38,7,\u2014,\u2014,54.21,74.04
F00000OB2D,38,7,\u2014,\u2014,54.21,74.04
F0GBR04GM3,40,1,35,170.71,57.24,76.39
F0GBR05343,40,1,35,170.71,57.24,76.39
F00000OWFI,40,1,35,170.71,57.24,76.39
F00000S9KA,40,1,35,170.71,57.24,76.39
F00000X7KU,199,2,\u2014,\u2014,56.82,80.19
F00000TEO5,199,2,\u2014,\u2014,56.82,80.19
F000010IOY,49,2,28,\u2014,61.64,85.38
F000010IP0,49,2,28,\u2014,61.64,85.38
F0GBR053MX,42,1,\u2014,61.7,62.27,85.96
F0GBR06I2Z,42,1,\u2014,61.7,62.27,85.96
F00000Z0AM,69,4,21,\u2014,58.41,76.02
F000010N8N,69,4,21,\u2014,58.41,76.02
F00000Z0AK,69,4,21,\u2014,58.41,76.02
F00000Z9U5,69,4,21,\u2014,58.41,76.02
F00000Z0AW,69,4,21,\u2014,58.41,76.02
F00000PKH8,70,36,20,68.28,47.99,77.82
F0GBR06W4X,70,36,20,68.28,47.99,77.82
F0000003CR,70,36,20,68.28,47.99,77.82
F00000H34C,70,36,20,68.28,47.99,77.82
F00000M8I5,70,36,20,68.28,47.99,77.82
F000011HJJ,54,7,26,\u2014,49.68,74.39
F000011HJO,54,7,26,\u2014,49.68,74.39
F000011HJL,54,7,26,\u2014,49.68,74.39
F000011HJN,54,7,26,\u2014,49.68,74.39
F00000PKH5,39,3,33,-56.93,63.53,84.95
F0GBR069YT,39,3,33,-56.93,63.53,84.95
F0000155B3,40,6,41,73.96,50.82,72.58
F0GBR04C41,40,6,41,73.96,50.82,72.58
F00000MWJZ,40,6,41,73.96,50.82,72.58
F00000V83A,92,9,28,\u2014,44.6,69.39
F00000V83C,52,14,5,\u2014,85.98,99.99
F0GBR04HIW,39,3,33,-56.93,63.53,84.95
F00000JVNA,39,3,33,-56.93,63.53,84.95
F000003Z2O,39,3,33,-56.93,63.53,84.95
F00000UDWL,35,3,58,-12.86,63.75,86
F00000UDWK,35,3,58,-12.86,63.75,86
F00000ZI3T,77,31,-30,\u2014,51.77,72.1
F00000XLBX,77,31,-30,\u2014,51.77,72.1
F000003VPU,50,1,24,33.32,52.6,73.12
F00000SFL9,50,1,24,33.32,52.6,73.12
F00000LX1J,50,1,24,33.32,52.6,73.12
F00000LX1M,49,1,30,18.58,47.38,69.31
F00000XK81,49,1,30,18.58,47.38,69.31
F000005LRG,60,0,\u2014,105.96,44.34,66.83
F00000OUII,60,0,\u2014,105.96,44.34,66.83
F00000QJXS,58,0,30,117.88,43.02,66.01
F00000MJ9X,58,0,30,117.88,43.02,66.01
F000010MQF,58,0,30,117.88,43.02,66.01
F00000PQ43,58,0,30,117.88,43.02,66.01
F0000023H4,81,21,\u2014,75.37,48.57,66.89
F0000023H5,81,21,\u2014,75.37,48.57,66.89
F00000OUIQ,81,21,\u2014,75.37,48.57,66.89
F00000OMM6,26,0,65,\u2014,98.05,99.99
F00001012C,26,0,65,\u2014,98.05,99.99
F00000SFO4,26,0,65,\u2014,98.05,99.99
F00001012E,26,0,65,\u2014,98.05,99.99
F00000WMBE,83,1,\u2014,\u2014,48.05,67.71
F00000ZQYQ,53,3,29,\u2014,47.71,67.95
F00000ZQYM,53,3,29,\u2014,47.71,67.95
F00000ZQYO,53,3,29,\u2014,47.71,67.95
F00000QTLT,511,4,21,1.77,47.14,68.8
F00000OZTF,511,4,21,1.77,47.14,68.8
F0GBR06I94,511,4,21,1.77,47.14,68.8
F0GBR04C2P,511,4,21,1.77,47.14,68.8
F0000102Y6,35,2,33,124.44,63.75,92.22
F00000OKGG,35,2,33,124.44,63.75,92.22
F00000OKF2,35,2,33,124.44,63.75,92.22
F0GBR05PTX,35,2,33,124.44,63.75,92.22
F000010BB8,347,22,23,1.11,46.23,69.13
F000010BB9,347,22,23,1.11,46.23,69.13
F00000PLVS,55,16,32,96.4,66.62,88.27
F00000UDWN,35,3,58,-12.86,63.75,86
F00000XCYF,113,5,27,\u2014,44.31,68.8
F00000W1FR,113,5,27,\u2014,44.31,68.8
F00000Z6FF,113,5,27,\u2014,44.31,68.8
F000002IS7,29,3,48,47.09,64.77,86.06
F0000003JC,29,3,48,47.09,64.77,86.06
F00000NUE3,29,3,48,47.09,64.77,86.06
F000002IS8,29,3,48,47.09,64.77,86.06
F0000024C5,290,0,24,\u2014,45.02,67.2
F000010L79,73,14,26,\u2014,47.14,66.99
F000010L77,73,14,26,\u2014,47.14,66.99
F000010L7C,73,14,26,\u2014,47.14,66.99
F000010L7A,73,14,26,\u2014,47.14,66.99
F000010L0W,73,14,26,\u2014,47.14,66.99
F000010L54,31,17,46,\u2014,49.42,72.06
F000010L56,31,17,46,\u2014,49.42,72.06
F000010L52,31,17,46,\u2014,49.42,72.06
F000010L4Z,31,17,46,\u2014,49.42,72.06
F000010KZ2,31,17,46,\u2014,49.42,72.06
F0GBR04S9B,453,15,21,-3.77,48.26,70.38
F0GBR04SCQ,49,9,35,30.77,50.68,73.11
F00000OO5V,49,9,35,30.77,50.68,73.11
F000013D2D,49,9,35,30.77,50.68,73.11
F00000OO5X,49,9,35,30.77,50.68,73.11
F0GBR04JIM,49,9,35,30.77,50.68,73.11
F0GBR04S8X,31,9,46,149.68,49.5,72.11
F00000OO88,31,9,46,149.68,49.5,72.11
F00000OO89,31,9,46,149.68,49.5,72.11
F0GBR04JIQ,31,9,46,149.68,49.5,72.11
F0GBR04S9C,48,8,36,47.25,57.11,77.28
F00000OOBN,48,8,36,47.25,57.11,77.28
F00000OO62,48,8,36,47.25,57.11,77.28
F0GBR04JJU,48,8,36,47.25,57.11,77.28
F0GBR04VE4,35,25,39,6.5,75.72,90.76
0P0000PY1Y,35,25,39,6.5,75.72,90.76
0P0000PY21,35,25,39,6.5,75.72,90.76
0P0000PY1X,35,25,39,6.5,75.72,90.76
0P0000PY1W,35,25,39,6.5,75.72,90.76
0P0000PY20,35,25,39,6.5,75.72,90.76
0P0000PY1Z,35,25,39,6.5,75.72,90.76
0P0000PY1V,35,25,39,6.5,75.72,90.76
F00000V667,35,25,39,6.5,75.72,90.76
0P000155E9,35,25,39,6.5,75.72,90.76
0P000155EA,35,25,39,6.5,75.72,90.76
0P000155ED,35,25,39,6.5,75.72,90.76
0P000155EE,35,25,39,6.5,75.72,90.76
0P000155EC,35,25,39,6.5,75.72,90.76
0P000155EB,35,25,39,6.5,75.72,90.76
0P000155EF,35,25,39,6.5,75.72,90.76
F000000GOT,35,25,39,6.5,75.72,90.76
0P0000PY28,35,25,39,6.5,75.72,90.76
0P0000PY25,35,25,39,6.5,75.72,90.76
0P0000PY27,35,25,39,6.5,75.72,90.76
0P0000PY24,35,25,39,6.5,75.72,90.76
0P0000PY26,35,25,39,6.5,75.72,90.76
0P0000PY23,35,25,39,6.5,75.72,90.76
0P0000PY22,35,25,39,6.5,75.72,90.76
F00000WPQ8,33,1,44,\u2014,60.8,82.82
F0000100X9,33,1,44,\u2014,60.8,82.82
F00000WPQ9,33,1,44,\u2014,60.8,82.82
F00000WPQA,33,1,44,\u2014,60.8,82.82
F00000WPQB,28,1,45,\u2014,70.59,89.31
F00000WPQC,28,1,45,\u2014,70.59,89.31
F0GBR04FHB,39,4,\u2014,142.5,70.24,85.27
F00000VSCP,54,19,33,\u2014,59.17,78.2
F000000NT5,52,12,\u2014,293.7,80.19,95.15
F00000UQWX,52,12,\u2014,293.7,80.19,95.15
F00000SG6Y,52,12,\u2014,293.7,80.19,95.15
F0GBR06M4B,29,1,54,"1,062.50",63,89.09
F0GBR04S0C,29,1,54,"1,062.50",63,89.09
F00000ZZAS,32,1,46,\u2014,52.48,71.48
F00000XIB1,94,12,-17,\u2014,58.68,79.56
F00000XPY3,94,12,-17,\u2014,58.68,79.56
F00000VXJ4,94,12,-17,\u2014,58.68,79.56
F00000WA5U,94,12,-17,\u2014,58.68,79.56
F00000YA2Z,31,2,51,\u2014,68.93,90.64
F00000YA32,31,2,51,\u2014,68.93,90.64
F00000Z4XL,31,2,51,\u2014,68.93,90.64
F000015SO6,31,2,51,\u2014,68.93,90.64
F00000Y9YQ,31,2,51,\u2014,68.93,90.64
F00000Y99D,31,2,51,\u2014,68.93,90.64
F00000Y9YT,31,2,51,\u2014,68.93,90.64
F00000Y9YU,31,2,51,\u2014,68.93,90.64
F00000YE1C,31,2,51,\u2014,68.93,90.64
F000015SO7,31,2,51,\u2014,68.93,90.64
F00000W8QW,34,1,39,13.98,44.26,67.06
F00000XR9L,34,1,39,13.98,44.26,67.06
F0GBR05V7L,34,1,39,13.98,44.26,67.06
F00000W6CG,34,1,39,13.98,44.26,67.06
F00000XDY9,34,1,39,13.98,44.26,67.06
F00000VTL5,34,1,39,13.98,44.26,67.06
FOUSA088S1,34,1,39,13.98,44.26,67.06
F00000ZJLW,32,1,41,\u2014,46.3,69.86
F00000ZJLV,32,1,41,\u2014,46.3,69.86
F00000ZLPT,32,1,41,\u2014,46.3,69.86
F000010F4Q,32,1,41,\u2014,46.3,69.86
F00000ZJLU,32,1,41,\u2014,46.3,69.86
F00000ZMH7,185,4,23,\u2014,45.19,67.05
F00000ZLIJ,185,4,23,\u2014,45.19,67.05
F00000ZHYA,185,4,23,\u2014,45.19,67.05
F00000ZHYB,185,4,23,\u2014,45.19,67.05
F00000V4X6,55,7,25,-1.27,51.33,74.35
0P000153UD,55,7,25,-1.27,51.33,74.35
F00000MBWQ,22,2,53,171.9,66.23,84.51
F00000MBWR,22,2,53,171.9,66.23,84.51
F00000QBO9,70,12,29,-105,50.61,74.26
F00000V2ZP,70,12,29,-105,50.61,74.26
F00000QBOA,70,12,29,-105,50.61,74.26
F00000WN9T,70,12,29,-105,50.61,74.26
F00000V2ZR,70,12,29,-105,50.61,74.26
F0GBR04HQC,86,18,28,-34,46.51,69.46
F0GBR04W07,86,18,28,-34,46.51,69.46
F00000V2WT,86,18,28,-34,46.51,69.46
F0GBR05ZUF,86,18,28,-34,46.51,69.46
F0GBR05ZUG,86,18,28,-34,46.51,69.46
F0GBR06PBW,86,18,28,-34,46.51,69.46
F00000PMQL,86,18,28,-34,46.51,69.46
F00000QBO2,86,18,28,-34,46.51,69.46
F00000V2WW,86,18,28,-34,46.51,69.46
F0GBR04UGX,99,10,29,-24,52.38,72.36
F0GBR05ZUU,99,10,29,-24,52.38,72.36
F00000V2ZU,99,10,29,-24,52.38,72.36
F0GBR05ZUT,99,10,29,-24,52.38,72.36
F00000QBOB,99,10,29,-24,52.38,72.36
F00000PMQM,99,10,29,-24,52.38,72.36
F00000QBOC,99,10,29,-24,52.38,72.36
F00000V2ZX,99,10,29,-24,52.38,72.36
F0GBR04GNL,63,17,31,-27,54.61,75.27
F000000JYQ,63,17,31,-27,54.61,75.27
F0GBR05ZUV,63,17,31,-27,54.61,75.27
F0GBR05ZUX,63,17,31,-27,54.61,75.27
F00000MSZG,63,17,31,-27,54.61,75.27
F00000PY4P,63,17,31,-27,54.61,75.27
F00000PMQP,63,17,31,-27,54.61,75.27
F00000PMQQ,63,17,31,-27,54.61,75.27
F00000QBO8,63,17,31,-27,54.61,75.27
F00000WN9U,63,17,31,-27,54.61,75.27
F00000GVOK,63,17,31,-27,54.61,75.27
F00000ZIAD,179,10,25,\u2014,52.86,75.66
F00000ZIAC,179,10,25,\u2014,52.86,75.66
F0000107C6,52,1,26,\u2014,57.56,77.38
F000002ILB,42,2,42,79.92,71.33,88.22
F00000WLBU,42,2,42,79.92,71.33,88.22
F00000WLB8,36,2,41,47.76,64.37,90.34
F00000WLB9,36,2,41,47.76,64.37,90.34
F00000WLBE,36,2,41,47.76,64.37,90.34
F0000102YT,36,2,41,47.76,64.37,90.34
F00000WLBH,36,2,41,47.76,64.37,90.34
F000002ILI,42,2,42,79.92,71.33,88.22
F0000101BE,42,2,42,79.92,71.33,88.22
F00000MQHY,49,2,40,0,68.07,90.05
F00000XBPD,49,2,40,0,68.07,90.05
F00000W3Z5,49,2,40,0,68.07,90.05
F00000MQHZ,49,2,40,0,68.07,90.05
F0000107GY,49,2,40,0,68.07,90.05
F00000MBWT,22,2,53,171.9,66.23,84.51
F00000O7XQ,128,15,32,327,50.6,72.6
F0GBR04LI4,128,15,32,327,50.6,72.6
F00000WA5Y,128,15,32,327,50.6,72.6
F000003WU5,128,15,32,327,50.6,72.6
F00000QS7B,59,2,31,\u2014,47.49,74.44
F00000QS7C,59,2,31,\u2014,47.49,74.44
F00000S8UO,58,8,33,\u2014,67.51,87.19
F00000S8UQ,58,8,33,\u2014,67.51,87.19
F00000MVCO,52,4,32,\u2014,52.59,73.46
F00000T1MU,128,15,32,327,50.6,72.6
F00000SJSL,128,15,32,327,50.6,72.6
F0GBR05ADV,182,0,19,73.81,49.73,71.35
F0GBR04VDS,182,0,19,73.81,49.73,71.35
F0GBR04IIL,182,0,19,73.81,49.73,71.35
F0GBR04WOB,182,0,19,73.81,49.73,71.35
F00000J73J,182,0,19,73.81,49.73,71.35
F00000UK0P,182,0,19,73.81,49.73,71.35
F0000027KU,43,7,37,74.79,59.35,81.01
F00000ZM5Y,43,7,37,74.79,59.35,81.01
F00000LPRQ,38,26,\u2014,9.17,63.71,85.83
F00000PYB0,38,26,\u2014,9.17,63.71,85.83
F00000MSZ7,80,14,26,89,45.21,68.88
F00000MSZ6,80,14,26,89,45.21,68.88
F00000XGMV,80,14,26,89,45.21,68.88
F00000MSZA,80,14,26,89,45.21,68.88
F00000MSZB,80,14,26,89,45.21,68.88
F00000QBO4,80,14,26,89,45.21,68.88
F00000XGMY,80,14,26,89,45.21,68.88
F00000QBO5,80,14,26,89,45.21,68.88
F00000XGN0,80,14,26,89,45.21,68.88
F0GBR05ZTQ,46,9,47,-36,49.87,75.57
F0GBR04KO6,46,9,47,-36,49.87,75.57
F0GBR05ZTR,46,9,47,-36,49.87,75.57
F00000V332,46,9,47,-36,49.87,75.57
F0GBR059QJ,46,9,47,-36,49.87,75.57
F00000QBOE,46,9,47,-36,49.87,75.57
F00000V33O,46,9,47,-36,49.87,75.57
F00000QBOF,46,9,47,-36,49.87,75.57
F00000YCVQ,46,9,47,-36,49.87,75.57
F0GBR04O0J,70,12,29,-105,50.61,74.26
F0GBR05ZUH,70,12,29,-105,50.61,74.26
F00000V2ZN,70,12,29,-105,50.61,74.26
F0GBR05ZUJ,70,12,29,-105,50.61,74.26
F00000MSZF,70,12,29,-105,50.61,74.26
F00000MVCQ,52,4,32,\u2014,52.59,73.46
F00000Q489,25,1,47,62,56.92,82.86
F0000044E6,56,1,28,57.5,57.6,76.89
F00000Q486,56,1,28,57.5,57.6,76.89
F00000Q488,56,1,28,57.5,57.6,76.89
F00000X14G,26,3,53,-117.75,70.54,91.41
0P00017OYK,26,3,53,-117.75,70.54,91.41
F00000X14I,26,3,53,-117.75,70.54,91.41
0P00017OYL,26,3,53,-117.75,70.54,91.41
F00000X14K,26,3,53,-117.75,70.54,91.41
0P00017OYM,26,3,53,-117.75,70.54,91.41
F0GBR04BDY,29,4,55,47.68,100,100
0P00000SIH,29,4,55,47.68,100,100
F0GBR04SWZ,29,4,55,47.68,100,100
0P00000SIJ,29,4,55,47.68,100,100
F000002NQM,29,4,55,47.68,100,100
0P0000KNQK,29,4,55,47.68,100,100
F00000V1V4,55,4,30,-5.01,53.24,79.28
0P00014ZQW,55,4,30,-5.01,53.24,79.28
F00000V1V5,55,4,30,-5.01,53.24,79.28
0P00014ZQX,55,4,30,-5.01,53.24,79.28
F00000UP2V,49,7,30,\u2014,58.49,81.44
F00000UP2W,49,7,30,\u2014,58.49,81.44
F00000TW80,106,2,32,\u2014,48.58,75.17
F00000TW81,106,2,32,\u2014,48.58,75.17
F00000TW82,106,2,32,\u2014,48.58,75.17
F0GBR04SFG,305,17,16,298.64,60.34,77.58
F0GBR050LT,305,17,16,298.64,60.34,77.58
F000000ARY,223,9,22,382.11,49.65,71.15
F0GBR068QV,223,9,22,382.11,49.65,71.15
F00000R6QK,54,2,46,\u2014,68.5,84.79
F00000R6QL,54,2,46,\u2014,68.5,84.79
F00000RW5K,115,3,22,\u2014,43.71,65.35
F00000RW5L,115,3,22,\u2014,43.71,65.35
F0GBR04AUS,78,3,19,\u2014,58.53,81.87
F0000110I4,78,3,19,\u2014,58.53,81.87
F0GBR04DBB,78,3,19,\u2014,58.53,81.87
F00000T88V,78,3,19,\u2014,58.53,81.87
F00000WGOU,44,1,35,104.3,44.68,67.7
F00000T0NO,41,2,36,\u2014,66,86.15
F00000YIKF,41,2,36,\u2014,66,86.15
F000005GZZ,55,81,30,61.32,52.01,76.54
F000000LIO,55,81,30,61.32,52.01,76.54
F00000W1V5,55,81,30,61.32,52.01,76.54
F00000RUFA,55,81,30,61.32,52.01,76.54
F00000TD1R,55,81,30,61.32,52.01,76.54
F00000PSQ9,55,81,30,61.32,52.01,76.54
F00001019O,55,81,30,61.32,52.01,76.54
F00000ZK6Z,55,81,30,61.32,52.01,76.54
F00000PH03,55,81,30,61.32,52.01,76.54
F0GBR04B4Z,46,6,37,251.9,48.67,68.36
F00000MGH9,46,6,37,251.9,48.67,68.36
0P0000TF7I,46,6,37,251.9,48.67,68.36
F00000WJ15,46,6,37,251.9,48.67,68.36
F0GBR05SC4,49,8,35,226.26,52.76,75.21
F00000ZSTR,45,16,35,47.58,50.68,75.77
F000002O8F,51,10,33,-1.52,63.46,82.47
F000002O8D,51,10,33,-1.52,63.46,82.47
F00000ZRHA,42,8,39,26.26,53.58,78.45
F000010AI9,42,8,39,26.26,53.58,78.45
F00000ZRHC,42,8,39,26.26,53.58,78.45
F00000ZRHF,42,8,39,26.26,53.58,78.45
F00000OWQW,31,7,55,44.07,56.58,84.92
F00000PSE0,31,7,55,44.07,56.58,84.92
F000000PDU,31,7,55,44.07,56.58,84.92
F0GBR04EF6,31,7,55,44.07,56.58,84.92
F00000ZL9D,31,7,55,44.07,56.58,84.92
F00000QJGT,161,8,34,-10.84,58.31,79.49
F00000PSE1,161,8,34,-10.84,58.31,79.49
F000001GHO,161,8,34,-10.84,58.31,79.49
F00000033J,161,8,34,-10.84,58.31,79.49
F00000PVP6,25,4,56,40.61,54.85,81.73
F00000PVP8,25,4,56,40.61,54.85,81.73
F00000PVP7,25,4,56,40.61,54.85,81.73
F000010AIS,32,5,47,14.65,52.42,73.51
F00000UDM1,32,5,47,14.65,52.42,73.51
F00000UDM2,32,5,47,14.65,52.42,73.51
F00000QJXR,73,9,44,0.84,49.77,76.17
F00000QJY5,73,9,44,0.84,49.77,76.17
F0GBR0570I,73,9,44,0.84,49.77,76.17
F0GBR04EFI,73,9,44,0.84,49.77,76.17
F000011DVW,184,11,21,23.93,42.65,67.59
F00000RW8J,23,4,51,69.51,66.82,85.65
F00000RW8K,23,4,51,69.51,66.82,85.65
F00000RW8O,23,4,51,69.51,66.82,85.65
F00000HL56,20,9,56,13.06,71.17,95.15
F0GBR04DZL,20,9,56,13.06,71.17,95.15
F0GBR04JGM,20,9,56,13.06,71.17,95.15
F00000HL58,20,9,56,13.06,71.17,95.15
F00000ISG3,164,273,3,111.17,,
F00000ISG5,164,273,3,111.17,,
F0GBR06U3O,245,10,24,-21.69,46,67.33
F00000PEW5,245,10,24,-21.69,46,67.33
F0GBR06U3P,245,10,24,-21.69,46,67.33
FOGBR05K0E,245,10,24,-21.69,46,67.33
F000003U7D,245,10,24,-21.69,46,67.33
F0GBR06BR1,444,23,18,-29.51,44.23,68.63
F000000QSG,444,23,18,-29.51,44.23,68.63
F0GBR04BD9,444,23,18,-29.51,44.23,68.63
F0GBR04LWJ,444,23,18,-29.51,44.23,68.63
F0GBR06BQZ,444,23,18,-29.51,44.23,68.63
F0GBR054AX,61,9,33,64.75,58.26,81.26
F0GBR04OD7,61,9,33,64.75,58.26,81.26
F0GBR04OD9,61,9,33,64.75,58.26,81.26
F000003U7F,61,9,33,64.75,58.26,81.26
F00000X57E,111,16,28,90.77,48.49,71.84
F0000022BB,152,102,28,7.45,51.22,76.19
F000000HRU,152,102,28,7.45,51.22,76.19
F00000ZHS4,353,13,18,53.43,43.5,67
F00000ZHS7,353,13,18,53.43,43.5,67
F00000ZHS3,353,13,18,53.43,43.5,67
F00000ZHS6,353,13,18,53.43,43.5,67
F00000ZHS2,353,13,18,53.43,43.5,67
F00000ZHS5,353,13,18,53.43,43.5,67
F0GBR04BW8,50,12,44,30.14,50.34,72.71
F00000QDBN,50,12,44,30.14,50.34,72.71
F0GBR065RV,50,12,44,30.14,50.34,72.71
F00000ZN0H,50,12,44,30.14,50.34,72.71
F00000Q8AT,507,73,\u2014,0,47.03,68.69
F00000H6KY,59,45,34,12,48.05,71.28
F00000HBRY,59,45,34,12,48.05,71.28
F0GBR04VDE,392,25,14,\u2014,46.85,68.62
F0GBR058S0,392,25,14,\u2014,46.85,68.62
F0GBR05XHW,392,25,14,\u2014,46.85,68.62
F0GBR05XHV,392,25,14,\u2014,46.85,68.62
F0GBR05XHU,392,25,14,\u2014,46.85,68.62
F0000009A6,392,25,14,\u2014,46.85,68.62
F0000001U8,376,15,22,\u2014,52.8,77.84
F00000YOJO,376,15,22,\u2014,52.8,77.84
F000010794,376,15,22,\u2014,52.8,77.84
F0GBR04VDH,337,20,17,215,47.24,68.39
F0GBR058RW,337,20,17,215,47.24,68.39
F0GBR058RX,337,20,17,215,47.24,68.39
F0GBR05XFH,337,20,17,215,47.24,68.39
F0GBR05XFI,337,20,17,215,47.24,68.39
F0GBR05XFJ,337,20,17,215,47.24,68.39
F0GBR05XFG,337,20,17,215,47.24,68.39
F00000LKZI,337,20,17,215,47.24,68.39
F00000095U,337,20,17,215,47.24,68.39
F0GBR06L2K,243,5,26,160.7,49.91,72.86
F00000O61O,49,168,\u2014,\u2014,51.12,74.11
F00000O61V,49,168,\u2014,\u2014,51.12,74.11
F00000PTAC,49,168,\u2014,\u2014,51.12,74.11
F00000O623,49,168,\u2014,\u2014,51.12,74.11
F00000ZYFY,49,168,\u2014,\u2014,51.12,74.11
F0GBR04HUP,40,77,\u2014,24.45,56.13,78.13
F00000QLMB,40,77,\u2014,24.45,56.13,78.13
F00000NRHX,40,77,\u2014,24.45,56.13,78.13
F00000JUY7,53,190,\u2014,75.3,47.82,70.92
F0GBR050GU,53,190,\u2014,75.3,47.82,70.92
F00000QLSX,53,190,\u2014,75.3,47.82,70.92
F00000ZYGQ,53,190,\u2014,75.3,47.82,70.92
F00000NBKO,53,190,\u2014,75.3,47.82,70.92
F0GBR04IQE,44,11,\u2014,103.35,56.23,77.54
F0GBR04S5S,44,11,\u2014,103.35,56.23,77.54
F0GBR05ZM5,129,23,19,129.52,45.49,68.69
F0GBR05716,32,15,43,21.58,62.98,81.09
F0GBR04SGL,32,15,43,21.58,62.98,81.09
F0GBR05717,32,15,43,21.58,62.98,81.09
F0GBR05ZM4,129,23,19,129.52,45.49,68.69
F00000PTA6,44,11,\u2014,103.35,56.23,77.54
F00000ZYFV,44,11,\u2014,103.35,56.23,77.54
F0GBR05898,44,11,\u2014,103.35,56.23,77.54
F0GBR04DL1,62,11,\u2014,79.22,58.27,80.27
F00000NBK6,62,11,\u2014,79.22,58.27,80.27
F0GBR05ZM6,129,23,19,129.52,45.49,68.69
F00000W0H4,33,1,41,\u2014,60.45,80.15
F00000W1L0,33,1,41,\u2014,60.45,80.15
F00000W1L3,33,1,41,\u2014,60.45,80.15
F0000108LM,52,0,\u2014,\u2014,60.7,84.44
F00000WMCF,52,0,\u2014,\u2014,60.7,84.44
F00000WMCG,52,0,\u2014,\u2014,60.7,84.44
F000005HKD,56,5,45,27.3,100,100
F000005HKB,56,5,45,27.3,100,100
F0GBR04SFU,102,10,23,80.48,50.32,74.51
F00000O58N,102,10,23,80.48,50.32,74.51
F0GBR04SFV,102,10,23,80.48,50.32,74.51
F00000ZWU1,414,12,19,\u2014,58.88,75.54
F00000ZWU3,414,12,19,\u2014,58.88,75.54
F00000ZWU5,414,12,19,\u2014,58.88,75.54
F00000ZYU0,414,12,19,\u2014,58.88,75.54
F00000WRFE,56,32,\u2014,\u2014,47.33,72.2
F00000PJ5C,56,32,\u2014,\u2014,47.33,72.2
F00000WA62,56,32,\u2014,\u2014,47.33,72.2
F00000SJXL,56,32,\u2014,\u2014,47.33,72.2
F00000WRFH,50,16,\u2014,\u2014,69.66,88.24
F00000PSR6,50,16,\u2014,\u2014,69.66,88.24
F00000WA68,50,16,\u2014,\u2014,69.66,88.24
F00000SK12,50,16,\u2014,\u2014,69.66,88.24
F00000YM39,42,10,33,\u2014,51.42,71.97
F00000VP6G,134,2,23,\u2014,60.47,80.2
F0GBR04I5K,396,2,\u2014,455.24,49.21,72.55
F00000OXB7,396,2,\u2014,455.24,49.21,72.55
F000002X49,396,2,\u2014,455.24,49.21,72.55
F000002NUK,396,2,\u2014,455.24,49.21,72.55
F00000Q1F0,396,2,\u2014,455.24,49.21,72.55
F00000TEKM,396,2,\u2014,455.24,49.21,72.55
F000010DLP,396,2,\u2014,455.24,49.21,72.55
F00000VWIN,40,6,40,\u2014,55.45,78.51
F00000X577,111,16,28,90.77,48.49,71.84
F00000X3QF,55,27,\u2014,\u2014,46.58,69.75
F00000WHKG,55,27,\u2014,\u2014,46.58,69.75
F0GBR04AFY,49,228,\u2014,16.34,46.97,72.25
F0GBR04EYQ,49,228,\u2014,16.34,46.97,72.25
F0GBR061LR,49,228,\u2014,16.34,46.97,72.25
F0GBR04AG0,49,228,\u2014,16.34,46.97,72.25
F0GBR04AG3,49,228,\u2014,16.34,46.97,72.25
F00000ZVQ2,49,228,\u2014,16.34,46.97,72.25
F0GBR054AO,49,228,\u2014,16.34,46.97,72.25
F0000109DK,49,228,\u2014,16.34,46.97,72.25
F00000M84R,24,21,\u2014,177.86,69.86,94.67
F00000M84S,24,21,\u2014,177.86,69.86,94.67
F00000YR7U,24,21,\u2014,177.86,69.86,94.67
F00000YR7V,24,21,\u2014,177.86,69.86,94.67
F00000M84T,24,21,\u2014,177.86,69.86,94.67
F00000QKXR,24,21,\u2014,177.86,69.86,94.67
F00000YR7T,24,21,\u2014,177.86,69.86,94.67
F000000JYW,184,93,\u2014,15.4,47.31,69.78
F000000JZ2,184,93,\u2014,15.4,47.31,69.78
F000000JZ4,184,93,\u2014,15.4,47.31,69.78
F000000JZ3,184,93,\u2014,15.4,47.31,69.78
F000000JZ1,184,93,\u2014,15.4,47.31,69.78
F00000QJ44,184,93,\u2014,15.4,47.31,69.78
F0GBR04AGW,40,155,\u2014,-50.16,60.32,81.39
F0GBR04EZC,40,155,\u2014,-50.16,60.32,81.39
F0GBR04AGZ,40,155,\u2014,-50.16,60.32,81.39
F0GBR04AH1,40,155,\u2014,-50.16,60.32,81.39
F0GBR052I9,40,155,\u2014,-50.16,60.32,81.39
F00000QJ41,40,155,\u2014,-50.16,60.32,81.39
F0GBR04AH5,52,11,\u2014,70.85,47.45,70.55
F00000T3F2,52,11,\u2014,70.85,47.45,70.55
F0GBR04EZ8,52,11,\u2014,70.85,47.45,70.55
F0GBR04AH7,52,11,\u2014,70.85,47.45,70.55
F0GBR04AH9,52,11,\u2014,70.85,47.45,70.55
F00000NMRO,52,11,\u2014,70.85,47.45,70.55
F0GBR052I8,52,11,\u2014,70.85,47.45,70.55
F00000QJ47,52,11,\u2014,70.85,47.45,70.55
F0GBR04SQV,41,76,\u2014,-140.18,64.11,82.63
F0GBR04T6V,41,76,\u2014,-140.18,64.11,82.63
F0GBR06PXN,41,76,\u2014,-140.18,64.11,82.63
F0GBR04SQZ,41,76,\u2014,-140.18,64.11,82.63
F0GBR04SR5,41,76,\u2014,-140.18,64.11,82.63
F00000Y0PK,41,76,\u2014,-140.18,64.11,82.63
F00000QKXT,41,76,\u2014,-140.18,64.11,82.63
F0GBR06LJ5,40,16,\u2014,37.47,65.91,87.7
F00000OZEY,40,16,\u2014,37.47,65.91,87.7
F0GBR06LJ6,40,16,\u2014,37.47,65.91,87.7
F0GBR06LJ7,40,16,\u2014,37.47,65.91,87.7
F0GBR06LJ8,40,16,\u2014,37.47,65.91,87.7
F00000OZEZ,40,16,\u2014,37.47,65.91,87.7
F0000106PY,40,16,\u2014,37.47,65.91,87.7
F0GBR06LJE,40,16,\u2014,37.47,65.91,87.7
F00000Y0PP,40,16,\u2014,37.47,65.91,87.7
F00000WGS3,40,16,\u2014,37.47,65.91,87.7
F00000WGS1,40,16,\u2014,37.47,65.91,87.7
F0GBR04HGZ,53,30,\u2014,-39.38,53.43,74.5
F00000T3EY,53,30,\u2014,-39.38,53.43,74.5
F0GBR053EE,53,30,\u2014,-39.38,53.43,74.5
F0GBR04G0Z,53,30,\u2014,-39.38,53.43,74.5
F0GBR053EH,53,30,\u2014,-39.38,53.43,74.5
F0GBR054AS,53,30,\u2014,-39.38,53.43,74.5
F00000QJ46,53,30,\u2014,-39.38,53.43,74.5
F00000QJ1W,54,111,\u2014,5.71,47.39,70.13
F00000QJ1Y,54,111,\u2014,5.71,47.39,70.13
F00000UEWW,54,111,\u2014,5.71,47.39,70.13
F00000QJ1Z,54,111,\u2014,5.71,47.39,70.13
F00000QJ20,54,111,\u2014,5.71,47.39,70.13
F00000QJ22,54,111,\u2014,5.71,47.39,70.13
F0GBR04ACG,36,1,\u2014,-95.74,68.41,91.46
F0GBR04F0B,36,1,\u2014,-95.74,68.41,91.46
F0GBR04ACO,36,1,\u2014,-95.74,68.41,91.46
F0GBR04ACS,36,1,\u2014,-95.74,68.41,91.46
F0GBR052JL,36,1,\u2014,-95.74,68.41,91.46
F0GBR061LU,45,1,\u2014,10.01,61.6,82.96
F0GBR061M4,45,1,\u2014,10.01,61.6,82.96
F0GBR061LX,45,1,\u2014,10.01,61.6,82.96
F0GBR061MQ,45,1,\u2014,10.01,61.6,82.96
F0GBR061MP,45,1,\u2014,10.01,61.6,82.96
F0GBR04AFC,51,47,\u2014,-59.97,66.44,88
F0GBR04F0N,51,47,\u2014,-59.97,66.44,88
F0GBR04AFD,51,47,\u2014,-59.97,66.44,88
F0GBR04AFE,51,47,\u2014,-59.97,66.44,88
F00000WG1B,51,47,\u2014,-59.97,66.44,88
F0GBR04LWW,49,2,\u2014,-1.58,66.76,89.52
F0GBR0551C,49,2,\u2014,-1.58,66.76,89.52
F0GBR04U3B,49,2,\u2014,-1.58,66.76,89.52
F0GBR04U3D,49,2,\u2014,-1.58,66.76,89.52
F0GBR061IH,49,2,\u2014,-1.58,66.76,89.52
F0GBR04IBC,104,17,27,111.52,51.1,72.63
F0GBR059NV,104,17,27,111.52,51.1,72.63
F00000YQMF,104,17,27,111.52,51.1,72.63
F0GBR04S2O,53,15,33,87.59,47.58,70.92
F00000YQMG,53,15,33,87.59,47.58,70.92
F0GBR06C3N,41,5,56,65.4,69.5,85.9
F0GBR06G72,276,10,18,98,54.75,75.49
F0GBR06TM0,276,10,18,98,54.75,75.49
F0GBR06G74,276,10,18,98,54.75,75.49
F0GBR063XB,276,10,18,98,54.75,75.49
F0GBR06G78,276,10,18,98,54.75,75.49
F0GBR06G76,276,10,18,98,54.75,75.49
F0GBR06G75,276,10,18,98,54.75,75.49
F0GBR06G77,276,10,18,98,54.75,75.49
F0GBR06G7A,276,10,18,98,54.75,75.49
F0GBR06G7C,276,10,18,98,54.75,75.49
F00000OMZQ,276,10,18,98,54.75,75.49
F000002KUP,140,6,28,131,49.75,70.62
F00000YMCF,246,13,19,51,44.26,69.26
F00000XBO1,246,13,19,51,44.26,69.26
F00000HH89,119,19,13,76,57.08,78.54
F00000VRC4,119,19,13,76,57.08,78.54
F00000VQIN,221,11,13,94,57.05,72.68
F0GBR04NBN,66,1,30,97.28,49.53,71
F0000003AR,444,12,21,-3.74,45.77,68.06
F00000Q0EW,31,8,36,182,65.27,91.01
F00000VZWA,31,8,36,182,65.27,91.01
F00000Q0EX,31,8,36,182,65.27,91.01
F00000Q9WX,30,5,36,50,56.36,78.57
F00000Q9WW,30,5,36,50,56.36,78.57
F00000Q9WV,30,5,36,50,56.36,78.57
F00000W9N9,40,7,72,-16,74.6,91.92
F0GBR04SKN,39,1,33,348,56.84,75.84
F0GBR06I2G,39,1,33,348,56.84,75.84
F00000WYDM,58,5,\u2014,\u2014,52.49,74.92
F00000LZGI,58,5,\u2014,\u2014,52.49,74.92
F00000NJCV,58,5,\u2014,\u2014,52.49,74.92
F00000XVJA,60,1,28,\u2014,57.08,80.28
F000000I19,60,11,28,61.57,57.09,80.21
F00000Q3SI,60,11,28,61.57,57.09,80.21
F000000I15,72,12,23,40.94,54.84,77.79
F000000I18,72,12,23,40.94,54.84,77.79
F00000Z1CQ,72,12,23,40.94,54.84,77.79
F00000QLX5,72,12,23,40.94,54.84,77.79
F000002TD6,105,12,22,-44.61,58.91,84.55
F000002TD7,105,12,22,-44.61,58.91,84.55
F00000SEBP,105,12,22,-44.61,58.91,84.55
F00000SZ35,105,12,22,-44.61,58.91,84.55
F0GBR04ARE,59,3,27,5.46,57.52,77.32
F0GBR0552X,59,3,27,5.46,57.52,77.32
F00000YX3I,59,3,27,5.46,57.52,77.32
F00000MQF9,49,5,30,9.73,53.35,77.58
F00000MQFB,49,5,30,9.73,53.35,77.58
F0GBR04LW5,31,4,46,193.88,53.22,74.57
F00000PLJ2,31,4,46,193.88,53.22,74.57
F0GBR0552S,31,4,46,193.88,53.22,74.57
F00000QBNN,31,4,46,193.88,53.22,74.57
F0GBR04IEZ,48,3,31,53.32,67.45,78.95
FOGBR05JFO,48,3,31,53.32,67.45,78.95
F0GBR0552T,48,3,31,53.32,67.45,78.95
FOGBR05JFP,48,3,31,53.32,67.45,78.95
F00000PLJ5,48,3,31,53.32,67.45,78.95
F00000NN3L,43,9,42,"1,984.66",51.2,81.71
0P0000Y5T5,43,9,42,"1,984.66",51.2,81.71
F00000NN3Q,43,9,42,"1,984.66",51.2,81.71
0P0000YAHZ,43,9,42,"1,984.66",51.2,81.71
F00000YWBD,43,9,42,"1,984.66",51.2,81.71
F00000ZTBP,276,10,18,98,54.75,75.49
F0GBR06FY9,218,11,15,\u2014,55.69,76.38
F0GBR061CY,218,11,15,\u2014,55.69,76.38
F0GBR06FYF,218,11,15,\u2014,55.69,76.38
F0GBR06FYD,218,11,15,\u2014,55.69,76.38
F000011D5T,78,8,24,\u2014,59.79,83.23
F000011D60,78,8,24,\u2014,59.79,83.23
F000011D5X,78,8,24,\u2014,59.79,83.23
F000011D5W,78,8,24,\u2014,59.79,83.23
F000011D61,78,8,24,\u2014,59.79,83.23
F0GBR06FYH,218,11,15,\u2014,55.69,76.38
F0GBR06FYI,218,11,15,\u2014,55.69,76.38
F00000ZTBA,218,11,15,\u2014,55.69,76.38
F00000VRLZ,42,27,37,0.77,77.42,91.9
0P0001AB97,42,27,37,0.77,77.42,91.9
0P00015YTR,42,27,37,0.77,77.42,91.9
0P00015YTU,42,27,37,0.77,77.42,91.9
0P00015YTX,42,27,37,0.77,77.42,91.9
0P00015YTO,42,27,37,0.77,77.42,91.9
F00000VRM0,42,27,37,0.77,77.42,91.9
0P00015YTV,42,27,37,0.77,77.42,91.9
0P00015YTY,42,27,37,0.77,77.42,91.9
F00000OS8P,36,25,39,0.44,99.11,100
0P0000X09J,36,25,39,0.44,99.11,100
0P0000X09H,36,25,39,0.44,99.11,100
0P0000X09I,36,25,39,0.44,99.11,100
0P0000X09G,36,25,39,0.44,99.11,100
0P0000XAIM,36,25,39,0.44,99.11,100
F00000TG5Z,36,25,39,0.44,99.11,100
0P000133C4,36,25,39,0.44,99.11,100
0P000135VX,36,25,39,0.44,99.11,100
F0GBR04OZL,52,25,36,0.38,49.02,69.26
0P0000CNVX,52,25,36,0.38,49.02,69.26
0P0000GGNS,52,25,36,0.38,49.02,69.26
0P0000GGNQ,52,25,36,0.38,49.02,69.26
0P00008WHV,52,25,36,0.38,49.02,69.26
0P0000GGNR,52,25,36,0.38,49.02,69.26
F00000SD2S,52,25,36,0.38,49.02,69.26
0P00011NM6,52,25,36,0.38,49.02,69.26
0P00011NMA,52,25,36,0.38,49.02,69.26
F0000000L0,60,1,27,-13.41,52.05,75.79
F00000WB24,237,8,24,-1,46.49,67.52
F00000W9MQ,237,8,24,-1,46.49,67.52
F00000W9MT,433,12,18,-29,44.13,68.1
F000002KUO,140,6,28,131,49.75,70.62
F000011D64,78,8,24,\u2014,59.79,83.23
F00000XQF3,77,17,51,\u2014,76.27,98.92
F00000XQF7,77,17,51,\u2014,76.27,98.92
F00000XQFA,77,17,51,\u2014,76.27,98.92
F00000YUOJ,77,17,51,\u2014,76.27,98.92
F0000118J4,47,8,31,\u2014,46.18,69.04
F0000118J6,47,8,31,\u2014,46.18,69.04
F0000118JH,47,8,31,\u2014,46.18,69.04
F0000118JJ,47,8,31,\u2014,46.18,69.04
F0000118JD,47,8,31,\u2014,46.18,69.04
F0000118J8,47,8,31,\u2014,46.18,69.04
F0000118JA,47,8,31,\u2014,46.18,69.04
F0000118JM,47,8,31,\u2014,46.18,69.04
F0000118JU,47,8,31,\u2014,46.18,69.04
F0000118JS,47,8,31,\u2014,46.18,69.04
F0GBR04CZP,54,10,29,46.66,51.19,77.43
0P0000H8EG,54,10,29,46.66,51.19,77.43
F0000022T9,54,10,29,46.66,51.19,77.43
0P0000SC09,54,10,29,46.66,51.19,77.43
F0000009KK,88,10,22,8.31,57.85,82.07
0P0000SC0A,88,10,22,8.31,57.85,82.07
F000002NYU,88,10,22,8.31,57.85,82.07
0P0001FSSP,88,10,22,8.31,57.85,82.07
F000010KNQ,88,10,22,8.31,57.85,82.07
F000010UCC,95,8,22,\u2014,56.91,80.91
F000010UCF,95,8,22,\u2014,56.91,80.91
F000010UCS,95,8,22,\u2014,56.91,80.91
F000010UCT,95,8,22,\u2014,56.91,80.91
F000010UCK,95,8,22,\u2014,56.91,80.91
F000010UCN,95,8,22,\u2014,56.91,80.91
F000010UCQ,95,8,22,\u2014,56.91,80.91
F000010UCI,95,8,22,\u2014,56.91,80.91
F000010UCJ,95,8,22,\u2014,56.91,80.91
F000010UCU,95,8,22,\u2014,56.91,80.91
F000010UD0,95,8,22,\u2014,56.91,80.91
F0GBR04RS3,58,11,29,110,61.6,85.97
0P00000NA9,58,11,29,110,61.6,85.97
F0GBR04RS2,58,11,29,110,61.6,85.97
0P00000NA3,58,11,29,110,61.6,85.97
F00000OU8P,58,11,29,110,61.6,85.97
F0GBR04RS7,43,11,43,91,51.23,81.76
F0GBR04RS5,43,11,43,91,51.23,81.76
F00000OU8T,43,11,43,91,51.23,81.76
F0GBR0508Q,78,11,24,127,59.83,83.19
F00000PPN1,78,11,24,127,59.83,83.19
F0GBR06XFS,31,11,50,309,77.25,99.01
0P000015GT,31,11,50,309,77.25,99.01
F0GBR06XFQ,31,11,50,309,77.25,99.01
0P000015GS,31,11,50,309,77.25,99.01
F00000OXIF,31,11,50,309,77.25,99.01
0P00017IW6,31,11,50,309,77.25,99.01
0P00017IW8,31,11,50,309,77.25,99.01
F00000WALO,57,10,27,\u2014,53.79,77.15
F00000WALM,57,10,27,\u2014,53.79,77.15
F00000WALQ,57,10,27,\u2014,53.79,77.15
F00000VH4P,46,11,34,\u2014,62.22,83.54
F00000VH4K,46,11,34,\u2014,62.22,83.54
F00000YCGU,60,20,26,42.99,57.63,77.67
F00000YCGW,60,20,26,42.99,57.63,77.67
F00000YCGZ,60,20,26,42.99,57.63,77.67
F0GBR04AQH,55,32,50,-11.03,70.73,89.25
F0GBR06D0F,55,32,50,-11.03,70.73,89.25
F00000T90B,55,32,50,-11.03,70.73,89.25
F00000W76V,62,26,40,-5.69,69.76,91.45
F00000W76Y,62,26,40,-5.69,69.76,91.45
F00000W76Z,62,26,40,-5.69,69.76,91.45
F00000W770,62,26,40,-5.69,69.76,91.45
F0GBR04AOD,69,19,35,165.65,50.75,74.08
F00000OMR0,69,19,35,165.65,50.75,74.08
F00000SIXB,69,19,35,165.65,50.75,74.08
F00000GZXH,74,32,30,269.98,50.5,73.25
F0GBR04AO3,74,32,30,269.98,50.5,73.25
F000002A2E,74,32,30,269.98,50.5,73.25
F00000460E,74,32,30,269.98,50.5,73.25
F00000SD9V,66,26,26,70.12,48.65,71.01
F00000LL8V,66,26,26,70.12,48.65,71.01
F0GBR04AOG,66,26,26,70.12,48.65,71.01
F00000VGVI,138,30,25,96.13,38.7,58.75
F00000Z2BK,138,30,25,96.13,38.7,58.75
F00000VA4Q,138,30,25,96.13,38.7,58.75
F00000W6X2,138,30,25,96.13,38.7,58.75
F00000LNV7,100,34,11,156.71,45.52,67.83
F00000W5L2,100,34,11,156.71,45.52,67.83
F00000LNV8,100,34,11,156.71,45.52,67.83
F00000W5L4,100,34,11,156.71,45.52,67.83
F00000LMJC,100,34,11,156.71,45.52,67.83
F00000W5V3,100,34,11,156.71,45.52,67.83
F00000S97S,168,77,33,19.13,47.12,71.04
F00000OSEJ,168,77,33,19.13,47.12,71.04
F00000OEST,168,77,33,19.13,47.12,71.04
F00000PUHM,168,77,33,19.13,47.12,71.04
F00000OEPM,31,15,59,-18.12,53.27,73.67
F00000W6KO,31,15,59,-18.12,53.27,73.67
F00000LL8U,77,36,22,40.08,58.88,81.73
F0GBR055TK,77,36,22,40.08,58.88,81.73
F00000V3EE,77,36,22,40.08,58.88,81.73
F00000LJ0N,38,14,56,25.15,67.93,91.33
F00000WB73,38,14,56,25.15,67.93,91.33
F00000LJ0M,38,14,56,25.15,67.93,91.33
F00000WB74,38,14,56,25.15,67.93,91.33
F00000LNW5,37,25,43,16.06,53.85,75.82
F0GBR04HMG,37,25,43,16.06,53.85,75.82
F00000WHGI,37,25,43,16.06,53.85,75.82
F00000OWPE,58,12,37,50.08,71.44,90.4
F00000OWPG,58,12,37,50.08,71.44,90.4
F00000PMU4,58,12,37,50.08,71.44,90.4
F00000P326,58,12,37,50.08,71.44,90.4
F00000OWPF,58,12,37,50.08,71.44,90.4
F00000NJAF,58,12,37,50.08,71.44,90.4
F00000PUR8,58,12,37,50.08,71.44,90.4
F000010KD8,39,1,26,\u2014,97.56,100
F00000ZVG6,106,16,23,94.48,49.64,73.61
F00000Q5TN,106,16,23,94.48,49.64,73.61
F0GBR064OL,106,16,23,94.48,49.64,73.61
F00000NULW,106,16,23,94.48,49.64,73.61
F00000YBS8,91,3,26,\u2014,44.01,70.84
F0000101MU,91,3,26,\u2014,44.01,70.84
F00000V7UX,52,1,32,\u2014,43.95,69.53
F00000W14P,107,1,17,\u2014,62.74,81.57
F0GBR04SGM,439,5,18,-28,44.35,68.34
F00000S7J5,439,5,18,-28,44.35,68.34
F00000SDL9,439,5,18,-28,44.35,68.34
F0GBR04SKF,439,5,18,-28,44.35,68.34
F0GBR04SKI,439,5,18,-28,44.35,68.34
F0GBR04N92,249,1,24,-32,45.31,67.48
F00000UE9L,249,1,24,-32,45.31,67.48
F00000T1HX,249,1,24,-32,45.31,67.48
F0GBR052DV,249,1,24,-32,45.31,67.48
F00000T1I7,249,1,24,-32,45.31,67.48
F000003YD5,468,4,21,4,47.21,68.92
F00000UDZJ,468,4,21,4,47.21,68.92
F00000J4XI,545,5,17,4,44.73,67.73
F00000N9WE,545,5,17,4,44.73,67.73
F00000S7JE,545,5,17,4,44.73,67.73
F00000UDY1,545,5,17,4,44.73,67.73
F00000UE9N,545,5,17,4,44.73,67.73
F00000ZZ86,236,1,23,\u2014,42.28,64.72
F00000X6F9,118,8,27,\u2014,58.71,78.72
F000000P90,29,26,41,994.65,53.58,76.08
F00000ZLI0,49,2,33,14.44,48.75,73.69
F00000O8G4,31,16,51,\u2014,74.43,86.89
F00000O8GA,31,16,51,\u2014,74.43,86.89
F00000O8G8,31,16,51,\u2014,74.43,86.89
F00000YBT6,32,9,50,\u2014,74.02,85.66
F00000Y4KZ,87,12,26,\u2014,60.97,83.31
F00000Y4L0,87,12,26,\u2014,60.97,83.31
F00000Y4KY,87,12,26,\u2014,60.97,83.31
F00000ZF2V,57,7,25,\u2014,58.26,80.03
F00000ZF2T,57,7,25,\u2014,58.26,80.03
F000011N2M,57,7,25,\u2014,58.26,80.03
F00000ZF2U,57,7,25,\u2014,58.26,80.03
F00000PAPY,30,11,44,-22.39,59.71,90.75
F00000Y4IV,50,12,39,27.25,62.88,83.39
F0GBR04W1G,71,0,29,128.52,46.58,72.02
F0GBR04DFV,48,6,39,100,46.35,69.85
F0GBR06WBS,90,44,26,217.05,60.15,76.72
F0GBR05S0Z,189,71,27,70.88,62.74,83.81
F0GBR04RS9,78,11,24,127,59.83,83.19
F00000LL2Y,168,77,33,19.13,47.12,71.04
