SecId,Equity_Holding,giant_percent,large_percent,mid_percent,small_percent,micro_percent
F00000JUYT,17.93 Bil,21.5,39.16,38.02,1.07,0
F00000JUYU,17.93 Bil,21.5,39.16,38.02,1.07,0
F0GBR052U8,16.29 Bil,21,35.35,43.4,0,0
0P0000LYIV,16.29 Bil,21,35.35,43.4,0,0
0P00001A0M,16.29 Bil,21,35.35,43.4,0,0
F00000OV1C,9.38 Bil,0.76,55.29,30.61,12.25,0.05
F0GBR06MIL,9.38 Bil,0.76,55.29,30.61,12.25,0.05
F00000OTNG,9.38 Bil,0.76,55.29,30.61,12.25,0.05
F00000PC3G,9.38 Bil,0.76,55.29,30.61,12.25,0.05
F0000045M1,9.38 Bil,0.76,55.29,30.61,12.25,0.05
F0GBR06MIK,9.38 Bil,0.76,55.29,30.61,12.25,0.05
F00000Q3YK,2.37 Bil,0.02,7.57,45.22,41.46,0.82
F00000QHCO,2.37 Bil,0.02,7.57,45.22,41.46,0.82
F000000RDD,2.37 Bil,0.02,7.57,45.22,41.46,0.82
F00000M89N,7.68 Bil,0.62,37.75,24.01,12.89,0.06
F0GBR04S4D,25.69 Bil,29.26,44.73,21.7,1.49,0
F00000O4Y5,25.69 Bil,29.26,44.73,21.7,1.49,0
F00000WVAJ,25.69 Bil,29.26,44.73,21.7,1.49,0
F000002SDO,33.95 Bil,41.96,38.32,8.15,0,0
F00000PLW7,33.95 Bil,41.96,38.32,8.15,0,0
F000000F6R,40.09 Bil,50.18,30.75,13.54,0.54,0.41
F000000JV4,40.09 Bil,50.18,30.75,13.54,0.54,0.41
F000010B5W,40.09 Bil,50.18,30.75,13.54,0.54,0.41
F0000139KC,23.49 Bil,31.04,42.5,24.25,0.8,0.8
F0000139KE,23.49 Bil,31.04,42.5,24.25,0.8,0.8
F0000139KD,23.49 Bil,31.04,42.5,24.25,0.8,0.8
F0000139KF,23.49 Bil,31.04,42.5,24.25,0.8,0.8
F0000000K1,25.00 Bil,34.28,36.73,19.94,8.44,0
F000000JV5,25.00 Bil,34.28,36.73,19.94,8.44,0
F0000000K2,25.00 Bil,34.28,36.73,19.94,8.44,0
F00000W7F4,25.00 Bil,34.28,36.73,19.94,8.44,0
F00000VW7T,25.00 Bil,34.28,36.73,19.94,8.44,0
F00000WEDC,25.00 Bil,34.28,36.73,19.94,8.44,0
F00000P8AJ,25.00 Bil,34.28,36.73,19.94,8.44,0
F00000UQKS,33.72 Bil,40.03,39.26,19.56,0,0.3
F00000U3S4,33.72 Bil,40.03,39.26,19.56,0,0.3
F0000000K4,33.23 Bil,32.33,44.55,20.02,0,0
F000000JV6,33.23 Bil,32.33,44.55,20.02,0,0
F0000000K6,33.23 Bil,32.33,44.55,20.02,0,0
F00000O26J,33.23 Bil,32.33,44.55,20.02,0,0
F00000QIXJ,33.23 Bil,32.33,44.55,20.02,0,0
F00000ZEAH,33.23 Bil,32.33,44.55,20.02,0,0
F00000PWRH,43.53 Bil,37.32,50.4,9.55,0,0
F00000PWRI,43.53 Bil,37.32,50.4,9.55,0,0
F00000PWRK,43.53 Bil,37.32,50.4,9.55,0,0
F00000W7F5,43.53 Bil,37.32,50.4,9.55,0,0
F00000VCZR,43.53 Bil,37.32,50.4,9.55,0,0
F00000V4O5,43.53 Bil,37.32,50.4,9.55,0,0
F00000PWRY,43.53 Bil,37.32,50.4,9.55,0,0
F00000JPQM,33.23 Bil,32.33,44.55,20.02,0,0
F00000ZOT1,10.99 Bil,0,46.49,51.8,0,0
F0000043SB,4.40 Bil,0,9.38,77.48,12.07,0
F0000043SC,4.40 Bil,0,9.38,77.48,12.07,0
F00000X30H,4.40 Bil,0,9.38,77.48,12.07,0
F00000OC95,4.40 Bil,0,9.38,77.48,12.07,0
FOGBR05KEJ,16.29 Bil,21,35.35,43.4,0,0
0P00006CWC,16.29 Bil,21,35.35,43.4,0,0
F00000ZHOD,16.29 Bil,21,35.35,43.4,0,0
F000013IQ0,16.29 Bil,21,35.35,43.4,0,0
F00000J84S,40.78 Bil,46.55,44.07,7.76,0,0
F000002MYQ,39.12 Bil,46.28,41.27,9.42,0.06,0
F000002MYR,39.12 Bil,46.28,41.27,9.42,0.06,0
F000002MYS,39.12 Bil,46.28,41.27,9.42,0.06,0
F00000ZLTS,39.12 Bil,46.28,41.27,9.42,0.06,0
F00000W7F6,39.12 Bil,46.28,41.27,9.42,0.06,0
F00000J84V,40.78 Bil,46.55,44.07,7.76,0,0
F00000J71C,40.78 Bil,46.55,44.07,7.76,0,0
F00000PAO2,40.78 Bil,46.55,44.07,7.76,0,0
F0GBR04SJW,38.44 Bil,41.44,34.76,23.03,0,0
FOGBR05LNS,38.44 Bil,41.44,34.76,23.03,0,0
F00000PAP8,38.44 Bil,41.44,34.76,23.03,0,0
F0GBR04AWZ,36.67 Bil,38.28,33.42,27.62,0,0
F00000Q7RF,36.67 Bil,38.28,33.42,27.62,0,0
F00000HH48,36.67 Bil,38.28,33.42,27.62,0,0
F000001VR4,36.67 Bil,38.28,33.42,27.62,0,0
F0GBR052CJ,37.08 Bil,50.1,29.22,17.09,1.83,0
F0GBR052CK,37.08 Bil,50.1,29.22,17.09,1.83,0
F000001GEN,40.24 Bil,51.94,30.49,14.5,0,0
F000001XHP,40.24 Bil,51.94,30.49,14.5,0,0
F00000XH8D,40.24 Bil,51.94,30.49,14.5,0,0
F000001GEQ,40.24 Bil,51.94,30.49,14.5,0,0
F000000LQ3,3.53 Bil,0,3.52,65.67,24.38,0
F000001XHM,3.53 Bil,0,3.52,65.67,24.38,0
F00000XH8E,3.53 Bil,0,3.52,65.67,24.38,0
F000000LQ4,3.53 Bil,0,3.52,65.67,24.38,0
F000001XHN,3.53 Bil,0,3.52,65.67,24.38,0
F0000100W5,17.81 Bil,19.84,38.29,35.43,1.42,0
F00000Q20H,13.94 Bil,14.13,45.66,28.03,7.89,0
F0000100W9,13.94 Bil,14.13,45.66,28.03,7.89,0
F00000LYE7,7.68 Bil,0.62,37.75,24.01,12.89,0.06
F00000PC3C,7.68 Bil,0.62,37.75,24.01,12.89,0.06
F00000LYE8,7.68 Bil,0.62,37.75,24.01,12.89,0.06
F00000LYE9,7.68 Bil,0.62,37.75,24.01,12.89,0.06
F00000ZZS6,,0,51.79,26.45,20.59,0.1
F00000ZZS7,7.17 Bil,0,51.79,26.45,20.59,0.1
F00000JRPL,9.38 Bil,0.76,55.29,30.61,12.25,0.05
F00000PC3E,9.38 Bil,0.76,55.29,30.61,12.25,0.05
F00000QG19,9.38 Bil,0.76,55.29,30.61,12.25,0.05
F00000PC3F,9.38 Bil,0.76,55.29,30.61,12.25,0.05
F00000VJPH,39.12 Bil,46.28,41.27,9.42,0.06,0
F00000SYCN,39.12 Bil,46.28,41.27,9.42,0.06,0
F00000OY8C,22.04 Bil,28.98,42.1,21.99,5.61,0.54
F00000OY8D,22.04 Bil,28.98,42.1,21.99,5.61,0.54
F00000LKRF,43.94 Bil,2.35,17.45,48.69,19.96,8.35
F00000PXNQ,43.94 Bil,2.35,17.45,48.69,19.96,8.35
F00000WT8Z,43.94 Bil,2.35,17.45,48.69,19.96,8.35
F00000LKIG,43.94 Bil,2.35,17.45,48.69,19.96,8.35
F00000Y4U4,26.91 Bil,0,11,42.27,28.2,11.6
F00000U5XR,26.91 Bil,0,11,42.27,28.2,11.6
F00000V91N,26.91 Bil,0,11,42.27,28.2,11.6
F00000Y8IA,26.91 Bil,0,11,42.27,28.2,11.6
F00000N7ZW,21.59 Bil,21.63,52.49,17.25,4.28,0
F000014XX2,11.61 Bil,23.66,32.12,33.23,9.38,0
F000003U74,11.61 Bil,23.66,32.12,33.23,9.38,0
F0GBR04INV,11.61 Bil,23.66,32.12,33.23,9.38,0
F0GBR04RUS,33.11 Bil,41.33,34.52,23,0,0
F0000045EX,33.11 Bil,41.33,34.52,23,0,0
F000000216,33.11 Bil,41.33,34.52,23,0,0
F000000NTM,22.35 Bil,33.49,38.03,24.82,0,0
F00000OPVB,22.35 Bil,33.49,38.03,24.82,0,0
F000000NTL,22.35 Bil,33.49,38.03,24.82,0,0
F0GBR04RYO,,43.89,39.23,14.19,0,0
F00000OPTJ,36.27 Bil,43.89,39.23,14.19,0,0
F0GBR04RYM,36.27 Bil,43.89,39.23,14.19,0,0
F000002KQ5,35.66 Bil,47.2,41.73,10.86,0,0
F00000Q8S8,35.66 Bil,47.2,41.73,10.86,0,0
F00000OPTK,35.66 Bil,47.2,41.73,10.86,0,0
F000002KQ6,35.66 Bil,47.2,41.73,10.86,0,0
F00000WCNE,2.78 Bil,0,4.13,62.06,28.58,1.21
F00000WCNF,2.78 Bil,0,4.13,62.06,28.58,1.21
F00000WCND,2.78 Bil,0,4.13,62.06,28.58,1.21
F00000VF5A,41.68 Bil,48.54,37.53,10.85,0,0
F00000XKW9,41.68 Bil,48.54,37.53,10.85,0,0
F00000W9RL,4.53 Bil,0,21.29,62.92,14.34,0
F00000W9RN,4.53 Bil,0,21.29,62.92,14.34,0
F000014J0X,4.53 Bil,0,21.29,62.92,14.34,0
F0GBR04EAC,2.97 Bil,0,5.43,66.85,22.22,0
F00000P8DK,2.97 Bil,0,5.43,66.85,22.22,0
F0000000QC,29.60 Bil,36.14,34.75,23.94,4.11,0
F0GBR04FJH,29.60 Bil,36.14,34.75,23.94,4.11,0
F0000000QF,46.91 Bil,44.25,46.4,9.35,0,0
F0GBR04JU9,46.91 Bil,44.25,46.4,9.35,0,0
F0GBR04S2B,39.25 Bil,51.62,36.53,9.96,0,0.15
F00000P7E5,49.65 Bil,56.31,30.41,12.03,0,0
F0GBR04SH0,31.11 Bil,46.64,28.22,20.61,4.29,0
F0GBR04SKV,31.11 Bil,46.64,28.22,20.61,4.29,0
F0GBR05WSI,45.33 Bil,47.99,35.85,15.54,0,0
F000002JXQ,45.33 Bil,47.99,35.85,15.54,0,0
F0GBR04SGT,27.43 Bil,38.25,31.12,26.26,4.03,0
F0GBR06K35,27.43 Bil,38.25,31.12,26.26,4.03,0
F000010098,22.04 Bil,28.98,42.1,21.99,5.61,0.54
F00000ZBNA,997.48 Mil,0,1.57,21.04,52.04,20.19
F0GBR04HX0,50.65 Bil,58.08,35.33,5.84,0,0
F00000MJWQ,4.10 Bil,0,2.87,79.31,12.45,0
F00000MJXW,4.10 Bil,0,2.87,79.31,12.45,0
F0GBR04BX9,27.43 Bil,38.25,31.12,26.26,4.03,0
F0GBR04B7Z,36.64 Bil,41.08,45.32,10.4,2.47,0
F0GBR04B82,36.64 Bil,41.08,45.32,10.4,2.47,0
F0GBR04LG2,50.16 Bil,54.31,31.92,13.04,0,0
F0GBR04NOG,50.16 Bil,54.31,31.92,13.04,0,0
F00000MMM4,4.10 Bil,0,2.87,79.31,12.45,0
F00000MJWS,4.10 Bil,0,2.87,79.31,12.45,0
F00000MJXX,4.10 Bil,0,2.87,79.31,12.45,0
F00000V61B,4.10 Bil,0,2.87,79.31,12.45,0
F00000PFEI,25.91 Bil,30.38,42.46,25.32,0.44,0
F00000PFEJ,25.91 Bil,30.38,42.46,25.32,0.44,0
F00000P992,25.91 Bil,30.38,42.46,25.32,0.44,0
F00000O55W,25.91 Bil,30.38,42.46,25.32,0.44,0
F00000O577,25.91 Bil,30.38,42.46,25.32,0.44,0
F00001154P,33.32 Bil,34.65,37.25,18.48,0.23,0
F000002FCS,,35.37,34.49,26.35,0,0.36
F00000WRG9,46.62 Bil,47.57,38.93,11,0,0
F00000286Y,46.62 Bil,47.57,38.93,11,0,0
F00000286Z,46.62 Bil,47.57,38.93,11,0,0
F000002HT1,46.62 Bil,47.57,38.93,11,0,0
F00000T54P,46.62 Bil,47.57,38.93,11,0,0
F00000Y9WD,45.00 Bil,45.34,41.32,11.16,0,0
F00000Y60D,45.00 Bil,45.34,41.32,11.16,0,0
F00000Y9WE,45.00 Bil,45.34,41.32,11.16,0,0
F00000Y9WF,45.00 Bil,45.34,41.32,11.16,0,0
F00000Y9WG,45.00 Bil,45.34,41.32,11.16,0,0
F00000Y9WH,45.00 Bil,45.34,41.32,11.16,0,0
F00000286V,43.88 Bil,50.16,37.16,7.87,0,0
F00000286W,43.88 Bil,50.16,37.16,7.87,0,0
F000003U94,43.88 Bil,50.16,37.16,7.87,0,0
F00000T54K,43.88 Bil,50.16,37.16,7.87,0,0
F000010SV4,5.47 Bil,4.55,27.48,41.44,15.01,6.41
F00000OYDI,5.47 Bil,4.55,27.48,41.44,15.01,6.41
F00000W0TN,5.47 Bil,4.55,27.48,41.44,15.01,6.41
F00000Y4U5,52.32 Bil,11.94,17.12,38.05,21.72,6.07
F00000OLO9,52.32 Bil,11.94,17.12,38.05,21.72,6.07
F00000YM5P,52.32 Bil,11.94,17.12,38.05,21.72,6.07
F00000VXPM,52.32 Bil,11.94,17.12,38.05,21.72,6.07
F00000YM5R,52.32 Bil,11.94,17.12,38.05,21.72,6.07
F00000LOWI,43.94 Bil,2.35,17.45,48.69,19.96,8.35
F0GBR063QR,5.98 Bil,0,24.08,66.92,7.98,0
F0GBR064G3,,0,24.08,66.92,7.98,0
F0GBR04LG0,3.59 Bil,0,4.6,72.43,19.48,1.04
F0GBR04NOI,3.59 Bil,0,4.6,72.43,19.48,1.04
F00000LI6I,57.53 Bil,58.98,34.28,5.04,0,0
F00000ZS1K,1.90 Bil,0,0,49.35,49.79,2.58
F00000ZG9Q,1.90 Bil,0,0,49.35,49.79,2.58
F00000ZGDQ,16.99 Bil,27,33.22,34.19,5.76,0
F000003UW0,71.54 Bil,74.02,25.02,0,0,0
F00000JUGK,71.54 Bil,74.02,25.02,0,0,0
F0GBR04KNB,31.34 Bil,31.26,49.26,14.72,0.67,0
F00000YIFK,31.34 Bil,31.26,49.26,14.72,0.67,0
F00000QK99,31.34 Bil,31.26,49.26,14.72,0.67,0
F00000YFOR,6.01 Bil,8.33,12.7,59.12,15.02,0
F00000YFOV,6.01 Bil,8.33,12.7,59.12,15.02,0
F00000OXUQ,4.28 Bil,0,13.45,71.68,10.07,0
F00000YIFV,4.28 Bil,0,13.45,71.68,10.07,0
F00000XCZ6,37.67 Bil,47.88,39.05,12.85,0.06,0
F0GBR04RTP,29.65 Bil,35.75,38.27,23.41,1.63,0
F00000MJPO,29.65 Bil,35.75,38.27,23.41,1.63,0
F00000WNYS,29.65 Bil,35.75,38.27,23.41,1.63,0
F00000MEQ8,32.42 Bil,44.87,33.83,18.6,0,0
F00000MEQK,32.42 Bil,44.87,33.83,18.6,0,0
F00000WNYT,32.42 Bil,44.87,33.83,18.6,0,0
F0GBR04K8B,29.00 Bil,31.64,44.47,21.05,0,0
F00000GWFO,29.00 Bil,31.64,44.47,21.05,0,0
F00000QQRN,29.00 Bil,31.64,44.47,21.05,0,0
F00000QQRM,29.00 Bil,31.64,44.47,21.05,0,0
F00000VQY5,29.00 Bil,31.64,44.47,21.05,0,0
F0GBR05Z1J,32.62 Bil,34.26,45.53,19.45,0,0
0P0000VV42,32.62 Bil,34.26,45.53,19.45,0,0
F000002K15,32.62 Bil,34.26,45.53,19.45,0,0
0P0001HDB3,32.62 Bil,34.26,45.53,19.45,0,0
F00000PLS1,32.62 Bil,34.26,45.53,19.45,0,0
F0GBR04ANX,44.57 Bil,50.86,34.12,13.82,0,0
0P0000VHKG,44.57 Bil,50.86,34.12,13.82,0,0
F000000ECE,44.57 Bil,50.86,34.12,13.82,0,0
0P0000X6Y2,44.57 Bil,50.86,34.12,13.82,0,0
F0000020RR,44.57 Bil,50.86,34.12,13.82,0,0
F00000LLTT,38.60 Bil,46.07,33.92,18.74,0,0
0P0001IY5M,38.60 Bil,46.07,33.92,18.74,0,0
F00000LX1G,38.60 Bil,46.07,33.92,18.74,0,0
0P0001HDB4,38.60 Bil,46.07,33.92,18.74,0,0
F00000VQ88,38.60 Bil,46.07,33.92,18.74,0,0
0P0001IY5K,38.60 Bil,46.07,33.92,18.74,0,0
F0GBR068QC,24.24 Bil,26.17,38.78,33.83,0,0
0P0000VHKJ,24.24 Bil,26.17,38.78,33.83,0,0
F0000020UI,24.24 Bil,26.17,38.78,33.83,0,0
0P0000X6Y3,24.24 Bil,26.17,38.78,33.83,0,0
F00000M85C,24.24 Bil,26.17,38.78,33.83,0,0
0P0000VHKL,24.24 Bil,26.17,38.78,33.83,0,0
F0GBR04APF,24.52 Bil,26.69,39.18,33.79,0,0
0P0000W7OO,24.52 Bil,26.69,39.18,33.79,0,0
F000000ECF,24.52 Bil,26.69,39.18,33.79,0,0
0P0000VHKN,24.52 Bil,26.69,39.18,33.79,0,0
F00000LI6K,57.53 Bil,58.98,34.28,5.04,0,0
F00000V95O,5.90 Bil,0,8.51,89.48,0,0
F000001FSF,5.90 Bil,0,8.51,89.48,0,0
F000001FSG,5.90 Bil,0,8.51,89.48,0,0
F000001FSH,5.90 Bil,0,8.51,89.48,0,0
F0000020RZ,24.52 Bil,26.69,39.18,33.79,0,0
F0GBR04F7W,23.68 Bil,23.41,43.21,31.76,0,0
0P0000VHKP,23.68 Bil,23.41,43.21,31.76,0,0
F000000ECJ,23.68 Bil,23.41,43.21,31.76,0,0
0P0000X6Y4,,23.41,43.21,31.76,0,0
F00000ZSGN,5.90 Bil,0,8.51,89.48,0,0
F0GBR04B7V,8.83 Bil,10.98,28.27,45.68,6.76,6.21
F0GBR04B84,8.83 Bil,10.98,28.27,45.68,6.76,6.21
F000002JGN,50.02 Bil,54.04,31.9,13.05,0,0
F000002JGK,43.64 Bil,53.2,28.12,17.52,0,0
F000002JGM,43.64 Bil,53.2,28.12,17.52,0,0
F0GBR04BB5,30.75 Bil,30.74,34.48,29.03,0,0
F0GBR05ZT6,30.75 Bil,30.74,34.48,29.03,0,0
F0GBR04BB7,30.75 Bil,30.74,34.48,29.03,0,0
F0GBR04RN2,18.92 Bil,28.21,39.25,31.79,0.49,0
F0GBR04RN4,18.92 Bil,28.21,39.25,31.79,0.49,0
F00000VKPB,17.90 Bil,26.26,32.52,38,2.45,0
F0000104DE,17.90 Bil,26.26,32.52,38,2.45,0
F00000VKPC,17.90 Bil,26.26,32.52,38,2.45,0
F00000YP4W,17.90 Bil,26.26,32.52,38,2.45,0
F000005ETU,3.98 Bil,0,4,84.49,7.12,0
F00000QHNI,3.98 Bil,0,4,84.49,7.12,0
F00000VU2Y,3.98 Bil,0,4,84.49,7.12,0
F0GBR04CQI,9.23 Bil,40.25,14.53,10.44,18.12,14.75
F0GBR04RVH,9.23 Bil,40.25,14.53,10.44,18.12,14.75
F00000QHNK,9.23 Bil,40.25,14.53,10.44,18.12,14.75
F00000VU2X,,40.25,14.53,10.44,18.12,14.75
F00000PPYP,9.23 Bil,40.25,14.53,10.44,18.12,14.75
F00000WBSY,9.23 Bil,40.25,14.53,10.44,18.12,14.75
F00000QHNM,4.57 Bil,0,5.29,82.53,8.09,0
F00000QHNO,4.57 Bil,0,5.29,82.53,8.09,0
F00000QHNQ,4.57 Bil,0,5.29,82.53,8.09,0
F00000QHNT,4.57 Bil,0,5.29,82.53,8.09,0
F00000QHNW,4.57 Bil,0,5.29,82.53,8.09,0
F00000XDKD,15.24 Bil,16.33,33.98,34.78,8.39,4.18
F000002RCJ,12.13 Bil,11.04,38.79,45.56,0.8,0
F000011982,2.61 Bil,0,8.55,56.05,21.08,12.77
F00000WMDY,2.61 Bil,0,8.55,56.05,21.08,12.77
F00000Z4A8,17.51 Bil,38.61,25.07,24.79,8.21,1.17
F00000ZGCY,13.84 Bil,20.13,36,34.56,6.58,0
F0000020RS,23.68 Bil,23.41,43.21,31.76,0,0
F0GBR053BM,31.29 Bil,44.05,34.33,17.56,1.3,0
0P0000VHKV,31.29 Bil,44.05,34.33,17.56,1.3,0
0P00000AWF,31.29 Bil,44.05,34.33,17.56,1.3,0
F0000020S4,31.29 Bil,44.05,34.33,17.56,1.3,0
0P000102QC,53.32 Bil,50.82,39.05,7.69,0,0
F00000PXEW,53.32 Bil,50.82,39.05,7.69,0,0
0P000102QJ,53.32 Bil,50.82,39.05,7.69,0,0
F00000PXHI,45.04 Bil,47.47,37.41,14.75,0,0
F00000VSR7,45.04 Bil,47.47,37.41,14.75,0,0
F00000PXHK,45.04 Bil,47.47,37.41,14.75,0,0
F00000PXHM,45.04 Bil,47.47,37.41,14.75,0,0
F00000SJ0A,5.93 Bil,0,19.5,75.2,4.07,0
F00000SJ08,5.93 Bil,0,19.5,75.2,4.07,0
F00000SJ07,5.93 Bil,0,19.5,75.2,4.07,0
F000000L7N,3.75 Bil,0,0,90.35,7.52,0
0P0000SVU6,3.75 Bil,0,0,90.35,7.52,0
0P0000SMJS,3.75 Bil,0,0,90.35,7.52,0
F00000P9NI,3.75 Bil,0,0,90.35,7.52,0
F000000L6M,3.75 Bil,0,0,90.35,7.52,0
F000000L7P,3.75 Bil,0,0,90.35,7.52,0
F000000L7O,3.75 Bil,0,0,90.35,7.52,0
F00000PXHO,28.33 Bil,34.95,44.37,18.09,0,0
0P0000YWT8,28.33 Bil,34.95,44.37,18.09,0,0
F00000PXHR,28.33 Bil,34.95,44.37,18.09,0,0
F00001457X,35.69 Bil,38.85,39.17,18.73,0,0
F000014763,35.69 Bil,38.85,39.17,18.73,0,0
F0GBR04H9M,31.10 Bil,41.35,36.98,18.07,1.42,0
F0GBR04V8B,31.10 Bil,41.35,36.98,18.07,1.42,0
0P00011V1D,31.10 Bil,41.35,36.98,18.07,1.42,0
F0GBR04V83,31.10 Bil,41.35,36.98,18.07,1.42,0
F00000OYPS,51.25 Bil,57.05,36.47,5.69,0,0
F0GBR04RPX,51.25 Bil,57.05,36.47,5.69,0,0
F0GBR06I50,51.25 Bil,57.05,36.47,5.69,0,0
F00000OTTF,51.25 Bil,57.05,36.47,5.69,0,0
F0GBR04G0H,4.19 Bil,0,12.34,72.3,13.73,1.46
F00000NAZF,4.19 Bil,0,12.34,72.3,13.73,1.46
F0GBR052TR,4.19 Bil,0,12.34,72.3,13.73,1.46
F00000ZQV8,4.19 Bil,0,12.34,72.3,13.73,1.46
F0GBR052TQ,4.19 Bil,0,12.34,72.3,13.73,1.46
F0GBR052TS,4.19 Bil,0,12.34,72.3,13.73,1.46
F00000XVMZ,23.59 Bil,37.07,46.7,15.01,12.75,0
F000001APK,15.38 Bil,23.7,42.7,15.3,14.84,0.08
F000001APJ,15.38 Bil,23.7,42.7,15.3,14.84,0.08
F0GBR054PS,12.15 Bil,15.3,37.73,20.89,12.94,3.31
F0GBR054PT,12.15 Bil,15.3,37.73,20.89,12.94,3.31
F0GBR054PR,12.15 Bil,15.3,37.73,20.89,12.94,3.31
F0GBR054PV,12.15 Bil,15.3,37.73,20.89,12.94,3.31
F0GBR054PW,12.15 Bil,15.3,37.73,20.89,12.94,3.31
F0GBR054PU,12.15 Bil,15.3,37.73,20.89,12.94,3.31
F00000Y4H0,20.01 Bil,18.4,32.26,17.84,4.46,0
F00000W0YB,20.85 Bil,23.13,45.89,21.54,4.65,0
F00000W0K7,20.85 Bil,23.13,45.89,21.54,4.65,0
F00000W0YG,20.85 Bil,23.13,45.89,21.54,4.65,0
F00000W0YC,20.85 Bil,23.13,45.89,21.54,4.65,0
0P0000XAR5,31.29 Bil,44.05,34.33,17.56,1.3,0
0P0000XAR6,31.29 Bil,44.05,34.33,17.56,1.3,0
F00000Q4BB,31.29 Bil,44.05,34.33,17.56,1.3,0
F0000021YV,11.08 Bil,1.57,47.01,44.15,4.57,0.41
F0000021YX,11.08 Bil,1.57,47.01,44.15,4.57,0.41
F00000W0YD,20.85 Bil,23.13,45.89,21.54,4.65,0
F00000W0YH,20.85 Bil,23.13,45.89,21.54,4.65,0
F00000W0YF,20.85 Bil,23.13,45.89,21.54,4.65,0
F00000W0YJ,20.85 Bil,23.13,45.89,21.54,4.65,0
F0GBR053WS,20.38 Bil,18.54,50.13,20,11.33,0
F0000021YW,11.08 Bil,1.57,47.01,44.15,4.57,0.41
F000000IK5,14.44 Bil,15.21,55.93,44.7,10.97,0
F0000045M3,14.44 Bil,15.21,55.93,44.7,10.97,0
F00000T5QL,14.44 Bil,15.21,55.93,44.7,10.97,0
F00000V4Q4,31.10 Bil,39.25,43.25,17.23,0.26,0
F00000V4Q5,31.10 Bil,39.25,43.25,17.23,0.26,0
F00000V4Q6,31.10 Bil,39.25,43.25,17.23,0.26,0
F00000GXE3,4.45 Bil,0,15.63,49.96,13.45,0.62
F00000GXE7,4.45 Bil,0,15.63,49.96,13.45,0.62
F00001044P,4.45 Bil,0,15.63,49.96,13.45,0.62
F00000TFZM,2.43 Bil,0,5.1,56.62,36.43,1.58
F00000QL4P,2.43 Bil,0,5.1,56.62,36.43,1.58
F0GBR04RSV,23.20 Bil,26.06,54.73,10.67,8.37,0
F00000ITDV,23.20 Bil,26.06,54.73,10.67,8.37,0
F0GBR04CIV,23.20 Bil,26.06,54.73,10.67,8.37,0
F00000WWW9,47.24 Bil,48.29,40.82,8.97,0,0
F00000WWWA,47.24 Bil,48.29,40.82,8.97,0,0
0P00017K1R,47.24 Bil,48.29,40.82,8.97,0,0
F000005NTS,35.11 Bil,38.27,37.36,17.43,0,0
F00000PXHD,61.04 Bil,57.69,40.24,1.61,0,0
F00000PXHF,61.04 Bil,57.69,40.24,1.61,0,0
F00000PXHH,61.04 Bil,57.69,40.24,1.61,0,0
F0GBR04DZU,11.57 Bil,0,51.74,47.49,0,0
F00000VSR9,11.57 Bil,0,51.74,47.49,0,0
F0GBR04N2J,11.57 Bil,0,51.74,47.49,0,0
F0GBR04N4G,11.57 Bil,0,51.74,47.49,0,0
F0GBR04BRT,57.95 Bil,62.95,29.55,7.32,0,0
F0GBR04N2F,57.95 Bil,62.95,29.55,7.32,0,0
0P00011V5S,57.95 Bil,62.95,29.55,7.32,0,0
F0GBR04IGH,57.95 Bil,62.95,29.55,7.32,0,0
F0GBR04N4E,57.95 Bil,62.95,29.55,7.32,0,0
F00000PXES,,50.82,39.05,7.69,0,0
0P0001JN0I,53.32 Bil,50.82,39.05,7.69,0,0
F00000PXER,53.32 Bil,50.82,39.05,7.69,0,0
F00000PXEU,53.32 Bil,50.82,39.05,7.69,0,0
0P00000SFE,20.38 Bil,18.54,50.13,20,11.33,0
0P0000G7ST,20.38 Bil,18.54,50.13,20,11.33,0
0P00000I60,20.38 Bil,18.54,50.13,20,11.33,0
F000001ULV,23.89 Bil,29.55,39.04,24.8,4.16,0
F00000WZG7,23.89 Bil,29.55,39.04,24.8,4.16,0
F00000VMS4,24.09 Bil,39.05,35.19,17.1,2.69,3.31
F00000Z64T,45.89 Bil,51.16,39.12,8.74,0,0
F00000XCJP,45.89 Bil,51.16,39.12,8.74,0,0
F00000XCJU,2.72 Bil,0,0,68.06,30.08,0.59
F000015HGL,61.40 Bil,77.03,21.42,1.24,0,0
F000015HGM,61.40 Bil,77.03,21.42,1.24,0,0
F00000YXCO,19.45 Bil,30.06,25.63,32.29,8,0
F00000YXCN,19.45 Bil,30.06,25.63,32.29,8,0
F00000YXCQ,19.45 Bil,30.06,25.63,32.29,8,0
F00000YXCP,19.45 Bil,30.06,25.63,32.29,8,0
F00000YXCI,6.99 Bil,19.42,17.29,29.24,26.35,6.67
F00000YXCH,6.99 Bil,19.42,17.29,29.24,26.35,6.67
F00000YXCL,6.99 Bil,19.42,17.29,29.24,26.35,6.67
F0000044CN,45.70 Bil,57.28,27.02,13.95,0,0
F00000VCDH,45.70 Bil,57.28,27.02,13.95,0,0
F00000JNRB,5.82 Bil,9.62,18.51,48.08,10.84,6.14
F00000JNRC,5.82 Bil,9.62,18.51,48.08,10.84,6.14
F00000VCEX,5.82 Bil,9.62,18.51,48.08,10.84,6.14
F00000MU3M,66.56 Bil,59.63,31.72,7.86,0,0
F00000LWJO,66.56 Bil,59.63,31.72,7.86,0,0
F00000QL6S,68.20 Bil,59.63,31.72,7.86,0,0
F0GBR04N5Q,134.15 Bil,15.23,49.18,29.9,4.09,0.68
0P00000IZO,134.15 Bil,15.23,49.18,29.9,4.09,0.68
F00000OM8B,60.83 Bil,57.41,38.81,2.88,0,0
0P0001GBED,60.83 Bil,57.41,38.81,2.88,0,0
0P0001ESA3,60.83 Bil,57.41,38.81,2.88,0,0
F0GBR04TV9,42.97 Bil,48.03,40.94,9.85,0,0
0P00000J08,42.97 Bil,48.03,40.94,9.85,0,0
0P00000K88,42.97 Bil,48.03,40.94,9.85,0,0
F00000ZPT3,145.62 Bil,19.05,39.1,29.24,11.17,0.92
F00000ZVX8,145.62 Bil,19.05,39.1,29.24,11.17,0.92
F0GBR06A4M,5.16 Bil,4.17,22.73,45.78,22.84,0.22
F00000ZW92,5.16 Bil,4.17,22.73,45.78,22.84,0.22
F0GBR06W8Z,5.06 Bil,5.07,19.74,46.51,23.59,0.34
F00000ZW98,5.06 Bil,5.07,19.74,46.51,23.59,0.34
F00000ZW97,5.06 Bil,5.07,19.74,46.51,23.59,0.34
F00000SKYU,5.06 Bil,5.07,19.74,46.51,23.59,0.34
F00000YCWM,5.16 Bil,4.17,22.73,45.78,22.84,0.22
F000002DRM,5.16 Bil,4.17,22.73,45.78,22.84,0.22
F00000ZN4Z,5.16 Bil,4.17,22.73,45.78,22.84,0.22
F00000YCY2,1.09 Bil,0,0.06,22.59,59.25,15.81
F00000ZR8G,1.09 Bil,0,0.06,22.59,59.25,15.81
F0GBR05S8O,2.23 Bil,0,0,60.24,32.81,4.88
F0GBR06140,2.23 Bil,0,0,60.24,32.81,4.88
F0GBR0573O,2.23 Bil,0,0,60.24,32.81,4.88
F0000023MU,34.63 Bil,34.35,53.01,11.97,0.17,0
F000002J9J,34.63 Bil,34.35,53.01,11.97,0.17,0
F0000023MS,34.63 Bil,34.35,53.01,11.97,0.17,0
F00000SJXW,8.85 Bil,18.55,22.19,21.24,18.83,13.68
F00000SJXX,10.53 Bil,12.22,37.01,32.69,12.47,2.94
F000000ITQ,24.18 Bil,26.94,42.46,24.87,1.08,0
F0000107PE,24.18 Bil,26.94,42.46,24.87,1.08,0
F00000WNYB,4.02 Bil,0,0,80.56,15.98,0
F0GBR052FV,39.66 Bil,43.07,36.39,19.41,0.11,0.02
F0GBR05SLX,39.66 Bil,43.07,36.39,19.41,0.11,0.02
F00000PBLO,19.77 Bil,20.01,39.65,35.36,4.46,0.04
F000001A8A,16.76 Bil,22.83,39.26,27.15,5.93,0.07
F00000OQRQ,47.97 Bil,30.82,37.76,11.28,0,0
F00000NMLN,47.97 Bil,30.82,37.76,11.28,0,0
F00000VWZ1,47.97 Bil,30.82,37.76,11.28,0,0
F0000001N2,31.39 Bil,46.9,24.69,24.46,1.29,0
F00000WRBU,37.64 Bil,40.69,49.46,7.48,0,0
F00000X9U5,37.64 Bil,40.69,49.46,7.48,0,0
F0GBR04VEY,31.21 Bil,39.65,28.01,23.46,1.35,0.17
0P00000WGC,31.21 Bil,39.65,28.01,23.46,1.35,0.17
0P00000WGN,31.21 Bil,39.65,28.01,23.46,1.35,0.17
0P00000WGD,31.21 Bil,39.65,28.01,23.46,1.35,0.17
F00000Q2HD,31.21 Bil,39.65,28.01,23.46,1.35,0.17
0P00012S7B,31.21 Bil,39.65,28.01,23.46,1.35,0.17
0P00012S7C,31.21 Bil,39.65,28.01,23.46,1.35,0.17
0P00017U6H,31.21 Bil,39.65,28.01,23.46,1.35,0.17
0P00012S7D,31.21 Bil,39.65,28.01,23.46,1.35,0.17
F0GBR04F8U,4.18 Bil,0,13.08,63.34,15.08,2.06
F0GBR04F8W,20.54 Bil,24.29,26.7,26.61,0.52,1.78
F0GBR04NSH,32.07 Bil,31.85,38.53,23.67,2.01,0
F00000QP3R,32.07 Bil,31.85,38.53,23.67,2.01,0
F00000ZCZD,32.07 Bil,31.85,38.53,23.67,2.01,0
F00000QP5S,14.88 Bil,13.7,22.42,17.1,0.54,1.75
F00000YXEW,1.27 Bil,1.06,3.84,11.98,49.36,25.98
F0GBR04M0B,47.08 Bil,46.17,29.9,21.27,0,0
F00000NPQS,47.08 Bil,46.17,29.9,21.27,0,0
F00000O4YW,47.08 Bil,46.17,29.9,21.27,0,0
F00000QVC3,47.08 Bil,46.17,29.9,21.27,0,0
F0000109PF,35.58 Bil,41.61,34.62,20.44,0,0
F00000WTU2,35.58 Bil,41.61,34.62,20.44,0,0
F00000WTU3,35.58 Bil,41.61,34.62,20.44,0,0
F000005MUA,17.53 Bil,21.38,28.98,40.49,3.41,0.75
F00000SSUQ,17.53 Bil,21.38,28.98,40.49,3.41,0.75
F00000QTGM,17.53 Bil,21.38,28.98,40.49,3.41,0.75
F00000ZD3G,17.53 Bil,21.38,28.98,40.49,3.41,0.75
F0GBR04M0F,5.22 Bil,0,8.38,69.63,11.82,0.36
F00000T2PB,5.22 Bil,0,8.38,69.63,11.82,0.36
F000010KFF,5.22 Bil,0,8.38,69.63,11.82,0.36
F00000THEC,47.08 Bil,46.17,29.9,21.27,0,0
F00000YENN,37.55 Bil,38.39,48.14,8.61,0,0
F00000Z4XP,47.97 Bil,30.82,37.76,11.28,0,0
F00000Z4XQ,47.97 Bil,30.82,37.76,11.28,0,0
F00000Z4XN,47.97 Bil,30.82,37.76,11.28,0,0
F00000Z4XO,47.97 Bil,30.82,37.76,11.28,0,0
F00000NMLP,47.97 Bil,30.82,37.76,11.28,0,0
F00000NPGA,21.92 Bil,28.87,42.45,26.25,1.59,0
F00000NPG8,21.92 Bil,28.87,42.45,26.25,1.59,0
F0000102PG,21.92 Bil,28.87,42.45,26.25,1.59,0
F00000NPL6,21.92 Bil,28.87,42.45,26.25,1.59,0
F00000NPL7,21.92 Bil,28.87,42.45,26.25,1.59,0
F00000PQUA,29.36 Bil,33.86,45.52,18.88,0,0
F00000PNTP,29.36 Bil,33.86,45.52,18.88,0,0
F00000T50I,29.36 Bil,33.86,45.52,18.88,0,0
F00000MJJH,29.36 Bil,33.86,45.52,18.88,0,0
F00000U49J,29.36 Bil,33.86,45.52,18.88,0,0
F00000O6RX,29.36 Bil,33.86,45.52,18.88,0,0
F00000UQN7,29.36 Bil,33.86,45.52,18.88,0,0
F00000TF54,29.36 Bil,33.86,45.52,18.88,0,0
F00000UQN9,29.36 Bil,33.86,45.52,18.88,0,0
FOGBR05JLL,30.43 Bil,36.34,43.67,35.5,0,0
F000001AE6,30.43 Bil,36.34,43.67,35.5,0,0
F00000SX1X,30.43 Bil,36.34,43.67,35.5,0,0
F000001AE4,30.43 Bil,36.34,43.67,35.5,0,0
F0GBR04RZG,49.53 Bil,52.58,34.03,8.68,1.72,0
F00000QS9O,49.53 Bil,52.58,34.03,8.68,1.72,0
F0GBR06WS6,33.47 Bil,42.05,40.59,15.11,0,0
F000001ATJ,33.47 Bil,42.05,40.59,15.11,0,0
FOGBR05KLQ,85.43 Bil,80.79,18.24,0,0,0
F00000210Z,85.43 Bil,80.79,18.24,0,0,0
F00000JZ78,33.18 Bil,36.18,44.99,11.97,1.18,0
F00000Z9NH,33.18 Bil,36.18,44.99,11.97,1.18,0
F00000JZ77,33.18 Bil,36.18,44.99,11.97,1.18,0
FOGBR05KLR,24.92 Bil,27.3,34.27,35.6,0,0
F00000WVHN,24.92 Bil,27.3,34.27,35.6,0,0
F00000WTHK,24.92 Bil,27.3,34.27,35.6,0,0
F00000SX1T,24.92 Bil,27.3,34.27,35.6,0,0
F000000KD4,24.92 Bil,27.3,34.27,35.6,0,0
F000000EVD,38.00 Bil,39.02,46.56,10.57,0.93,0
F00000Z9NI,38.00 Bil,39.02,46.56,10.57,0.93,0
F00000VZO8,38.00 Bil,39.02,46.56,10.57,0.93,0
F000001ATN,38.00 Bil,39.02,46.56,10.57,0.93,0
F000010F2P,38.00 Bil,39.02,46.56,10.57,0.93,0
FOGBR05U13,38.13 Bil,39.99,46.11,10.59,0.93,0
F00000PY8F,38.13 Bil,39.99,46.11,10.59,0.93,0
F00000WTHL,38.13 Bil,39.99,46.11,10.59,0.93,0
F000000KDC,38.13 Bil,39.99,46.11,10.59,0.93,0
F000010F5D,38.13 Bil,39.99,46.11,10.59,0.93,0
FOGBR05KLS,2.05 Bil,2,0.76,50.29,33.63,8.94
F000001ATM,2.05 Bil,2,0.76,50.29,33.63,8.94
F00000MTVL,31.97 Bil,36.06,43.77,16.29,1.07,0
F00000MTVM,31.97 Bil,36.06,43.77,16.29,1.07,0
FOGBR05KLT,5.13 Bil,18.4,22.03,13.42,27.24,12.06
F00000XAXE,5.13 Bil,18.4,22.03,13.42,27.24,12.06
F000000KDA,5.13 Bil,18.4,22.03,13.42,27.24,12.06
FOGBR05KLU,33.86 Bil,48.85,34.22,11.88,3.19,0.27
F00000NMLQ,47.97 Bil,30.82,37.76,11.28,0,0
F00000OQRR,47.97 Bil,30.82,37.76,11.28,0,0
F00000NMLO,47.97 Bil,30.82,37.76,11.28,0,0
F00000QDUF,34.83 Bil,39.48,45.39,12.93,0,0
F0000101BR,2.83 Bil,0,12.94,37.12,27.14,6.96
F000001AU7,33.86 Bil,48.85,34.22,11.88,3.19,0.27
F00000W42B,79.96 Bil,47,45.74,2.73,0,0
F00000O74P,79.96 Bil,47,45.74,2.73,0,0
F00000NO6I,79.96 Bil,47,45.74,2.73,0,0
F00000SX1Z,79.96 Bil,47,45.74,2.73,0,0
F00000QDUX,6.03 Bil,0,23.34,60.28,9.91,1.14
F000010ZZS,31.92 Bil,33.59,59.44,6.4,0,0
F000010ZZZ,31.92 Bil,33.59,59.44,6.4,0,0
F000011007,32.22 Bil,41.48,38.52,18.03,1.1,0
F00001100A,32.22 Bil,41.48,38.52,18.03,1.1,0
F0GBR069TA,3.73 Bil,0,1.98,73.73,15.48,0
F00000ZW57,35.15 Bil,52.54,27.33,15.35,2.79,0
F0GBR04OI3,57.13 Bil,63.38,23.69,10.99,0,0
F0GBR04OYK,57.13 Bil,63.38,23.69,10.99,0,0
F0GBR04OI1,57.13 Bil,63.38,23.69,10.99,0,0
F00000THZB,57.13 Bil,63.38,23.69,10.99,0,0
F00000ZX4O,57.13 Bil,63.38,23.69,10.99,0,0
F00000LO66,35.03 Bil,43.73,31.34,23.81,0,0
F00000PSNM,35.03 Bil,43.73,31.34,23.81,0,0
F00000WP9R,35.03 Bil,43.73,31.34,23.81,0,0
F000010808,35.03 Bil,43.73,31.34,23.81,0,0
F00000XN2Z,35.03 Bil,43.73,31.34,23.81,0,0
F00000W222,1.71 Bil,0,4.9,39.75,40.38,9.36
F00000YN8W,1.71 Bil,0,4.9,39.75,40.38,9.36
F00000YN2U,1.71 Bil,0,4.9,39.75,40.38,9.36
F000010A4Q,26.61 Bil,38.56,34.66,25.59,0,0
F000010A4P,26.61 Bil,38.56,34.66,25.59,0,0
F000010A4S,26.61 Bil,38.56,34.66,25.59,0,0
F00000WL6H,14.94 Bil,9.54,57.11,31.32,1.89,0
F00000WL6I,14.94 Bil,9.54,57.11,31.32,1.89,0
F000010BFA,14.94 Bil,9.54,57.11,31.32,1.89,0
F00000WL6R,14.94 Bil,9.54,57.11,31.32,1.89,0
F00000WL6S,14.94 Bil,9.54,57.11,31.32,1.89,0
F0GBR04R6M,30.33 Bil,37.77,42.79,15.96,1.63,0
F0000100MY,30.33 Bil,37.77,42.79,15.96,1.63,0
F00000ZC4G,19.35 Bil,19.63,52.17,26.59,0.91,0
F00000ZC4H,19.35 Bil,19.63,52.17,26.59,0.91,0
F00000VCT5,21.53 Bil,17.65,57.25,22.58,0.26,0.01
F00000VC0N,21.53 Bil,17.65,57.25,22.58,0.26,0.01
F00000VC0O,21.53 Bil,17.65,57.25,22.58,0.26,0.01
F00000ZVEA,79.96 Bil,47,45.74,2.73,0,0
F00000NO6M,79.96 Bil,47,45.74,2.73,0,0
FOGBR05KLX,12.56 Bil,22.15,29.17,34.87,10.27,0
F00000XAXC,12.56 Bil,22.15,29.17,34.87,10.27,0
F000001ATL,12.56 Bil,22.15,29.17,34.87,10.27,0
F00000ZZ5O,34.07 Bil,31.45,39.46,20.96,3.85,0
F0GBR04C1G,20.33 Bil,25.84,37.57,24.32,11.54,0
F0GBR04IMN,20.33 Bil,25.84,37.57,24.32,11.54,0
F000010A5W,20.33 Bil,25.84,37.57,24.32,11.54,0
F0GBR04C4A,6.29 Bil,0,32.71,47.69,18.88,0
F0GBR04IKT,6.29 Bil,0,32.71,47.69,18.88,0
F0GBR04F1Q,11.40 Bil,13.8,18.96,24.06,8.55,0.32
F00000SJ0B,11.40 Bil,13.8,18.96,24.06,8.55,0.32
F00000UEGA,11.40 Bil,13.8,18.96,24.06,8.55,0.32
F0GBR04M9W,11.45 Bil,20.68,23.58,39,11.6,0.89
F00000TEMI,11.45 Bil,20.68,23.58,39,11.6,0.89
F00000UO55,11.45 Bil,20.68,23.58,39,11.6,0.89
F00000NZ06,31.42 Bil,34.35,45.64,17.1,1.98,1.22
F0GBR06IOE,31.42 Bil,34.35,45.64,17.1,1.98,1.22
F0GBR06KQ0,31.42 Bil,34.35,45.64,17.1,1.98,1.22
F00000QIFW,31.42 Bil,34.35,45.64,17.1,1.98,1.22
F00000Q28T,31.42 Bil,34.35,45.64,17.1,1.98,1.22
F00000QABY,31.42 Bil,34.35,45.64,17.1,1.98,1.22
F00000NPBU,31.42 Bil,34.35,45.64,17.1,1.98,1.22
F00000NPBV,31.42 Bil,34.35,45.64,17.1,1.98,1.22
F000014AA6,31.42 Bil,34.35,45.64,17.1,1.98,1.22
F00000OZXR,31.42 Bil,34.35,45.64,17.1,1.98,1.22
F000014R9A,31.42 Bil,34.35,45.64,17.1,1.98,1.22
F0000021NU,32.63 Bil,36.22,44.36,14.8,1.79,1.24
F000005GUH,32.63 Bil,36.22,44.36,14.8,1.79,1.24
F00000GX6O,32.63 Bil,36.22,44.36,14.8,1.79,1.24
F00000VD3V,32.63 Bil,36.22,44.36,14.8,1.79,1.24
F0GBR04WZN,32.63 Bil,36.22,44.36,14.8,1.79,1.24
F0GBR04SL1,32.63 Bil,36.22,44.36,14.8,1.79,1.24
F0GBR04SKZ,32.63 Bil,36.22,44.36,14.8,1.79,1.24
F0GBR06HYY,32.63 Bil,36.22,44.36,14.8,1.79,1.24
F00000WZXD,84.84 Bil,80.11,18.06,0,0,0
F000000G8T,6.35 Bil,0,36.08,45.61,13.38,0.48
F00000WF47,29.42 Bil,35.85,39.87,16.92,2.26,0
F0GBR04HZO,40.77 Bil,44.05,40.93,11.39,1.17,0
F00000JVS5,33.13 Bil,35.95,43.42,18.69,0.53,0
F0GBR06KZJ,33.13 Bil,35.95,43.42,18.69,0.53,0
F0GBR06THD,33.13 Bil,35.95,43.42,18.69,0.53,0
F00000JVS8,33.13 Bil,35.95,43.42,18.69,0.53,0
F00000JVS9,33.13 Bil,35.95,43.42,18.69,0.53,0
F00000YWGS,37.40 Bil,41.3,31.89,18.39,0.64,0
F00000ZDCI,37.40 Bil,41.3,31.89,18.39,0.64,0
F0GBR063MT,37.40 Bil,41.3,31.89,18.39,0.64,0
F0GBR0687G,37.40 Bil,41.3,31.89,18.39,0.64,0
F00000ZXJU,,41.3,31.89,18.39,0.64,0
F000000DY3,37.40 Bil,41.3,31.89,18.39,0.64,0
F00000YWGT,37.40 Bil,41.3,31.89,18.39,0.64,0
F000001UZH,37.40 Bil,41.3,31.89,18.39,0.64,0
F00000YWGP,37.40 Bil,41.3,31.89,18.39,0.64,0
F000001UZR,37.40 Bil,41.3,31.89,18.39,0.64,0
F00000PWXI,8.42 Bil,15.55,33.5,31.28,7.88,10.15
F000000KDB,8.42 Bil,15.55,33.5,31.28,7.88,10.15
F00000PWXJ,39.00 Bil,4.29,32.17,21.57,23.18,18.62
FOGBR05KM1,39.00 Bil,4.29,32.17,21.57,23.18,18.62
F000010EFP,39.00 Bil,4.29,32.17,21.57,23.18,18.62
F00000PBII,37.40 Bil,41.3,31.89,18.39,0.64,0
F00000S6NF,31.14 Bil,38.76,39.45,18.27,1.66,0
F000005QCN,31.14 Bil,38.76,39.45,18.27,1.66,0
F00000PBKB,31.14 Bil,38.76,39.45,18.27,1.66,0
F00000SFJ1,27.98 Bil,36.42,25.78,32.85,3.23,0
F000001AU0,39.00 Bil,4.29,32.17,21.57,23.18,18.62
FOGBR05KM8,25.06 Bil,28.18,37.21,27.97,5.59,0
F000001ATZ,25.06 Bil,28.18,37.21,27.97,5.59,0
F00000NN1P,56.00 Bil,46.93,45.78,2.73,0,0
F00000OPX9,56.00 Bil,46.93,45.78,2.73,0,0
F00000SFKV,41.59 Bil,49.25,40.7,8.88,0,0
F0GBR04G99,32.83 Bil,39.82,36.25,20.62,1.31,0
F0GBR04D43,32.84 Bil,40.05,36.41,20.71,1.31,0
F00000OPX6,32.84 Bil,40.05,36.41,20.71,1.31,0
F00000J00Q,4.37 Bil,8.43,17.75,35.67,25.09,6.64
F00000J00P,4.37 Bil,8.43,17.75,35.67,25.09,6.64
F00000O8G5,6.84 Bil,5.15,33.25,43.18,16.61,0
F00000O8GB,6.84 Bil,5.15,33.25,43.18,16.61,0
F0GBR04IMW,21.51 Bil,37.6,25.87,21.06,7.57,0
F0GBR04V70,21.51 Bil,37.6,25.87,21.06,7.57,0
F0GBR0552V,21.51 Bil,37.6,25.87,21.06,7.57,0
F00000Z6B3,21.51 Bil,37.6,25.87,21.06,7.57,0
F00000PHG9,21.51 Bil,37.6,25.87,21.06,7.57,0
F00000M9LW,21.51 Bil,37.6,25.87,21.06,7.57,0
F00000GVYS,21.51 Bil,37.6,25.87,21.06,7.57,0
F0GBR04N99,15.50 Bil,24.49,23.52,36.39,10.71,0.02
F0GBR0553E,15.50 Bil,24.49,23.52,36.39,10.71,0.02
F00000QLVC,15.50 Bil,24.49,23.52,36.39,10.71,0.02
F00000THQW,15.50 Bil,24.49,23.52,36.39,10.71,0.02
F00000Z1PB,31.42 Bil,34.35,45.64,17.1,1.98,1.22
F000000RTO,34.07 Bil,31.45,39.46,20.96,3.85,0
F000000RTN,34.07 Bil,31.45,39.46,20.96,3.85,0
F00000ZZ5P,34.07 Bil,31.45,39.46,20.96,3.85,0
F000000RTP,34.07 Bil,31.45,39.46,20.96,3.85,0
F000000RTR,34.07 Bil,31.45,39.46,20.96,3.85,0
F00000ZZ5K,34.07 Bil,31.45,39.46,20.96,3.85,0
F00000H06L,34.07 Bil,31.45,39.46,20.96,3.85,0
F00000H06M,34.07 Bil,31.45,39.46,20.96,3.85,0
F000000RTL,34.07 Bil,31.45,39.46,20.96,3.85,0
F000000RTK,34.07 Bil,31.45,39.46,20.96,3.85,0
F00000VFI1,27.98 Bil,36.42,25.78,32.85,3.23,0
F00000VFI2,27.98 Bil,36.42,25.78,32.85,3.23,0
F00000ZXQG,27.98 Bil,36.42,25.78,32.85,3.23,0
F00000ZXQE,27.98 Bil,36.42,25.78,32.85,3.23,0
F00000ZXQI,27.98 Bil,36.42,25.78,32.85,3.23,0
F0GBR04OBD,36.48 Bil,47.38,40.42,11.86,0,0
F000003VZ0,36.48 Bil,47.38,40.42,11.86,0,0
F000003VYE,36.48 Bil,47.38,40.42,11.86,0,0
F00000YQGF,,47.38,40.42,11.86,0,0
F00000YQGG,36.48 Bil,47.38,40.42,11.86,0,0
F00000YQGH,,47.38,40.42,11.86,0,0
F00000WWVI,43.43 Bil,44.22,41.16,10.93,1.8,0
F00000UG3L,43.43 Bil,44.22,41.16,10.93,1.8,0
F00000UNWA,43.43 Bil,44.22,41.16,10.93,1.8,0
F00000VDAD,,24.06,37.03,34.2,2.96,0
F00000P8BR,22.17 Bil,27.41,52.2,18.23,0.89,0
F0GBR04COP,,27.41,52.2,18.23,0.89,0
F00000OOB2,34.58 Bil,45.35,40.03,13.06,0.07,0
F0GBR04CPM,34.58 Bil,45.35,40.03,13.06,0.07,0
F0GBR05275,4.69 Bil,0,16.8,63.65,16.8,0
0P0000N6PE,4.69 Bil,0,16.8,63.65,16.8,0
0P0000N6PG,4.69 Bil,0,16.8,63.65,16.8,0
0P0000N6PH,4.69 Bil,0,16.8,63.65,16.8,0
F00000VOSC,4.69 Bil,0,16.8,63.65,16.8,0
0P00015THF,4.69 Bil,0,16.8,63.65,16.8,0
0P00015THE,4.69 Bil,0,16.8,63.65,16.8,0
F0000000GO,4.69 Bil,0,16.8,63.65,16.8,0
0P0000N6QM,4.69 Bil,0,16.8,63.65,16.8,0
F00000204S,4.69 Bil,0,16.8,63.65,16.8,0
0P0000N6PN,4.69 Bil,0,16.8,63.65,16.8,0
0P0000N6PP,4.69 Bil,0,16.8,63.65,16.8,0
F00000H35C,56.80 Bil,56.88,36.38,3.23,0,0
0P0000NQ2Q,,56.88,36.38,3.23,0,0
0P0000NQ2P,56.80 Bil,56.88,36.38,3.23,0,0
0P0000NQ2N,56.80 Bil,56.88,36.38,3.23,0,0
0P0000NQ2O,56.80 Bil,56.88,36.38,3.23,0,0
F00000NGWK,56.80 Bil,56.88,36.38,3.23,0,0
0P0000Z6YS,56.80 Bil,56.88,36.38,3.23,0,0
0P0000Z6YP,56.80 Bil,56.88,36.38,3.23,0,0
0P0000Z6YR,56.80 Bil,56.88,36.38,3.23,0,0
0P0000Z6YQ,56.80 Bil,56.88,36.38,3.23,0,0
F00000GUPD,56.80 Bil,56.88,36.38,3.23,0,0
0P0000NAK4,56.80 Bil,56.88,36.38,3.23,0,0
0P0000NAK5,,56.88,36.38,3.23,0,0
0P0000NAK6,,56.88,36.38,3.23,0,0
0P0000NAK7,56.80 Bil,56.88,36.38,3.23,0,0
F0GBR05V67,56.80 Bil,56.88,36.38,3.23,0,0
0P0000N6IU,56.80 Bil,56.88,36.38,3.23,0,0
0P0000N6IW,56.80 Bil,56.88,36.38,3.23,0,0
0P0000N6IY,56.80 Bil,56.88,36.38,3.23,0,0
0P0000N6IZ,,56.88,36.38,3.23,0,0
F0GBR053MP,24.72 Bil,28.89,51.51,15.01,1.16,0
0P0000N6PR,24.72 Bil,28.89,51.51,15.01,1.16,0
0P0000N6PS,24.72 Bil,28.89,51.51,15.01,1.16,0
0P00001AJ6,24.72 Bil,28.89,51.51,15.01,1.16,0
0P00001AJ7,24.72 Bil,28.89,51.51,15.01,1.16,0
F0000000I8,24.72 Bil,28.89,51.51,15.01,1.16,0
0P0000N6QN,24.72 Bil,28.89,51.51,15.01,1.16,0
0P0000N6QO,24.72 Bil,28.89,51.51,15.01,1.16,0
0P0000N6QP,24.72 Bil,28.89,51.51,15.01,1.16,0
F00000204K,24.72 Bil,28.89,51.51,15.01,1.16,0
0P0000N6Q2,24.72 Bil,28.89,51.51,15.01,1.16,0
0P0000N6Q3,24.72 Bil,28.89,51.51,15.01,1.16,0
0P0000N6Q4,24.72 Bil,28.89,51.51,15.01,1.16,0
F0GBR04EM0,,36.92,42.46,17.43,0,0
0P0000N6O2,32.40 Bil,36.92,42.46,17.43,0,0
0P0000NFUS,32.40 Bil,36.92,42.46,17.43,0,0
F0GBR05XQQ,32.40 Bil,36.92,42.46,17.43,0,0
0P0000N6LT,32.40 Bil,36.92,42.46,17.43,0,0
0P0000N6LU,32.40 Bil,36.92,42.46,17.43,0,0
0P0000N6LV,32.40 Bil,36.92,42.46,17.43,0,0
F000001W23,32.40 Bil,36.92,42.46,17.43,0,0
0P0000N6O4,32.40 Bil,36.92,42.46,17.43,0,0
0P0000N6O6,32.40 Bil,36.92,42.46,17.43,0,0
F0GBR04RX1,27.92 Bil,35.9,50.99,11.68,0.1,0
F0000023NI,27.92 Bil,35.9,50.99,11.68,0.1,0
F00000SVDG,27.92 Bil,35.9,50.99,11.68,0.1,0
F00000P0Q8,27.92 Bil,35.9,50.99,11.68,0.1,0
F000000R67,30.99 Bil,41.02,46,10.58,1.79,0
F000000R6C,30.99 Bil,41.02,46,10.58,1.79,0
F00000SVEC,30.99 Bil,41.02,46,10.58,1.79,0
F00000P0QJ,30.99 Bil,41.02,46,10.58,1.79,0
F000000R69,22.53 Bil,36.12,41.11,18.28,2.75,0
F000000R6I,22.53 Bil,36.12,41.11,18.28,2.75,0
F00000SVEI,22.53 Bil,36.12,41.11,18.28,2.75,0
F00000P0QL,22.53 Bil,36.12,41.11,18.28,2.75,0
F0GBR04P5K,1.49 Bil,0,0,46.44,41.74,11.3
F000005F0X,1.49 Bil,0,0,46.44,41.74,11.3
F00000SVDK,1.49 Bil,0,0,46.44,41.74,11.3
F00000P0V9,1.49 Bil,0,0,46.44,41.74,11.3
F000010OP2,28.31 Bil,35.56,46.44,15.33,1.78,0
F0GBR04ABY,29.46 Bil,33.4,50.78,14.04,0,0
F0GBR06CWO,29.46 Bil,33.4,50.78,14.04,0,0
F0GBR04AC0,29.46 Bil,33.4,50.78,14.04,0,0
F0GBR04K71,29.46 Bil,33.4,50.78,14.04,0,0
F00000MAW8,29.46 Bil,33.4,50.78,14.04,0,0
F0000000Y6,34.24 Bil,36.05,50.06,11.64,0.8,0
F0000000Y5,34.24 Bil,36.05,50.06,11.64,0.8,0
F0000000Y4,34.24 Bil,36.05,50.06,11.64,0.8,0
F00000NGHU,27.30 Bil,36.76,44.24,17.21,0,0
F00000NGHW,,,,,,
F0GBR04ABX,1.66 Bil,0,0,44.38,43.56,9.91
F0GBR06C9W,1.66 Bil,0,0,44.38,43.56,9.91
F0GBR04SQF,1.66 Bil,0,0,44.38,43.56,9.91
F0GBR04TWF,1.66 Bil,0,0,44.38,43.56,9.91
F00000QB3R,47.36 Bil,53.63,34.81,11.23,0,0
F00000UOOB,47.36 Bil,53.63,34.81,11.23,0,0
F00000QTTD,47.36 Bil,53.63,34.81,11.23,0,0
F00000QNSS,47.36 Bil,53.63,34.81,11.23,0,0
F00000WFGB,47.36 Bil,53.63,34.81,11.23,0,0
F0GBR04U6V,47.36 Bil,53.63,34.81,11.23,0,0
F0GBR04KFA,47.36 Bil,53.63,34.81,11.23,0,0
F0GBR04G4M,27.67 Bil,42.67,30.55,23.88,2.21,0
F000013L9V,27.67 Bil,42.67,30.55,23.88,2.21,0
F00000ONHU,27.67 Bil,42.67,30.55,23.88,2.21,0
F0GBR04KWI,22.91 Bil,31.96,38.84,28.33,0,0
F000013L9W,,31.96,38.84,28.33,0,0
F0GBR054VC,22.91 Bil,31.96,38.84,28.33,0,0
F00000ZW2X,22.91 Bil,31.96,38.84,28.33,0,0
F0GBR04DJO,40.17 Bil,52.75,34.79,11.29,0,0
F000002F6P,40.17 Bil,52.75,34.79,11.29,0,0
F000013L9X,40.17 Bil,52.75,34.79,11.29,0,0
F0GBR06HUW,40.17 Bil,52.75,34.79,11.29,0,0
F0GBR04RWD,1.02 Bil,0,0,20.15,62.36,9.27
F000013L9Y,1.02 Bil,0,0,20.15,62.36,9.27
F0GBR04SAT,1.02 Bil,0,0,20.15,62.36,9.27
F0GBR04DDZ,24.03 Bil,30.77,50.89,15.04,0,0
F00000Z505,24.03 Bil,30.77,50.89,15.04,0,0
F00000T4MK,24.03 Bil,30.77,50.89,15.04,0,0
F00000QTR7,24.03 Bil,30.77,50.89,15.04,0,0
F0GBR063HC,24.03 Bil,30.77,50.89,15.04,0,0
F00000Z506,24.03 Bil,30.77,50.89,15.04,0,0
FOGBR05KAH,24.03 Bil,30.77,50.89,15.04,0,0
F00000IRT3,26.58 Bil,31.97,38.99,28.48,0,0
F00000IRTA,26.58 Bil,31.97,38.99,28.48,0,0
F0GBR04NWX,22.63 Bil,25.68,40.48,30.93,0,0.72
F00000NE6O,22.63 Bil,25.68,40.48,30.93,0,0.72
F00000QJ8J,22.63 Bil,25.68,40.48,30.93,0,0.72
F00000PWRS,22.63 Bil,25.68,40.48,30.93,0,0.72
F00000VUCI,22.63 Bil,25.68,40.48,30.93,0,0.72
F00000WFHB,22.63 Bil,25.68,40.48,30.93,0,0.72
F0GBR063HA,22.63 Bil,25.68,40.48,30.93,0,0.72
F00000OXMB,22.63 Bil,25.68,40.48,30.93,0,0.72
FOGBR05KAN,22.63 Bil,25.68,40.48,30.93,0,0.72
F0GBR04E8X,5.70 Bil,0,26.66,52.44,16.47,0.57
F00000SA44,5.70 Bil,0,26.66,52.44,16.47,0.57
F00000Q7PV,5.70 Bil,0,26.66,52.44,16.47,0.57
F0GBR063HB,,0,26.66,52.44,16.47,0.57
FOGBR05KAT,5.70 Bil,0,26.66,52.44,16.47,0.57
F0GBR04DCY,1.61 Bil,0,1.51,35.57,56.86,2.91
F00000PLLF,1.61 Bil,0,1.51,35.57,56.86,2.91
F0GBR063HE,1.61 Bil,0,1.51,35.57,56.86,2.91
FOGBR05KAL,1.61 Bil,0,1.51,35.57,56.86,2.91
F0GBR06IKH,41.80 Bil,52.81,39.17,9.52,0.33,0
F0GBR06IKI,41.80 Bil,52.81,39.17,9.52,0.33,0
F0GBR06AQG,25.00 Bil,26.52,43.84,28.41,0.25,0
F0GBR04K6T,25.00 Bil,26.52,43.84,28.41,0.25,0
F00000MAW9,25.00 Bil,26.52,43.84,28.41,0.25,0
F00000WITC,25.00 Bil,26.52,43.84,28.41,0.25,0
F00000WBS9,25.37 Bil,30.87,47.43,19.82,0.99,0
F0GBR05Z9P,,45.5,31.88,21.24,0,0
F00000QTTG,34.80 Bil,45.5,31.88,21.24,0,0
F0GBR04MCO,34.80 Bil,45.5,31.88,21.24,0,0
F0GBR05Z9H,2.67 Bil,0,2.44,55.36,32.68,0
F00000QTTK,2.67 Bil,0,2.44,55.36,32.68,0
F00000WBSA,25.37 Bil,30.87,47.43,19.82,0.99,0
F00000WCT3,25.37 Bil,30.87,47.43,19.82,0.99,0
F00000WF1L,18.12 Bil,22.06,36.49,34.26,1.36,0
F00000WF1N,18.12 Bil,22.06,36.49,34.26,1.36,0
F0GBR05S31,25.67 Bil,26.47,43.16,26.84,0.1,0
F0GBR05ZDA,,26.47,43.16,26.84,0.1,0
F0GBR05VU6,25.67 Bil,26.47,43.16,26.84,0.1,0
F0GBR04K6R,25.00 Bil,26.52,43.84,28.41,0.25,0
F0GBR04KW2,25.00 Bil,26.52,43.84,28.41,0.25,0
F00000JWFV,36.87 Bil,47.19,38.7,13.28,0.19,0
F00000OJRP,36.87 Bil,47.19,38.7,13.28,0.19,0
F00000SSSN,36.87 Bil,47.19,38.7,13.28,0.19,0
F0GBR06JMW,36.87 Bil,47.19,38.7,13.28,0.19,0
F00000NOT1,36.87 Bil,47.19,38.7,13.28,0.19,0
F000005PK8,45.48 Bil,51.46,39,9.13,0,0
F00000MCMJ,45.48 Bil,51.46,39,9.13,0,0
F00000OYMI,47.22 Bil,48.96,39.19,10.95,0,0
F00000PEWO,47.22 Bil,48.96,39.19,10.95,0,0
F00000ZTE3,47.22 Bil,48.96,39.19,10.95,0,0
F00000OYMJ,47.22 Bil,48.96,39.19,10.95,0,0
F00000OYMK,47.22 Bil,48.96,39.19,10.95,0,0
F00000OYML,47.22 Bil,48.96,39.19,10.95,0,0
F00000X550,47.22 Bil,48.96,39.19,10.95,0,0
F00000YXWS,47.67 Bil,49,41.75,9.06,0,0
F000001A06,47.67 Bil,49,41.75,9.06,0,0
F000005PKA,47.67 Bil,49,41.75,9.06,0,0
F00000Z2S2,46.52 Bil,48.66,40.26,10.71,0,0
F00000MR1V,46.52 Bil,48.66,40.26,10.71,0,0
F00000O3W4,46.52 Bil,48.66,40.26,10.71,0,0
F00000VV6S,5.82 Bil,11.01,27.49,34.9,24.96,1.1
F00000SX9M,19.81 Bil,15.14,44.48,32.25,0,0
F00000X6VN,19.81 Bil,15.14,44.48,32.25,0,0
F0GBR05ZSF,47.36 Bil,53.63,34.81,11.23,0,0
F0GBR05ZA5,47.36 Bil,53.63,34.81,11.23,0,0
F00000UOOA,47.36 Bil,53.63,34.81,11.23,0,0
F0GBR04U71,2.67 Bil,0,2.44,55.36,32.68,0
F0GBR04KFD,2.67 Bil,0,2.44,55.36,32.68,0
F0GBR04S4Q,3.22 Bil,0,0,86.02,13.24,0
F00000OZXA,3.22 Bil,0,0,86.02,13.24,0
F00000OYE2,3.22 Bil,0,0,86.02,13.24,0
F0GBR055SK,23.15 Bil,41.89,26.31,21.65,9.25,0
F000000LBK,23.15 Bil,41.89,26.31,21.65,9.25,0
F00000OYYG,23.15 Bil,41.89,26.31,21.65,9.25,0
F0GBR04S4P,32.84 Bil,45.2,28.64,14.51,4.99,0.33
F000001X3L,32.84 Bil,45.2,28.64,14.51,4.99,0.33
F00000MNDW,32.84 Bil,45.2,28.64,14.51,4.99,0.33
F00000NOPW,32.84 Bil,45.2,28.64,14.51,4.99,0.33
F00000MZB0,23.50 Bil,41.13,24.98,22.08,8.37,0.73
F00000S7JR,23.50 Bil,41.13,24.98,22.08,8.37,0.73
F0GBR05VWD,36.86 Bil,50.03,24.81,16.47,4.04,0
F0GBR05KOA,36.86 Bil,50.03,24.81,16.47,4.04,0
F0GBR04MXG,36.86 Bil,50.03,24.81,16.47,4.04,0
F0GBR06W89,36.86 Bil,50.03,24.81,16.47,4.04,0
F0GBR05KO9,36.86 Bil,50.03,24.81,16.47,4.04,0
F0GBR05VWR,28.77 Bil,39.86,29.03,24.16,3.15,0
F00000QL6K,28.77 Bil,39.86,29.03,24.16,3.15,0
F0GBR06B0Y,28.77 Bil,39.86,29.03,24.16,3.15,0
F00000S6EH,28.77 Bil,39.86,29.03,24.16,3.15,0
F0GBR04MXK,28.77 Bil,39.86,29.03,24.16,3.15,0
F0GBR055SF,28.77 Bil,39.86,29.03,24.16,3.15,0
F0000105IU,28.77 Bil,39.86,29.03,24.16,3.15,0
F0GBR05WQ0,28.77 Bil,39.86,29.03,24.16,3.15,0
F0GBR05VVH,3.60 Bil,0,1.59,80.31,15.97,0
F00000QM21,3.60 Bil,0,1.59,80.31,15.97,0
F0GBR064XO,3.60 Bil,0,1.59,80.31,15.97,0
F00000V34Z,3.60 Bil,0,1.59,80.31,15.97,0
F0000105IY,3.60 Bil,0,1.59,80.31,15.97,0
F0GBR06NXH,3.60 Bil,0,1.59,80.31,15.97,0
F0GBR05VVV,16.99 Bil,27.03,35.4,20.55,12.3,0.53
F0000020I8,16.99 Bil,27.03,35.4,20.55,12.3,0.53
F0GBR04MXW,16.99 Bil,27.03,35.4,20.55,12.3,0.53
F000000JS1,16.99 Bil,27.03,35.4,20.55,12.3,0.53
F0GBR05VWQ,39.46 Bil,48.17,29.7,14.2,4.99,0
F0GBR04NRQ,39.46 Bil,48.17,29.7,14.2,4.99,0
F0GBR06B5I,39.46 Bil,48.17,29.7,14.2,4.99,0
F00000S6EG,39.46 Bil,48.17,29.7,14.2,4.99,0
F0GBR04MXM,39.46 Bil,48.17,29.7,14.2,4.99,0
F0GBR06U73,39.46 Bil,48.17,29.7,14.2,4.99,0
F0GBR05WP4,39.46 Bil,48.17,29.7,14.2,4.99,0
F000000GDU,21.34 Bil,33.34,23.3,26.74,7.78,0.47
F000000P5X,21.34 Bil,33.34,23.3,26.74,7.78,0.47
F00000MJFL,21.34 Bil,33.34,23.3,26.74,7.78,0.47
F00000RUU9,21.34 Bil,33.34,23.3,26.74,7.78,0.47
F000000GET,21.34 Bil,33.34,23.3,26.74,7.78,0.47
F000000P5W,,33.34,23.3,26.74,7.78,0.47
F000000I0R,21.34 Bil,33.34,23.3,26.74,7.78,0.47
F0GBR05VWM,,0,0,66.23,31.2,0.45
F0GBR05WP5,2.66 Bil,0,0,66.23,31.2,0.45
F0GBR04MXQ,2.66 Bil,0,0,66.23,31.2,0.45
F0GBR06W4Y,2.66 Bil,0,0,66.23,31.2,0.45
F0GBR05VWJ,25.83 Bil,33.74,31.95,23.58,8.09,0.02
F0GBR05WP7,25.83 Bil,33.74,31.95,23.58,8.09,0.02
F0GBR04MXS,25.83 Bil,33.74,31.95,23.58,8.09,0.02
F0GBR05VWF,19.09 Bil,31.29,30.74,19.66,11.39,0.55
F0GBR055EU,19.09 Bil,31.29,30.74,19.66,11.39,0.55
F0GBR04MXU,19.09 Bil,31.29,30.74,19.66,11.39,0.55
F0GBR05S10,19.09 Bil,31.29,30.74,19.66,11.39,0.55
F00000YDBN,33.01 Bil,41.71,29.89,20.9,3.39,0
F0GBR04DQ1,58.87 Bil,55.84,34.05,5.8,0,0
F000000P5P,58.87 Bil,55.84,34.05,5.8,0,0
F0GBR04DQ3,58.87 Bil,55.84,34.05,5.8,0,0
F00000WH5I,58.87 Bil,55.84,34.05,5.8,0,0
F0000007HL,58.87 Bil,55.84,34.05,5.8,0,0
F000000P5O,58.87 Bil,55.84,34.05,5.8,0,0
F00000H592,58.87 Bil,55.84,34.05,5.8,0,0
F0000105IZ,58.87 Bil,55.84,34.05,5.8,0,0
F0000102U1,58.87 Bil,55.84,34.05,5.8,0,0
F0GBR04X5Y,58.87 Bil,55.84,34.05,5.8,0,0
F0GBR05WLD,20.09 Bil,32.18,27,24.54,9.25,0.6
F000000AW5,20.09 Bil,32.18,27,24.54,9.25,0.6
F0GBR069OV,20.09 Bil,32.18,27,24.54,9.25,0.6
F00000MFMC,20.09 Bil,32.18,27,24.54,9.25,0.6
F0000102U0,20.09 Bil,32.18,27,24.54,9.25,0.6
F000000FQ9,20.09 Bil,32.18,27,24.54,9.25,0.6
F00000TEXB,26.05 Bil,32.85,36.63,23.19,5.94,0
F00000H0A7,26.05 Bil,32.85,36.63,23.19,5.94,0
F00000W8H5,26.05 Bil,32.85,36.63,23.19,5.94,0
F00000W8H8,26.05 Bil,32.85,36.63,23.19,5.94,0
F00000UON5,3.83 Bil,0,7.32,68.67,24.01,0
F00000UON7,3.83 Bil,0,7.32,68.67,24.01,0
F00000UON2,3.83 Bil,0,7.32,68.67,24.01,0
F00000UOMW,3.83 Bil,0,7.32,68.67,24.01,0
F00000UOMS,3.83 Bil,0,7.32,68.67,24.01,0
F00000UOMP,3.83 Bil,0,7.32,68.67,24.01,0
F00000UONC,3.83 Bil,0,7.32,68.67,24.01,0
F00000UONI,3.83 Bil,0,7.32,68.67,24.01,0
F00000VTC9,22.25 Bil,22.57,54.35,20.79,0.89,0
F0000155AX,22.25 Bil,22.57,54.35,20.79,0.89,0
F0000105GQ,22.25 Bil,22.57,54.35,20.79,0.89,0
F00000SQMB,23.50 Bil,21.69,51.88,24.18,0.68,0
F00000SQMA,23.50 Bil,21.69,51.88,24.18,0.68,0
F000000278,23.50 Bil,21.69,51.88,24.18,0.68,0
F000000275,23.50 Bil,21.69,51.88,24.18,0.68,0
F000002NWZ,23.50 Bil,21.69,51.88,24.18,0.68,0
F00000MWJV,22.25 Bil,22.57,54.35,20.79,0.89,0
F00000MWJX,24.88 Bil,42.18,37.02,10.81,7.62,0
F0000155AZ,24.88 Bil,42.18,37.02,10.81,7.62,0
F000000AT8,24.88 Bil,42.18,37.02,10.81,7.62,0
F00000VZBL,33.39 Bil,34.02,48.28,17.24,0,0
F00000X3G2,14.78 Bil,13.42,30.61,26.76,1.8,0
F000000F68,26.62 Bil,32.28,35.77,29.08,1.31,0
F000000ASN,26.62 Bil,32.28,35.77,29.08,1.31,0
F000000ASM,26.62 Bil,32.28,35.77,29.08,1.31,0
F000000QZT,26.62 Bil,32.28,35.77,29.08,1.31,0
F0000020PS,26.62 Bil,32.28,35.77,29.08,1.31,0
F0000020PU,,32.28,35.77,29.08,1.31,0
F00000XJDR,,,,,,
F00000JRWX,26.62 Bil,32.28,35.77,29.08,1.31,0
F00000JRWY,26.62 Bil,32.28,35.77,29.08,1.31,0
F00000JRX0,26.62 Bil,32.28,35.77,29.08,1.31,0
F000000QZS,26.62 Bil,32.28,35.77,29.08,1.31,0
F00000MAVV,16.51 Bil,31.67,32.27,25.4,9.1,0
F00000YE5O,16.51 Bil,31.67,32.27,25.4,9.1,0
F00000YE5N,,31.67,32.27,25.4,9.1,0
F0GBR04RVQ,16.51 Bil,31.67,32.27,25.4,9.1,0
F00000TUO9,55.41 Bil,58.93,37.58,3.44,0,0
F00000TUOA,55.41 Bil,58.93,37.58,3.44,0,0
F00000TUOB,55.41 Bil,58.93,37.58,3.44,0,0
F00000OB15,57.14 Bil,29.44,36.78,9.58,3.15,3.45
F00000OB17,,29.44,36.78,9.58,3.15,3.45
F00000OB2D,57.14 Bil,29.44,36.78,9.58,3.15,3.45
F0GBR04GM3,21.89 Bil,41.53,33.05,18.33,5.28,0
F0GBR05343,21.89 Bil,41.53,33.05,18.33,5.28,0
F00000OWFI,21.89 Bil,41.53,33.05,18.33,5.28,0
F00000S9KA,21.89 Bil,41.53,33.05,18.33,5.28,0
F00000X7KU,9.05 Bil,23.92,17.92,53.53,21.27,3.55
F00000TEO5,9.05 Bil,23.92,17.92,53.53,21.27,3.55
F000010IOY,13.41 Bil,16,33.71,33.85,10.04,0
F000010IP0,13.41 Bil,16,33.71,33.85,10.04,0
F0GBR053MX,12.53 Bil,20.03,37.44,28.13,10.65,0
F0GBR06I2Z,12.53 Bil,20.03,37.44,28.13,10.65,0
F00000Z0AM,1.66 Bil,0,0,40.37,46.69,5.77
F000010N8N,1.66 Bil,0,0,40.37,46.69,5.77
F00000Z0AK,1.66 Bil,0,0,40.37,46.69,5.77
F00000Z9U5,1.66 Bil,0,0,40.37,46.69,5.77
F00000Z0AW,1.66 Bil,0,0,40.37,46.69,5.77
F00000PKH8,5.09 Bil,0,2.67,88.41,4.43,0.13
F0GBR06W4X,5.09 Bil,0,2.67,88.41,4.43,0.13
F0000003CR,5.09 Bil,0,2.67,88.41,4.43,0.13
F00000H34C,5.09 Bil,0,2.67,88.41,4.43,0.13
F00000M8I5,5.09 Bil,0,2.67,88.41,4.43,0.13
F000011HJJ,27.98 Bil,32.59,37.37,27.99,0,0
F000011HJO,27.98 Bil,32.59,37.37,27.99,0,0
F000011HJL,27.98 Bil,32.59,37.37,27.99,0,0
F000011HJN,27.98 Bil,32.59,37.37,27.99,0,0
F00000PKH5,20.09 Bil,20.6,45.56,24.86,2.92,0.76
F0GBR069YT,20.09 Bil,20.6,45.56,24.86,2.92,0.76
F0000155B3,33.34 Bil,37.99,45.48,14.53,0.11,0
F0GBR04C41,33.34 Bil,37.99,45.48,14.53,0.11,0
F00000MWJZ,33.34 Bil,37.99,45.48,14.53,0.11,0
F00000V83A,38.49 Bil,44.38,23.71,17.18,0.9,0.17
F00000V83C,7.36 Bil,5.34,29.24,43.04,14.13,1.33
F0GBR04HIW,20.09 Bil,20.6,45.56,24.86,2.92,0.76
F00000JVNA,20.09 Bil,20.6,45.56,24.86,2.92,0.76
F000003Z2O,20.09 Bil,20.6,45.56,24.86,2.92,0.76
F00000UDWL,36.21 Bil,33.72,37.89,25.4,0.99,0
F00000UDWK,36.21 Bil,33.72,37.89,25.4,0.99,0
F00000ZI3T,16.29 Bil,21.38,32.97,17.91,7.54,4.61
F00000XLBX,16.29 Bil,21.38,32.97,17.91,7.54,4.61
F000003VPU,24.83 Bil,32.04,34.95,30.46,0,0
F00000SFL9,24.83 Bil,32.04,34.95,30.46,0,0
F00000LX1J,24.83 Bil,32.04,34.95,30.46,0,0
F00000LX1M,,0,1.74,62.98,33.58,0
F00000XK81,2.55 Bil,0,1.74,62.98,33.58,0
F000005LRG,30.28 Bil,40.3,43.75,14.53,1.42,0
F00000OUII,30.28 Bil,40.3,43.75,14.53,1.42,0
F00000QJXS,34.94 Bil,39.92,45.29,13.32,1.47,0
F00000MJ9X,34.94 Bil,39.92,45.29,13.32,1.47,0
F000010MQF,34.94 Bil,39.92,45.29,13.32,1.47,0
F00000PQ43,34.94 Bil,39.92,45.29,13.32,1.47,0
F0000023H4,2.37 Bil,0,3.26,58.16,32.99,1.5
F0000023H5,2.37 Bil,0,3.26,58.16,32.99,1.5
F00000OUIQ,2.37 Bil,0,3.26,58.16,32.99,1.5
F00000OMM6,11.56 Bil,6.7,54.38,37.58,1.34,0
F00001012C,11.56 Bil,6.7,54.38,37.58,1.34,0
F00000SFO4,11.56 Bil,6.7,54.38,37.58,1.34,0
F00001012E,11.56 Bil,6.7,54.38,37.58,1.34,0
F00000WMBE,2.70 Bil,0,2.67,60.36,33.01,1.65
F00000ZQYQ,21.00 Bil,30.78,40.1,20.02,4.56,0.65
F00000ZQYM,21.00 Bil,30.78,40.1,20.02,4.56,0.65
F00000ZQYO,21.00 Bil,30.78,40.1,20.02,4.56,0.65
F00000QTLT,36.66 Bil,46.05,38.83,13.53,0.16,0
F00000OZTF,36.66 Bil,46.05,38.83,13.53,0.16,0
F0GBR06I94,36.66 Bil,46.05,38.83,13.53,0.16,0
F0GBR04C2P,36.66 Bil,46.05,38.83,13.53,0.16,0
F0000102Y6,11.79 Bil,17.31,40.05,24.79,14.13,0
F00000OKGG,11.79 Bil,17.31,40.05,24.79,14.13,0
F00000OKF2,11.79 Bil,17.31,40.05,24.79,14.13,0
F0GBR05PTX,11.79 Bil,17.31,40.05,24.79,14.13,0
F000010BB8,47.50 Bil,48.73,41.83,9.08,0,0
F000010BB9,47.50 Bil,48.73,41.83,9.08,0,0
F00000PLVS,14.74 Bil,37.49,26.68,17.18,14.37,3.2
F00000UDWN,36.21 Bil,33.72,37.89,25.4,0.99,0
F00000XCYF,29.91 Bil,29.72,41.17,26.83,0,0
F00000W1FR,29.91 Bil,29.72,41.17,26.83,0,0
F00000Z6FF,29.91 Bil,29.72,41.17,26.83,0,0
F000002IS7,15.58 Bil,10.86,42.25,25.98,2.42,4.7
F0000003JC,15.58 Bil,10.86,42.25,25.98,2.42,4.7
F00000NUE3,15.58 Bil,10.86,42.25,25.98,2.42,4.7
F000002IS8,15.58 Bil,10.86,42.25,25.98,2.42,4.7
F0000024C5,42.91 Bil,51.04,36.61,12.29,0.05,0
F000010L79,13.04 Bil,22.22,35.21,22.69,13.46,2.72
F000010L77,13.04 Bil,22.22,35.21,22.69,13.46,2.72
F000010L7C,13.04 Bil,22.22,35.21,22.69,13.46,2.72
F000010L7A,13.04 Bil,22.22,35.21,22.69,13.46,2.72
F000010L0W,13.04 Bil,22.22,35.21,22.69,13.46,2.72
F000010L54,22.78 Bil,34.39,28.38,32.53,2.05,0.73
F000010L56,22.78 Bil,34.39,28.38,32.53,2.05,0.73
F000010L52,22.78 Bil,34.39,28.38,32.53,2.05,0.73
F000010L4Z,22.78 Bil,34.39,28.38,32.53,2.05,0.73
F000010KZ2,22.78 Bil,34.39,28.38,32.53,2.05,0.73
F0GBR04S9B,42.31 Bil,45.04,38.5,12.69,0.17,0
F0GBR04SCQ,23.94 Bil,30.15,43.22,21.18,4.08,0.23
F00000OO5V,23.94 Bil,30.15,43.22,21.18,4.08,0.23
F000013D2D,23.94 Bil,30.15,43.22,21.18,4.08,0.23
F00000OO5X,23.94 Bil,30.15,43.22,21.18,4.08,0.23
F0GBR04JIM,23.94 Bil,30.15,43.22,21.18,4.08,0.23
F0GBR04S8X,22.72 Bil,34.39,28.37,32.68,2.05,0.73
F00000OO88,22.72 Bil,34.39,28.37,32.68,2.05,0.73
F00000OO89,,34.39,28.37,32.68,2.05,0.73
F0GBR04JIQ,22.72 Bil,34.39,28.37,32.68,2.05,0.73
F0GBR04S9C,2.44 Bil,0,5.03,58.37,24.56,8.66
F00000OOBN,2.44 Bil,0,5.03,58.37,24.56,8.66
F00000OO62,2.44 Bil,0,5.03,58.37,24.56,8.66
F0GBR04JJU,2.44 Bil,0,5.03,58.37,24.56,8.66
F0GBR04VE4,34.69 Bil,36.41,46.84,13.65,2.76,0
0P0000PY1Y,34.69 Bil,36.41,46.84,13.65,2.76,0
0P0000PY21,34.69 Bil,36.41,46.84,13.65,2.76,0
0P0000PY1X,34.69 Bil,36.41,46.84,13.65,2.76,0
0P0000PY1W,34.69 Bil,36.41,46.84,13.65,2.76,0
0P0000PY20,34.69 Bil,36.41,46.84,13.65,2.76,0
0P0000PY1Z,34.69 Bil,36.41,46.84,13.65,2.76,0
0P0000PY1V,34.69 Bil,36.41,46.84,13.65,2.76,0
F00000V667,34.69 Bil,36.41,46.84,13.65,2.76,0
0P000155E9,34.69 Bil,36.41,46.84,13.65,2.76,0
0P000155EA,34.69 Bil,36.41,46.84,13.65,2.76,0
0P000155ED,34.69 Bil,36.41,46.84,13.65,2.76,0
0P000155EE,34.69 Bil,36.41,46.84,13.65,2.76,0
0P000155EC,34.69 Bil,36.41,46.84,13.65,2.76,0
0P000155EB,34.69 Bil,36.41,46.84,13.65,2.76,0
0P000155EF,34.69 Bil,36.41,46.84,13.65,2.76,0
F000000GOT,34.69 Bil,36.41,46.84,13.65,2.76,0
0P0000PY28,34.69 Bil,36.41,46.84,13.65,2.76,0
0P0000PY25,34.69 Bil,36.41,46.84,13.65,2.76,0
0P0000PY27,34.69 Bil,36.41,46.84,13.65,2.76,0
0P0000PY24,34.69 Bil,36.41,46.84,13.65,2.76,0
0P0000PY26,34.69 Bil,36.41,46.84,13.65,2.76,0
0P0000PY23,34.69 Bil,36.41,46.84,13.65,2.76,0
0P0000PY22,34.69 Bil,36.41,46.84,13.65,2.76,0
F00000WPQ8,6.30 Bil,4.87,25.62,39.6,23.33,1.15
F0000100X9,6.30 Bil,4.87,25.62,39.6,23.33,1.15
F00000WPQ9,6.30 Bil,4.87,25.62,39.6,23.33,1.15
F00000WPQA,6.30 Bil,4.87,25.62,39.6,23.33,1.15
F00000WPQB,2.20 Bil,7.32,9.2,28.49,40.55,10.18
F00000WPQC,2.20 Bil,7.32,9.2,28.49,40.55,10.18
F0GBR04FHB,5.55 Bil,13.99,15.7,43.77,20.04,5.26
F00000VSCP,14.55 Bil,32.23,11.33,33.55,19.22,3.4
F000000NT5,2.40 Bil,0,4.47,48.11,42.86,3.2
F00000UQWX,2.40 Bil,0,4.47,48.11,42.86,3.2
F00000SG6Y,2.40 Bil,0,4.47,48.11,42.86,3.2
F0GBR06M4B,39.54 Bil,43.56,41.42,14.13,0,0
F0GBR04S0C,39.54 Bil,43.56,41.42,14.13,0,0
F00000ZZAS,37.76 Bil,48.68,44.32,8.66,0,0
F00000XIB1,21.77 Bil,28.16,27.51,26.86,3.73,0
F00000XPY3,21.77 Bil,28.16,27.51,26.86,3.73,0
F00000VXJ4,21.77 Bil,28.16,27.51,26.86,3.73,0
F00000WA5U,21.77 Bil,28.16,27.51,26.86,3.73,0
F00000YA2Z,42.72 Bil,45.29,33.08,20.32,0,0
F00000YA32,42.72 Bil,45.29,33.08,20.32,0,0
F00000Z4XL,42.72 Bil,45.29,33.08,20.32,0,0
F000015SO6,42.72 Bil,45.29,33.08,20.32,0,0
F00000Y9YQ,42.72 Bil,45.29,33.08,20.32,0,0
F00000Y99D,42.72 Bil,45.29,33.08,20.32,0,0
F00000Y9YT,42.72 Bil,45.29,33.08,20.32,0,0
F00000Y9YU,42.72 Bil,45.29,33.08,20.32,0,0
F00000YE1C,42.72 Bil,45.29,33.08,20.32,0,0
F000015SO7,42.72 Bil,45.29,33.08,20.32,0,0
F00000W8QW,38.67 Bil,35.5,54.08,8.58,0,0
F00000XR9L,38.67 Bil,35.5,54.08,8.58,0,0
F0GBR05V7L,38.67 Bil,35.5,54.08,8.58,0,0
F00000W6CG,38.67 Bil,35.5,54.08,8.58,0,0
F00000XDY9,38.67 Bil,35.5,54.08,8.58,0,0
F00000VTL5,38.67 Bil,35.5,54.08,8.58,0,0
FOUSA088S1,38.67 Bil,35.5,54.08,8.58,0,0
F00000ZJLW,32.83 Bil,37.22,39,23.68,0,0
F00000ZJLV,32.83 Bil,37.22,39,23.68,0,0
F00000ZLPT,32.83 Bil,37.22,39,23.68,0,0
F000010F4Q,32.83 Bil,37.22,39,23.68,0,0
F00000ZJLU,32.83 Bil,37.22,39,23.68,0,0
F00000ZMH7,28.29 Bil,37.08,26.21,25.63,3.76,0.05
F00000ZLIJ,28.29 Bil,37.08,26.21,25.63,3.76,0.05
F00000ZHYA,28.29 Bil,37.08,26.21,25.63,3.76,0.05
F00000ZHYB,28.29 Bil,37.08,26.21,25.63,3.76,0.05
F00000V4X6,5.37 Bil,0,14.61,72.05,9.67,0
0P000153UD,5.37 Bil,0,14.61,72.05,9.67,0
F00000MBWQ,22.14 Bil,39.53,24.69,34.77,0,0
F00000MBWR,22.14 Bil,39.53,24.69,34.77,0,0
F00000QBO9,,,,,,
F00000V2ZP,27.70 Bil,31.41,43.62,17.36,4.22,0
F00000QBOA,27.70 Bil,31.41,43.62,17.36,4.22,0
F00000WN9T,27.70 Bil,31.41,43.62,17.36,4.22,0
F00000V2ZR,27.70 Bil,31.41,43.62,17.36,4.22,0
F0GBR04HQC,30.87 Bil,34.45,37.63,22.1,2.52,0
F0GBR04W07,30.87 Bil,34.45,37.63,22.1,2.52,0
F00000V2WT,30.87 Bil,34.45,37.63,22.1,2.52,0
F0GBR05ZUF,30.87 Bil,34.45,37.63,22.1,2.52,0
F0GBR05ZUG,30.87 Bil,34.45,37.63,22.1,2.52,0
F0GBR06PBW,30.87 Bil,34.45,37.63,22.1,2.52,0
F00000PMQL,30.87 Bil,34.45,37.63,22.1,2.52,0
F00000QBO2,30.87 Bil,34.45,37.63,22.1,2.52,0
F00000V2WW,30.87 Bil,34.45,37.63,22.1,2.52,0
F0GBR04UGX,4.53 Bil,0.58,21.75,51.33,22.39,2.14
F0GBR05ZUU,4.53 Bil,0.58,21.75,51.33,22.39,2.14
F00000V2ZU,,0.58,21.75,51.33,22.39,2.14
F0GBR05ZUT,4.53 Bil,0.58,21.75,51.33,22.39,2.14
F00000QBOB,4.53 Bil,0.58,21.75,51.33,22.39,2.14
F00000PMQM,4.53 Bil,0.58,21.75,51.33,22.39,2.14
F00000QBOC,,0.58,21.75,51.33,22.39,2.14
F00000V2ZX,,0.58,21.75,51.33,22.39,2.14
F0GBR04GNL,,29.25,52.88,15.18,1,0
F000000JYQ,31.90 Bil,29.25,52.88,15.18,1,0
F0GBR05ZUV,31.90 Bil,29.25,52.88,15.18,1,0
F0GBR05ZUX,31.90 Bil,29.25,52.88,15.18,1,0
F00000MSZG,31.90 Bil,29.25,52.88,15.18,1,0
F00000PY4P,31.90 Bil,29.25,52.88,15.18,1,0
F00000PMQP,31.90 Bil,29.25,52.88,15.18,1,0
F00000PMQQ,,29.25,52.88,15.18,1,0
F00000QBO8,31.90 Bil,29.25,52.88,15.18,1,0
F00000WN9U,31.90 Bil,29.25,52.88,15.18,1,0
F00000GVOK,31.90 Bil,29.25,52.88,15.18,1,0
F00000ZIAD,24.30 Bil,34.98,38.25,20.69,3.26,0.11
F00000ZIAC,24.30 Bil,34.98,38.25,20.69,3.26,0.11
F0000107C6,2.25 Bil,15.32,13.69,12.5,25.8,26.61
F000002ILB,1.01 Bil,0,0,19.66,61.71,15.33
F00000WLBU,1.01 Bil,0,0,19.66,61.71,15.33
F00000WLB8,1.20 Bil,0,0,16.84,74.93,2.28
F00000WLB9,1.20 Bil,0,0,16.84,74.93,2.28
F00000WLBE,1.20 Bil,0,0,16.84,74.93,2.28
F0000102YT,1.20 Bil,0,0,16.84,74.93,2.28
F00000WLBH,1.20 Bil,0,0,16.84,74.93,2.28
F000002ILI,1.01 Bil,0,0,19.66,61.71,15.33
F0000101BE,1.01 Bil,0,0,19.66,61.71,15.33
F00000MQHY,5.32 Bil,0,35.99,35.83,16.31,5.21
F00000XBPD,5.32 Bil,0,35.99,35.83,16.31,5.21
F00000W3Z5,,,,,,
F00000MQHZ,5.32 Bil,0,35.99,35.83,16.31,5.21
F0000107GY,5.32 Bil,0,35.99,35.83,16.31,5.21
F00000MBWT,22.14 Bil,39.53,24.69,34.77,0,0
F00000O7XQ,18.98 Bil,35.08,30.33,15.08,13.9,1.12
F0GBR04LI4,18.98 Bil,35.08,30.33,15.08,13.9,1.12
F00000WA5Y,18.98 Bil,35.08,30.33,15.08,13.9,1.12
F000003WU5,18.98 Bil,35.08,30.33,15.08,13.9,1.12
F00000QS7B,29.16 Bil,34.39,41.4,18.19,0.47,0.91
F00000QS7C,29.16 Bil,34.39,41.4,18.19,0.47,0.91
F00000S8UO,16.18 Bil,16.58,44.3,27.12,5.22,0.16
F00000S8UQ,16.18 Bil,16.58,44.3,27.12,5.22,0.16
F00000MVCO,16.76 Bil,16.26,42.59,25.01,4.36,3.43
F00000T1MU,18.98 Bil,35.08,30.33,15.08,13.9,1.12
F00000SJSL,18.98 Bil,35.08,30.33,15.08,13.9,1.12
F0GBR05ADV,17.78 Bil,25.39,31.09,36,7.52,0
F0GBR04VDS,17.78 Bil,25.39,31.09,36,7.52,0
F0GBR04IIL,17.78 Bil,25.39,31.09,36,7.52,0
F0GBR04WOB,17.78 Bil,25.39,31.09,36,7.52,0
F00000J73J,17.78 Bil,25.39,31.09,36,7.52,0
F00000UK0P,17.78 Bil,25.39,31.09,36,7.52,0
F0000027KU,27.75 Bil,38.93,38.39,18.54,0.76,0
F00000ZM5Y,27.75 Bil,38.93,38.39,18.54,0.76,0
F00000LPRQ,25.00 Bil,33.81,38.67,25.08,0.33,0
F00000PYB0,25.00 Bil,33.81,38.67,25.08,0.33,0
F00000MSZ7,37.53 Bil,44.34,31.39,21.45,0,0
F00000MSZ6,37.53 Bil,44.34,31.39,21.45,0,0
F00000XGMV,37.53 Bil,44.34,31.39,21.45,0,0
F00000MSZA,37.53 Bil,44.34,31.39,21.45,0,0
F00000MSZB,37.53 Bil,44.34,31.39,21.45,0,0
F00000QBO4,37.53 Bil,44.34,31.39,21.45,0,0
F00000XGMY,37.53 Bil,44.34,31.39,21.45,0,0
F00000QBO5,37.53 Bil,44.34,31.39,21.45,0,0
F00000XGN0,37.53 Bil,44.34,31.39,21.45,0,0
F0GBR05ZTQ,52.19 Bil,48.39,34.25,12.82,0,0
F0GBR04KO6,52.19 Bil,48.39,34.25,12.82,0,0
F0GBR05ZTR,52.19 Bil,48.39,34.25,12.82,0,0
F00000V332,52.19 Bil,48.39,34.25,12.82,0,0
F0GBR059QJ,52.19 Bil,48.39,34.25,12.82,0,0
F00000QBOE,52.19 Bil,48.39,34.25,12.82,0,0
F00000V33O,52.19 Bil,48.39,34.25,12.82,0,0
F00000QBOF,52.19 Bil,48.39,34.25,12.82,0,0
F00000YCVQ,52.19 Bil,48.39,34.25,12.82,0,0
F0GBR04O0J,27.70 Bil,31.41,43.62,17.36,4.22,0
F0GBR05ZUH,27.70 Bil,31.41,43.62,17.36,4.22,0
F00000V2ZN,,,,,,
F0GBR05ZUJ,,,,,,
F00000MSZF,27.70 Bil,31.41,43.62,17.36,4.22,0
F00000MVCQ,16.76 Bil,16.26,42.59,25.01,4.36,3.43
F00000Q489,8.67 Bil,0,35.2,64.01,0,0
F0000044E6,3.26 Bil,0,10.53,62.58,22.54,1.04
F00000Q486,3.26 Bil,0,10.53,62.58,22.54,1.04
F00000Q488,3.26 Bil,0,10.53,62.58,22.54,1.04
F00000X14G,24.62 Bil,19.3,58.39,18.31,0,0
0P00017OYK,24.62 Bil,19.3,58.39,18.31,0,0
F00000X14I,24.62 Bil,19.3,58.39,18.31,0,0
0P00017OYL,24.62 Bil,19.3,58.39,18.31,0,0
F00000X14K,24.62 Bil,19.3,58.39,18.31,0,0
0P00017OYM,24.62 Bil,19.3,58.39,18.31,0,0
F0GBR04BDY,4.64 Bil,0,19.25,56.17,20.07,0
0P00000SIH,4.64 Bil,0,19.25,56.17,20.07,0
F0GBR04SWZ,4.64 Bil,0,19.25,56.17,20.07,0
0P00000SIJ,4.64 Bil,0,19.25,56.17,20.07,0
F000002NQM,4.64 Bil,0,19.25,56.17,20.07,0
0P0000KNQK,4.64 Bil,0,19.25,56.17,20.07,0
F00000V1V4,52.18 Bil,30.41,29.69,6.44,0,0
0P00014ZQW,52.18 Bil,30.41,29.69,6.44,0,0
F00000V1V5,52.18 Bil,30.41,29.69,6.44,0,0
0P00014ZQX,52.18 Bil,30.41,29.69,6.44,0,0
F00000UP2V,11.89 Bil,6.33,38.58,54.11,0,0
F00000UP2W,11.89 Bil,6.33,38.58,54.11,0,0
F00000TW80,58.43 Bil,54.22,34.22,9.1,0.18,0
F00000TW81,58.43 Bil,54.22,34.22,9.1,0.18,0
F00000TW82,58.43 Bil,54.22,34.22,9.1,0.18,0
F0GBR04SFG,2.81 Bil,0,2.23,68.81,24.35,1.37
F0GBR050LT,2.81 Bil,0,2.23,68.81,24.35,1.37
F000000ARY,17.59 Bil,29.86,32.75,24.2,8.92,0.14
F0GBR068QV,17.59 Bil,29.86,32.75,24.2,8.92,0.14
F00000R6QK,14.02 Bil,21.48,32.42,44.5,0,0
F00000R6QL,14.02 Bil,21.48,32.42,44.5,0,0
F00000RW5K,26.66 Bil,32.12,45.23,21.39,0,0
F00000RW5L,26.66 Bil,32.12,45.23,21.39,0,0
F0GBR04AUS,3.98 Bil,0,3.78,83.22,12.15,0
F0000110I4,3.98 Bil,0,3.78,83.22,12.15,0
F0GBR04DBB,3.98 Bil,0,3.78,83.22,12.15,0
F00000T88V,3.98 Bil,0,3.78,83.22,12.15,0
F00000WGOU,33.52 Bil,46.19,30.83,20.68,0,0
F00000T0NO,,0,29.02,42.54,19.1,7.29
F00000YIKF,4.70 Bil,0,29.02,42.54,19.1,7.29
F000005GZZ,22.04 Bil,21.78,43.64,24.17,6.13,0
F000000LIO,22.04 Bil,21.78,43.64,24.17,6.13,0
F00000W1V5,22.04 Bil,21.78,43.64,24.17,6.13,0
F00000RUFA,22.04 Bil,21.78,43.64,24.17,6.13,0
F00000TD1R,22.04 Bil,21.78,43.64,24.17,6.13,0
F00000PSQ9,22.04 Bil,21.78,43.64,24.17,6.13,0
F00001019O,22.04 Bil,21.78,43.64,24.17,6.13,0
F00000ZK6Z,22.04 Bil,21.78,43.64,24.17,6.13,0
F00000PH03,22.04 Bil,21.78,43.64,24.17,6.13,0
F0GBR04B4Z,43.19 Bil,46.21,43.31,6.84,0,0
F00000MGH9,43.19 Bil,46.21,43.31,6.84,0,0
0P0000TF7I,43.19 Bil,46.21,43.31,6.84,0,0
F00000WJ15,43.19 Bil,46.21,43.31,6.84,0,0
F0GBR05SC4,56.43 Bil,57.63,36.81,3.82,0,0
F00000ZSTR,35.33 Bil,46.96,28.15,16.94,4.84,0
F000002O8F,6.05 Bil,0.32,13.01,76.52,7.52,0.04
F000002O8D,6.05 Bil,0.32,13.01,76.52,7.52,0.04
F00000ZRHA,46.83 Bil,45.28,43.8,9.37,0,0
F000010AI9,46.83 Bil,45.28,43.8,9.37,0,0
F00000ZRHC,46.83 Bil,45.28,43.8,9.37,0,0
F00000ZRHF,46.83 Bil,45.28,43.8,9.37,0,0
F00000OWQW,16.98 Bil,13.73,51.93,28.64,3.5,0
F00000PSE0,16.98 Bil,13.73,51.93,28.64,3.5,0
F000000PDU,16.98 Bil,13.73,51.93,28.64,3.5,0
F0GBR04EF6,,13.73,51.93,28.64,3.5,0
F00000ZL9D,,,,,,
F00000QJGT,1.13 Bil,0,0,31.08,49.2,16.94
F00000PSE1,1.13 Bil,0,0,31.08,49.2,16.94
F000001GHO,1.13 Bil,0,0,31.08,49.2,16.94
F00000033J,,,,,,
F00000PVP6,14.54 Bil,13.79,48.81,25.41,9.98,0
F00000PVP8,14.54 Bil,13.79,48.81,25.41,9.98,0
F00000PVP7,14.54 Bil,13.79,48.81,25.41,9.98,0
F000010AIS,9.70 Bil,12.16,35.91,30.03,17.95,2.11
F00000UDM1,9.70 Bil,12.16,35.91,30.03,17.95,2.11
F00000UDM2,9.70 Bil,12.16,35.91,30.03,17.95,2.11
F00000QJXR,18.59 Bil,2.93,7.92,29.33,39.3,19.09
F00000QJY5,18.59 Bil,2.93,7.92,29.33,39.3,19.09
F0GBR0570I,18.59 Bil,2.93,7.92,29.33,39.3,19.09
F0GBR04EFI,18.59 Bil,2.93,7.92,29.33,39.3,19.09
F000011DVW,47.61 Bil,49,35.74,12.28,0,0
F00000RW8J,22.38 Bil,30.5,38.63,25.87,0,0
F00000RW8K,22.38 Bil,30.5,38.63,25.87,0,0
F00000RW8O,22.38 Bil,30.5,38.63,25.87,0,0
F00000HL56,13.37 Bil,21.41,41.21,34.34,0,0
F0GBR04DZL,13.37 Bil,21.41,41.21,34.34,0,0
F0GBR04JGM,13.37 Bil,21.41,41.21,34.34,0,0
F00000HL58,13.37 Bil,21.41,41.21,34.34,0,0
F00000ISG3,20.17 Bil,25.15,28.55,22.46,3.77,0
F00000ISG5,20.17 Bil,25.15,28.55,22.46,3.77,0
F0GBR06U3O,46.07 Bil,51.32,38.9,8.71,0,0
F00000PEW5,46.07 Bil,51.32,38.9,8.71,0,0
F0GBR06U3P,,,,,,
FOGBR05K0E,46.07 Bil,51.32,38.9,8.71,0,0
F000003U7D,46.07 Bil,51.32,38.9,8.71,0,0
F0GBR06BR1,,,,,,
F000000QSG,47.17 Bil,48.56,38.75,10.99,0,0
F0GBR04BD9,47.17 Bil,48.56,38.75,10.99,0,0
F0GBR04LWJ,47.17 Bil,48.56,38.75,10.99,0,0
F0GBR06BQZ,47.17 Bil,48.56,38.75,10.99,0,0
F0GBR054AX,41.41 Bil,39.48,45.08,14.55,0,0
F0GBR04OD7,41.41 Bil,39.48,45.08,14.55,0,0
F0GBR04OD9,41.41 Bil,39.48,45.08,14.55,0,0
F000003U7F,41.41 Bil,39.48,45.08,14.55,0,0
F00000X57E,15.69 Bil,24.91,32.31,30.05,11.48,0
F0000022BB,18.17 Bil,32.69,26.25,33.13,7.72,0.15
F000000HRU,18.17 Bil,32.69,26.25,33.13,7.72,0.15
F00000ZHS4,42.88 Bil,48.22,36.56,15.55,0.01,0
F00000ZHS7,42.88 Bil,48.22,36.56,15.55,0.01,0
F00000ZHS3,42.88 Bil,48.22,36.56,15.55,0.01,0
F00000ZHS6,42.88 Bil,48.22,36.56,15.55,0.01,0
F00000ZHS2,42.88 Bil,48.22,36.56,15.55,0.01,0
F00000ZHS5,42.88 Bil,48.22,36.56,15.55,0.01,0
F0GBR04BW8,36.85 Bil,39.41,41.19,17.17,0,0
F00000QDBN,36.85 Bil,39.41,41.19,17.17,0,0
F0GBR065RV,36.85 Bil,39.41,41.19,17.17,0,0
F00000ZN0H,36.85 Bil,39.41,41.19,17.17,0,0
F00000Q8AT,36.47 Bil,45.53,38.28,13.45,0.16,0
F00000H6KY,50.99 Bil,61.32,27.73,9.5,0,0
F00000HBRY,50.99 Bil,61.32,27.73,9.5,0,0
F0GBR04VDE,20.40 Bil,28.41,35.59,28.63,4.23,0
F0GBR058S0,20.40 Bil,28.41,35.59,28.63,4.23,0
F0GBR05XHW,20.40 Bil,28.41,35.59,28.63,4.23,0
F0GBR05XHV,20.40 Bil,28.41,35.59,28.63,4.23,0
F0GBR05XHU,20.40 Bil,28.41,35.59,28.63,4.23,0
F0000009A6,20.40 Bil,28.41,35.59,28.63,4.23,0
F0000001U8,14.49 Bil,25.01,26.64,37.18,6.73,1.34
F00000YOJO,14.49 Bil,25.01,26.64,37.18,6.73,1.34
F000010794,14.49 Bil,25.01,26.64,37.18,6.73,1.34
F0GBR04VDH,21.67 Bil,29,38.26,25.31,3.25,0.3
F0GBR058RW,21.67 Bil,29,38.26,25.31,3.25,0.3
F0GBR058RX,21.67 Bil,29,38.26,25.31,3.25,0.3
F0GBR05XFH,21.67 Bil,29,38.26,25.31,3.25,0.3
F0GBR05XFI,21.67 Bil,29,38.26,25.31,3.25,0.3
F0GBR05XFJ,21.67 Bil,29,38.26,25.31,3.25,0.3
F0GBR05XFG,21.67 Bil,29,38.26,25.31,3.25,0.3
F00000LKZI,21.67 Bil,29,38.26,25.31,3.25,0.3
F00000095U,21.67 Bil,29,38.26,25.31,3.25,0.3
F0GBR06L2K,26.13 Bil,40.61,32.57,19.94,4.21,0.04
F00000O61O,10.59 Bil,11.93,45.68,34.38,4.98,0
F00000O61V,10.59 Bil,11.93,45.68,34.38,4.98,0
F00000PTAC,10.59 Bil,11.93,45.68,34.38,4.98,0
F00000O623,10.59 Bil,11.93,45.68,34.38,4.98,0
F00000ZYFY,10.59 Bil,11.93,45.68,34.38,4.98,0
F0GBR04HUP,10.20 Bil,22.69,24.27,32.53,19.04,0
F00000QLMB,10.20 Bil,22.69,24.27,32.53,19.04,0
F00000NRHX,10.20 Bil,22.69,24.27,32.53,19.04,0
F00000JUY7,12.95 Bil,12.93,54.53,30.11,1.24,0
F0GBR050GU,12.95 Bil,12.93,54.53,30.11,1.24,0
F00000QLSX,,12.93,54.53,30.11,1.24,0
F00000ZYGQ,12.95 Bil,12.93,54.53,30.11,1.24,0
F00000NBKO,12.95 Bil,12.93,54.53,30.11,1.24,0
F0GBR04IQE,11.71 Bil,20.07,37.26,24.58,10.54,2.97
F0GBR04S5S,11.71 Bil,20.07,37.26,24.58,10.54,2.97
F0GBR05ZM5,43.07 Bil,39.53,45.23,14.7,0,0
F0GBR05716,2.76 Bil,0,0,53.5,41.48,3.99
F0GBR04SGL,2.76 Bil,0,0,53.5,41.48,3.99
F0GBR05717,2.76 Bil,0,0,53.5,41.48,3.99
F0GBR05ZM4,43.07 Bil,39.53,45.23,14.7,0,0
F00000PTA6,11.71 Bil,20.07,37.26,24.58,10.54,2.97
F00000ZYFV,11.71 Bil,20.07,37.26,24.58,10.54,2.97
F0GBR05898,11.71 Bil,20.07,37.26,24.58,10.54,2.97
F0GBR04DL1,2.50 Bil,0,11.37,44.5,39.92,2.89
F00000NBK6,2.50 Bil,0,11.37,44.5,39.92,2.89
F0GBR05ZM6,,39.53,45.23,14.7,0,0
F00000W0H4,31.43 Bil,46.07,32.1,15.67,6.01,0
F00000W1L0,31.43 Bil,46.07,32.1,15.67,6.01,0
F00000W1L3,31.43 Bil,46.07,32.1,15.67,6.01,0
F0000108LM,7.25 Bil,8.53,23.04,57.44,9.81,1.17
F00000WMCF,7.25 Bil,8.53,23.04,57.44,9.81,1.17
F00000WMCG,7.25 Bil,8.53,23.04,57.44,9.81,1.17
F000005HKD,3.11 Bil,0,17.2,47.43,22.52,8.12
F000005HKB,3.11 Bil,0,17.2,47.43,22.52,8.12
F0GBR04SFU,48.47 Bil,41.02,37.19,16.73,0.48,0
F00000O58N,48.47 Bil,41.02,37.19,16.73,0.48,0
F0GBR04SFV,48.47 Bil,41.02,37.19,16.73,0.48,0
F00000ZWU1,19.60 Bil,31.15,34.29,21.38,9.31,1.13
F00000ZWU3,19.60 Bil,31.15,34.29,21.38,9.31,1.13
F00000ZWU5,19.60 Bil,31.15,34.29,21.38,9.31,1.13
F00000ZYU0,19.60 Bil,31.15,34.29,21.38,9.31,1.13
F00000WRFE,36.23 Bil,49.84,33.47,15.68,0,0
F00000PJ5C,36.23 Bil,49.84,33.47,15.68,0,0
F00000WA62,36.23 Bil,49.84,33.47,15.68,0,0
F00000SJXL,36.23 Bil,49.84,33.47,15.68,0,0
F00000WRFH,26.15 Bil,27.88,43.57,25.15,1.5,0
F00000PSR6,26.15 Bil,27.88,43.57,25.15,1.5,0
F00000WA68,26.15 Bil,27.88,43.57,25.15,1.5,0
F00000SK12,26.15 Bil,27.88,43.57,25.15,1.5,0
F00000YM39,15.61 Bil,17.12,50.39,23.44,4.77,0
F00000VP6G,28.69 Bil,31.74,42.81,22.96,1.37,0
F0GBR04I5K,7.10 Bil,11.55,20.16,50.39,16.58,1.21
F00000OXB7,7.10 Bil,11.55,20.16,50.39,16.58,1.21
F000002X49,7.10 Bil,11.55,20.16,50.39,16.58,1.21
F000002NUK,7.10 Bil,11.55,20.16,50.39,16.58,1.21
F00000Q1F0,7.10 Bil,11.55,20.16,50.39,16.58,1.21
F00000TEKM,7.10 Bil,11.55,20.16,50.39,16.58,1.21
F000010DLP,7.10 Bil,11.55,20.16,50.39,16.58,1.21
F00000VWIN,38.25 Bil,40.08,42.2,13.05,2.68,0
F00000X577,15.69 Bil,24.91,32.31,30.05,11.48,0
F00000X3QF,12.82 Bil,13.25,45.92,30.65,2.52,0.45
F00000WHKG,12.82 Bil,13.25,45.92,30.65,2.52,0.45
F0GBR04AFY,15.08 Bil,13.93,49.22,35.81,0,0
F0GBR04EYQ,15.08 Bil,13.93,49.22,35.81,0,0
F0GBR061LR,15.08 Bil,13.93,49.22,35.81,0,0
F0GBR04AG0,15.08 Bil,13.93,49.22,35.81,0,0
F0GBR04AG3,15.08 Bil,13.93,49.22,35.81,0,0
F00000ZVQ2,15.08 Bil,13.93,49.22,35.81,0,0
F0GBR054AO,15.08 Bil,13.93,49.22,35.81,0,0
F0000109DK,15.08 Bil,13.93,49.22,35.81,0,0
F00000M84R,16.93 Bil,14.9,43.32,31.24,6.72,0
F00000M84S,16.93 Bil,14.9,43.32,31.24,6.72,0
F00000YR7U,16.93 Bil,14.9,43.32,31.24,6.72,0
F00000YR7V,16.93 Bil,14.9,43.32,31.24,6.72,0
F00000M84T,16.93 Bil,14.9,43.32,31.24,6.72,0
F00000QKXR,16.93 Bil,14.9,43.32,31.24,6.72,0
F00000YR7T,16.93 Bil,14.9,43.32,31.24,6.72,0
F000000JYW,26.27 Bil,32.87,43.82,21.61,1.43,0
F000000JZ2,26.27 Bil,32.87,43.82,21.61,1.43,0
F000000JZ4,26.27 Bil,32.87,43.82,21.61,1.43,0
F000000JZ3,26.27 Bil,32.87,43.82,21.61,1.43,0
F000000JZ1,26.27 Bil,32.87,43.82,21.61,1.43,0
F00000QJ44,26.27 Bil,32.87,43.82,21.61,1.43,0
F0GBR04AGW,20.73 Bil,19.36,50.98,22.57,3.04,0
F0GBR04EZC,20.73 Bil,19.36,50.98,22.57,3.04,0
F0GBR04AGZ,20.73 Bil,19.36,50.98,22.57,3.04,0
F0GBR04AH1,20.73 Bil,19.36,50.98,22.57,3.04,0
F0GBR052I9,20.73 Bil,19.36,50.98,22.57,3.04,0
F00000QJ41,20.73 Bil,19.36,50.98,22.57,3.04,0
F0GBR04AH5,25.73 Bil,31.54,40.06,21.92,1.48,0
F00000T3F2,25.73 Bil,31.54,40.06,21.92,1.48,0
F0GBR04EZ8,25.73 Bil,31.54,40.06,21.92,1.48,0
F0GBR04AH7,25.73 Bil,31.54,40.06,21.92,1.48,0
F0GBR04AH9,25.73 Bil,31.54,40.06,21.92,1.48,0
F00000NMRO,25.73 Bil,31.54,40.06,21.92,1.48,0
F0GBR052I8,25.73 Bil,31.54,40.06,21.92,1.48,0
F00000QJ47,25.73 Bil,31.54,40.06,21.92,1.48,0
F0GBR04SQV,3.04 Bil,0,13.06,47.82,32.73,6.02
F0GBR04T6V,3.04 Bil,0,13.06,47.82,32.73,6.02
F0GBR06PXN,3.04 Bil,0,13.06,47.82,32.73,6.02
F0GBR04SQZ,3.04 Bil,0,13.06,47.82,32.73,6.02
F0GBR04SR5,3.04 Bil,0,13.06,47.82,32.73,6.02
F00000Y0PK,3.04 Bil,0,13.06,47.82,32.73,6.02
F00000QKXT,3.04 Bil,0,13.06,47.82,32.73,6.02
F0GBR06LJ5,19.26 Bil,21.42,38.42,34.16,4.72,0
F00000OZEY,19.26 Bil,21.42,38.42,34.16,4.72,0
F0GBR06LJ6,19.26 Bil,21.42,38.42,34.16,4.72,0
F0GBR06LJ7,19.26 Bil,21.42,38.42,34.16,4.72,0
F0GBR06LJ8,19.26 Bil,21.42,38.42,34.16,4.72,0
F00000OZEZ,19.26 Bil,21.42,38.42,34.16,4.72,0
F0000106PY,19.26 Bil,21.42,38.42,34.16,4.72,0
F0GBR06LJE,19.26 Bil,21.42,38.42,34.16,4.72,0
F00000Y0PP,19.26 Bil,21.42,38.42,34.16,4.72,0
F00000WGS3,19.26 Bil,21.42,38.42,34.16,4.72,0
F00000WGS1,19.26 Bil,21.42,38.42,34.16,4.72,0
F0GBR04HGZ,12.05 Bil,16.67,40.18,23.48,10.49,3.94
F00000T3EY,12.05 Bil,16.67,40.18,23.48,10.49,3.94
F0GBR053EE,12.05 Bil,16.67,40.18,23.48,10.49,3.94
F0GBR04G0Z,12.05 Bil,16.67,40.18,23.48,10.49,3.94
F0GBR053EH,12.05 Bil,16.67,40.18,23.48,10.49,3.94
F0GBR054AS,12.05 Bil,16.67,40.18,23.48,10.49,3.94
F00000QJ46,12.05 Bil,16.67,40.18,23.48,10.49,3.94
F00000QJ1W,17.42 Bil,13.33,46.13,32.55,2.59,0.67
F00000QJ1Y,17.42 Bil,13.33,46.13,32.55,2.59,0.67
F00000UEWW,17.42 Bil,13.33,46.13,32.55,2.59,0.67
F00000QJ1Z,17.42 Bil,13.33,46.13,32.55,2.59,0.67
F00000QJ20,17.42 Bil,13.33,46.13,32.55,2.59,0.67
F00000QJ22,17.42 Bil,13.33,46.13,32.55,2.59,0.67
F0GBR04ACG,11.36 Bil,17.59,32.34,36.14,7.02,5.44
F0GBR04F0B,11.36 Bil,17.59,32.34,36.14,7.02,5.44
F0GBR04ACO,11.36 Bil,17.59,32.34,36.14,7.02,5.44
F0GBR04ACS,11.36 Bil,17.59,32.34,36.14,7.02,5.44
F0GBR052JL,11.36 Bil,17.59,32.34,36.14,7.02,5.44
F0GBR061LU,38.07 Bil,40.9,36.59,17.75,2.71,0
F0GBR061M4,38.07 Bil,40.9,36.59,17.75,2.71,0
F0GBR061LX,38.07 Bil,40.9,36.59,17.75,2.71,0
F0GBR061MQ,38.07 Bil,40.9,36.59,17.75,2.71,0
F0GBR061MP,38.07 Bil,40.9,36.59,17.75,2.71,0
F0GBR04AFC,30.86 Bil,40.12,30.9,23.03,4.98,0
F0GBR04F0N,30.86 Bil,40.12,30.9,23.03,4.98,0
F0GBR04AFD,30.86 Bil,40.12,30.9,23.03,4.98,0
F0GBR04AFE,30.86 Bil,40.12,30.9,23.03,4.98,0
F00000WG1B,30.86 Bil,40.12,30.9,23.03,4.98,0
F0GBR04LWW,5.68 Bil,0,26.82,58.28,13.67,0.15
F0GBR0551C,5.68 Bil,0,26.82,58.28,13.67,0.15
F0GBR04U3B,5.68 Bil,0,26.82,58.28,13.67,0.15
F0GBR04U3D,5.68 Bil,0,26.82,58.28,13.67,0.15
F0GBR061IH,5.68 Bil,0,26.82,58.28,13.67,0.15
F0GBR04IBC,39.84 Bil,47.54,44.22,7.73,0,0
F0GBR059NV,39.84 Bil,47.54,44.22,7.73,0,0
F00000YQMF,39.84 Bil,47.54,44.22,7.73,0,0
F0GBR04S2O,12.85 Bil,12.8,54.8,30.44,1.27,0
F00000YQMG,12.85 Bil,12.8,54.8,30.44,1.27,0
F0GBR06C3N,18.83 Bil,19.37,50.42,24.88,3.32,0.27
F0GBR06G72,17.07 Bil,28.18,33.38,28.25,7.55,0.82
F0GBR06TM0,17.07 Bil,28.18,33.38,28.25,7.55,0.82
F0GBR06G74,17.07 Bil,28.18,33.38,28.25,7.55,0.82
F0GBR063XB,17.07 Bil,28.18,33.38,28.25,7.55,0.82
F0GBR06G78,17.07 Bil,28.18,33.38,28.25,7.55,0.82
F0GBR06G76,17.07 Bil,28.18,33.38,28.25,7.55,0.82
F0GBR06G75,17.07 Bil,28.18,33.38,28.25,7.55,0.82
F0GBR06G77,,28.18,33.38,28.25,7.55,0.82
F0GBR06G7A,17.07 Bil,28.18,33.38,28.25,7.55,0.82
F0GBR06G7C,17.07 Bil,28.18,33.38,28.25,7.55,0.82
F00000OMZQ,17.07 Bil,28.18,33.38,28.25,7.55,0.82
F000002KUP,25.22 Bil,43.14,26.05,21.73,6.54,0.08
F00000YMCF,45.04 Bil,48,34.68,15.2,0,0
F00000XBO1,45.04 Bil,48,34.68,15.2,0,0
F00000HH89,20.68 Bil,17.81,48,33.74,0,0
F00000VRC4,20.68 Bil,17.81,48,33.74,0,0
F00000VQIN,2.00 Bil,0,1.67,49.36,45.02,2.32
F0GBR04NBN,41.01 Bil,46.51,43.17,7.85,0,0
F0000003AR,36.78 Bil,45.91,39.25,12.9,0.05,0
F00000Q0EW,17.94 Bil,19.67,37.09,32.47,3.65,0
F00000VZWA,17.94 Bil,19.67,37.09,32.47,3.65,0
F00000Q0EX,17.94 Bil,19.67,37.09,32.47,3.65,0
F00000Q9WX,18.51 Bil,21.81,37.76,30.85,3.47,0
F00000Q9WW,18.51 Bil,21.81,37.76,30.85,3.47,0
F00000Q9WV,18.51 Bil,21.81,37.76,30.85,3.47,0
F00000W9N9,89.74 Bil,60.73,35.42,3.62,0,0
F0GBR04SKN,3.64 Bil,11.36,13.73,29.51,35.38,4.09
F0GBR06I2G,3.64 Bil,11.36,13.73,29.51,35.38,4.09
F00000WYDM,26.36 Bil,35.38,37.94,24.76,1.07,0
F00000LZGI,26.36 Bil,35.38,37.94,24.76,1.07,0
F00000NJCV,26.36 Bil,35.38,37.94,24.76,1.07,0
F00000XVJA,18.38 Bil,24.3,44.6,28.57,1.97,0
F000000I19,21.62 Bil,24.24,44.89,28.49,1.93,0
F00000Q3SI,21.62 Bil,24.24,44.89,28.49,1.93,0
F000000I15,19.82 Bil,21.95,41.44,32.12,3.63,0
F000000I18,19.82 Bil,21.95,41.44,32.12,3.63,0
F00000Z1CQ,,21.95,41.44,32.12,3.63,0
F00000QLX5,19.82 Bil,21.95,41.44,32.12,3.63,0
F000002TD6,2.75 Bil,0,5.4,58.51,29.65,4.32
F000002TD7,2.75 Bil,0,5.4,58.51,29.65,4.32
F00000SEBP,2.75 Bil,0,5.4,58.51,29.65,4.32
F00000SZ35,2.75 Bil,0,5.4,58.51,29.65,4.32
F0GBR04ARE,13.52 Bil,21.66,30.59,30.53,11.06,1.3
F0GBR0552X,13.52 Bil,21.66,30.59,30.53,11.06,1.3
F00000YX3I,13.52 Bil,21.66,30.59,30.53,11.06,1.3
F00000MQF9,13.49 Bil,13.72,39.14,32.49,11.7,0
F00000MQFB,13.49 Bil,13.72,39.14,32.49,11.7,0
F0GBR04LW5,5.09 Bil,5.66,16.35,39.26,30.57,3.41
F00000PLJ2,5.09 Bil,5.66,16.35,39.26,30.57,3.41
F0GBR0552S,5.09 Bil,5.66,16.35,39.26,30.57,3.41
F00000QBNN,5.09 Bil,5.66,16.35,39.26,30.57,3.41
F0GBR04IEZ,2.43 Bil,0,1.53,51.34,38.88,4.49
FOGBR05JFO,2.43 Bil,0,1.53,51.34,38.88,4.49
F0GBR0552T,2.43 Bil,0,1.53,51.34,38.88,4.49
FOGBR05JFP,2.43 Bil,0,1.53,51.34,38.88,4.49
F00000PLJ5,2.43 Bil,0,1.53,51.34,38.88,4.49
F00000NN3L,46.51 Bil,43.31,48.71,7.4,0,0
0P0000Y5T5,46.51 Bil,43.31,48.71,7.4,0,0
F00000NN3Q,46.51 Bil,43.31,48.71,7.4,0,0
0P0000YAHZ,46.51 Bil,43.31,48.71,7.4,0,0
F00000YWBD,46.51 Bil,43.31,48.71,7.4,0,0
F00000ZTBP,,28.18,33.38,28.25,7.55,0.82
F0GBR06FY9,2.44 Bil,0,0.34,59.05,35.12,3.04
F0GBR061CY,2.44 Bil,0,0.34,59.05,35.12,3.04
F0GBR06FYF,2.44 Bil,0,0.34,59.05,35.12,3.04
F0GBR06FYD,2.44 Bil,0,0.34,59.05,35.12,3.04
F000011D5T,5.58 Bil,0,24.59,60.81,14.05,0
F000011D60,5.58 Bil,0,24.59,60.81,14.05,0
F000011D5X,5.58 Bil,0,24.59,60.81,14.05,0
F000011D5W,5.58 Bil,0,24.59,60.81,14.05,0
F000011D61,5.58 Bil,0,24.59,60.81,14.05,0
F0GBR06FYH,2.44 Bil,0,0.34,59.05,35.12,3.04
F0GBR06FYI,2.44 Bil,0,0.34,59.05,35.12,3.04
F00000ZTBA,2.44 Bil,0,0.34,59.05,35.12,3.04
F00000VRLZ,26.07 Bil,3.72,9.53,41.1,40.01,2.14
0P0001AB97,26.07 Bil,3.72,9.53,41.1,40.01,2.14
0P00015YTR,26.07 Bil,3.72,9.53,41.1,40.01,2.14
0P00015YTU,26.07 Bil,3.72,9.53,41.1,40.01,2.14
0P00015YTX,26.07 Bil,3.72,9.53,41.1,40.01,2.14
0P00015YTO,26.07 Bil,3.72,9.53,41.1,40.01,2.14
F00000VRM0,26.07 Bil,3.72,9.53,41.1,40.01,2.14
0P00015YTV,26.07 Bil,3.72,9.53,41.1,40.01,2.14
0P00015YTY,26.07 Bil,3.72,9.53,41.1,40.01,2.14
F00000OS8P,37.64 Bil,0.77,22.47,37.54,21.84,13.58
0P0000X09J,37.64 Bil,0.77,22.47,37.54,21.84,13.58
0P0000X09H,37.64 Bil,0.77,22.47,37.54,21.84,13.58
0P0000X09I,37.64 Bil,0.77,22.47,37.54,21.84,13.58
0P0000X09G,37.64 Bil,0.77,22.47,37.54,21.84,13.58
0P0000XAIM,37.64 Bil,0.77,22.47,37.54,21.84,13.58
F00000TG5Z,37.64 Bil,0.77,22.47,37.54,21.84,13.58
0P000133C4,37.64 Bil,0.77,22.47,37.54,21.84,13.58
0P000135VX,37.64 Bil,0.77,22.47,37.54,21.84,13.58
F0GBR04OZL,252.92 Bil,32.98,33.97,11.84,12.29,1.65
0P0000CNVX,252.92 Bil,32.98,33.97,11.84,12.29,1.65
0P0000GGNS,252.92 Bil,32.98,33.97,11.84,12.29,1.65
0P0000GGNQ,252.92 Bil,32.98,33.97,11.84,12.29,1.65
0P00008WHV,252.92 Bil,32.98,33.97,11.84,12.29,1.65
0P0000GGNR,252.92 Bil,32.98,33.97,11.84,12.29,1.65
F00000SD2S,252.92 Bil,32.98,33.97,11.84,12.29,1.65
0P00011NM6,252.92 Bil,32.98,33.97,11.84,12.29,1.65
0P00011NMA,252.92 Bil,32.98,33.97,11.84,12.29,1.65
F0000000L0,14.52 Bil,24.6,34.6,20.69,12.61,3.35
F00000WB24,45.99 Bil,50.66,39.09,8.82,0,0
F00000W9MQ,45.99 Bil,50.66,39.09,8.82,0,0
F00000W9MT,,48.03,39.11,10.45,0,0
F000002KUO,,43.14,26.05,21.73,6.54,0.08
F000011D64,5.58 Bil,0,24.59,60.81,14.05,0
F00000XQF3,27.05 Bil,15,75.83,5.98,0,0
F00000XQF7,27.05 Bil,15,75.83,5.98,0,0
F00000XQFA,27.05 Bil,15,75.83,5.98,0,0
F00000YUOJ,27.05 Bil,15,75.83,5.98,0,0
F0000118J4,28.62 Bil,36.86,34.42,22.91,1.81,0
F0000118J6,28.62 Bil,36.86,34.42,22.91,1.81,0
F0000118JH,28.62 Bil,36.86,34.42,22.91,1.81,0
F0000118JJ,28.62 Bil,36.86,34.42,22.91,1.81,0
F0000118JD,28.62 Bil,36.86,34.42,22.91,1.81,0
F0000118J8,28.62 Bil,36.86,34.42,22.91,1.81,0
F0000118JA,28.62 Bil,36.86,34.42,22.91,1.81,0
F0000118JM,28.62 Bil,36.86,34.42,22.91,1.81,0
F0000118JU,28.62 Bil,36.86,34.42,22.91,1.81,0
F0000118JS,28.62 Bil,36.86,34.42,22.91,1.81,0
F0GBR04CZP,46.58 Bil,42.81,46.17,7.68,0,0
0P0000H8EG,46.58 Bil,42.81,46.17,7.68,0,0
F0000022T9,46.58 Bil,42.81,46.17,7.68,0,0
0P0000SC09,46.58 Bil,42.81,46.17,7.68,0,0
F0000009KK,2.69 Bil,0,0,63.51,35.8,0
0P0000SC0A,2.69 Bil,0,0,63.51,35.8,0
F000002NYU,2.69 Bil,0,0,63.51,35.8,0
0P0001FSSP,2.69 Bil,0,0,63.51,35.8,0
F000010KNQ,2.69 Bil,0,0,63.51,35.8,0
F000010UCC,4.46 Bil,0,14.68,65.63,17.69,0
F000010UCF,4.46 Bil,0,14.68,65.63,17.69,0
F000010UCS,4.46 Bil,0,14.68,65.63,17.69,0
F000010UCT,4.46 Bil,0,14.68,65.63,17.69,0
F000010UCK,4.46 Bil,0,14.68,65.63,17.69,0
F000010UCN,4.46 Bil,0,14.68,65.63,17.69,0
F000010UCQ,4.46 Bil,0,14.68,65.63,17.69,0
F000010UCI,4.46 Bil,0,14.68,65.63,17.69,0
F000010UCJ,4.46 Bil,0,14.68,65.63,17.69,0
F000010UCU,4.46 Bil,0,14.68,65.63,17.69,0
F000010UD0,4.46 Bil,0,14.68,65.63,17.69,0
F0GBR04RS3,39.23 Bil,46.24,49.28,4.14,0,0
0P00000NA9,39.23 Bil,46.24,49.28,4.14,0,0
F0GBR04RS2,39.23 Bil,46.24,49.28,4.14,0,0
0P00000NA3,39.23 Bil,46.24,49.28,4.14,0,0
F00000OU8P,39.23 Bil,46.24,49.28,4.14,0,0
F0GBR04RS7,40.03 Bil,43.31,48.68,7.43,0,0
F0GBR04RS5,40.03 Bil,43.31,48.68,7.43,0,0
F00000OU8T,40.03 Bil,43.31,48.68,7.43,0,0
F0GBR0508Q,4.80 Bil,0,24.33,60.79,13.88,0
F00000PPN1,4.80 Bil,0,24.33,60.79,13.88,0
F0GBR06XFS,24.48 Bil,19.05,74.01,5.96,0,0
0P000015GT,24.48 Bil,19.05,74.01,5.96,0,0
F0GBR06XFQ,24.48 Bil,19.05,74.01,5.96,0,0
0P000015GS,24.48 Bil,19.05,74.01,5.96,0,0
F00000OXIF,24.48 Bil,19.05,74.01,5.96,0,0
0P00017IW6,24.48 Bil,19.05,74.01,5.96,0,0
0P00017IW8,24.48 Bil,19.05,74.01,5.96,0,0
F00000WALO,27.72 Bil,34.75,40.02,21.36,1.01,0
F00000WALM,27.72 Bil,34.75,40.02,21.36,1.01,0
F00000WALQ,,34.75,40.02,21.36,1.01,0
F00000VH4P,18.77 Bil,28.78,30.47,30.46,6.85,0
F00000VH4K,18.77 Bil,28.78,30.47,30.46,6.85,0
F00000YCGU,2.51 Bil,0,6.85,59.32,31.55,1.88
F00000YCGW,2.51 Bil,0,6.85,59.32,31.55,1.88
F00000YCGZ,2.51 Bil,0,6.85,59.32,31.55,1.88
F0GBR04AQH,22.53 Bil,28.81,36.64,26.94,5.33,1.39
F0GBR06D0F,22.53 Bil,28.81,36.64,26.94,5.33,1.39
F00000T90B,22.53 Bil,28.81,36.64,26.94,5.33,1.39
F00000W76V,4.58 Bil,0,27.66,52.78,12.96,5.53
F00000W76Y,4.58 Bil,0,27.66,52.78,12.96,5.53
F00000W76Z,4.58 Bil,0,27.66,52.78,12.96,5.53
F00000W770,4.58 Bil,0,27.66,52.78,12.96,5.53
F0GBR04AOD,41.39 Bil,45,39.32,8.88,2.17,0.71
F00000OMR0,41.39 Bil,45,39.32,8.88,2.17,0.71
F00000SIXB,41.39 Bil,45,39.32,8.88,2.17,0.71
F00000GZXH,43.59 Bil,44.62,43.67,4.24,4.16,1.72
F0GBR04AO3,43.59 Bil,44.62,43.67,4.24,4.16,1.72
F000002A2E,43.59 Bil,44.62,43.67,4.24,4.16,1.72
F00000460E,43.59 Bil,44.62,43.67,4.24,4.16,1.72
F00000SD9V,11.65 Bil,0.95,45.62,48.1,0,0
F00000LL8V,11.65 Bil,0.95,45.62,48.1,0,0
F0GBR04AOG,11.65 Bil,0.95,45.62,48.1,0,0
F00000VGVI,22.86 Bil,27.71,44.62,26.68,0,0
F00000Z2BK,22.86 Bil,27.71,44.62,26.68,0,0
F00000VA4Q,22.86 Bil,27.71,44.62,26.68,0,0
F00000W6X2,22.86 Bil,27.71,44.62,26.68,0,0
F00000LNV7,,36.83,52.33,9.6,0,0
F00000W5L2,34.28 Bil,36.83,52.33,9.6,0,0
F00000LNV8,34.28 Bil,36.83,52.33,9.6,0,0
F00000W5L4,34.28 Bil,36.83,52.33,9.6,0,0
F00000LMJC,34.28 Bil,36.83,52.33,9.6,0,0
F00000W5V3,34.28 Bil,36.83,52.33,9.6,0,0
F00000S97S,37.04 Bil,37,33.52,8.31,4.99,1.17
F00000OSEJ,37.04 Bil,37,33.52,8.31,4.99,1.17
F00000OEST,37.04 Bil,37,33.52,8.31,4.99,1.17
F00000PUHM,37.04 Bil,37,33.52,8.31,4.99,1.17
F00000OEPM,36.00 Bil,57.41,20.3,13.22,5.65,0
F00000W6KO,36.00 Bil,57.41,20.3,13.22,5.65,0
F00000LL8U,3.21 Bil,0,4.73,67.04,20.94,3.19
F0GBR055TK,3.21 Bil,0,4.73,67.04,20.94,3.19
F00000V3EE,3.21 Bil,0,4.73,67.04,20.94,3.19
F00000LJ0N,26.16 Bil,38.31,28.02,23.8,9.13,0
F00000WB73,26.16 Bil,38.31,28.02,23.8,9.13,0
F00000LJ0M,26.16 Bil,38.31,28.02,23.8,9.13,0
F00000WB74,26.16 Bil,38.31,28.02,23.8,9.13,0
F00000LNW5,33.81 Bil,41.13,44.41,14.25,1.39,0
F0GBR04HMG,33.81 Bil,41.13,44.41,14.25,1.39,0
F00000WHGI,33.81 Bil,41.13,44.41,14.25,1.39,0
F00000OWPE,14.47 Bil,17.76,33.16,39.42,3.41,0
F00000OWPG,14.47 Bil,17.76,33.16,39.42,3.41,0
F00000PMU4,14.47 Bil,17.76,33.16,39.42,3.41,0
F00000P326,14.47 Bil,17.76,33.16,39.42,3.41,0
F00000OWPF,14.47 Bil,17.76,33.16,39.42,3.41,0
F00000NJAF,,17.76,33.16,39.42,3.41,0
F00000PUR8,14.47 Bil,17.76,33.16,39.42,3.41,0
F000010KD8,13.58 Bil,7.57,35.12,44.42,7.71,2.29
F00000ZVG6,26.36 Bil,26.7,46.61,24.86,0,0
F00000Q5TN,26.36 Bil,26.7,46.61,24.86,0,0
F0GBR064OL,26.36 Bil,26.7,46.61,24.86,0,0
F00000NULW,26.36 Bil,26.7,46.61,24.86,0,0
F00000YBS8,29.40 Bil,34.92,48.1,15.85,0,0
F0000101MU,29.40 Bil,34.92,48.1,15.85,0,0
F00000V7UX,48.13 Bil,46.71,45.21,7.33,0,0
F00000W14P,3.24 Bil,0,6.73,56.54,31.69,2.22
F0GBR04SGM,56.05 Bil,48.78,39.88,10.74,0,0
F00000S7J5,,,,10.74,0,0
F00000SDL9,56.05 Bil,48.78,39.88,10.74,0,0
F0GBR04SKF,56.05 Bil,48.78,39.88,10.74,0,0
F0GBR04SKI,,,,,,
F0GBR04N92,45.42 Bil,51.29,38.37,9.07,0,0
F00000UE9L,45.42 Bil,51.29,38.37,9.07,0,0
F00000T1HX,45.42 Bil,51.29,38.37,9.07,0,0
F0GBR052DV,45.42 Bil,51.29,38.37,9.07,0,0
F00000T1I7,45.42 Bil,51.29,38.37,9.07,0,0
F000003YD5,37.43 Bil,46.75,39.48,13.02,0.03,0
F00000UDZJ,37.43 Bil,46.75,39.48,13.02,0.03,0
F00000J4XI,38.97 Bil,43.06,40.18,16.05,0.08,0
F00000N9WE,38.97 Bil,43.06,40.18,16.05,0.08,0
F00000S7JE,38.97 Bil,43.06,40.18,16.05,0.08,0
F00000UDY1,38.97 Bil,43.06,40.18,16.05,0.08,0
F00000UE9N,38.97 Bil,43.06,40.18,16.05,0.08,0
F00000ZZ86,39.57 Bil,44.47,41.92,13.12,0,0
F00000X6F9,20.02 Bil,27.82,34.69,36.13,1.02,0
F000000P90,50.55 Bil,46.82,45.54,0,0,0
F00000ZLI0,43.00 Bil,37.18,47.94,12.14,0,0
F00000O8G4,6.84 Bil,5.15,33.25,43.18,16.61,0
F00000O8GA,6.84 Bil,5.15,33.25,43.18,16.61,0
F00000O8G8,6.84 Bil,5.15,33.25,43.18,16.61,0
F00000YBT6,6.04 Bil,5.85,27.67,46.03,20.78,0
F00000Y4KZ,13.39 Bil,17.16,33.65,28.09,10.96,0.85
F00000Y4L0,13.39 Bil,17.16,33.65,28.09,10.96,0.85
F00000Y4KY,13.39 Bil,17.16,33.65,28.09,10.96,0.85
F00000ZF2V,3.10 Bil,0,1.16,60.35,22.06,0
F00000ZF2T,3.10 Bil,0,1.16,60.35,22.06,0
F000011N2M,,0,1.16,60.35,22.06,0
F00000ZF2U,3.10 Bil,0,1.16,60.35,22.06,0
F00000PAPY,36.67 Bil,38.28,33.42,27.62,0,0
F00000Y4IV,,,,,,
F0GBR04W1G,39.25 Bil,51.62,36.53,9.96,0,0.15
F0GBR04DFV,49.65 Bil,56.31,30.41,12.03,0,0
F0GBR06WBS,28.77 Bil,39.86,29.03,24.16,3.15,0
F0GBR05S0Z,,33.74,31.95,23.58,8.09,0.02
F0GBR04RS9,4.80 Bil,0,24.33,60.79,13.88,0
F00000LL2Y,37.04 Bil,37,33.52,8.31,4.99,1.17
