SecId,P_E,P_B,P_Sales,P_CashFlow,Dividend_Yield_Percent,Long_term_earning_Percent,Historical_earning_Percent,Sales_growth_percent,Cashflow_growth_percent,Book_value_growth_percent
F0GBR04AX4,23.13,3.1,3.12,23.86,1.42,12.35,-11.47,-6.07,11.04,1.51
F00000PAUJ,23.13,3.1,3.12,23.86,1.42,12.35,-11.47,-6.07,11.04,1.51
F0GBR04C7Q,12.26,1.51,0.68,5.69,1.08,6.33,-13.8,-6.36,14.27,-8.51
F0GBR04RLZ,21.37,2.45,2.04,20.59,1.38,8.8,-6.79,-7.96,5.87,6.65
F0GBR04SDJ,21.37,2.45,2.04,20.59,1.38,8.8,-6.79,-7.96,5.87,6.65
F0GBR06N02,23.08,3.06,3.1,23.85,1.42,12.42,-11.6,-6.17,11.44,1.44
F00000Y4IY,23.08,3.06,3.1,23.85,1.42,12.42,-11.6,-6.17,11.44,1.44
F00000XURC,23.08,3.06,3.1,23.85,1.42,12.42,-11.6,-6.17,11.44,1.44
F0000040PB,13.7,1.72,1.54,9.48,2.75,11.5,-6.86,-8.49,-1.84,-2.35
F00000S7PM,13.7,1.72,1.54,9.48,2.75,11.5,-6.86,-8.49,-1.84,-2.35
F00000XMNZ,13.7,1.72,1.54,9.48,2.75,11.5,-6.86,-8.49,-1.84,-2.35
F00000WRZN,19.65,2.26,1.77,12.72,1.13,13.7,-14.03,-4.24,10.64,2.67
F0GBR04RW7,19.65,2.26,1.77,12.72,1.13,13.7,-14.03,-4.24,10.64,2.67
F00000OPTX,19.65,2.26,1.77,12.72,1.13,13.7,-14.03,-4.24,10.64,2.67
F0GBR04RW5,19.65,2.26,1.77,12.72,1.13,13.7,-14.03,-4.24,10.64,2.67
F0GBR04RVX,14.48,1.77,1.77,8.4,2.27,14.63,-11.95,-7.9,2.59,-3.07
F00000OPTM,14.48,1.77,1.77,8.4,2.27,14.63,-11.95,-7.9,2.59,-3.07
F0GBR04RV1,14.48,1.77,1.77,8.4,2.27,14.63,-11.95,-7.9,2.59,-3.07
F0GBR04RYY,14.75,1.91,1.87,8.31,2.13,12.75,-12.72,-8.44,2.91,-2.53
F00000OPTN,14.75,1.91,1.87,8.31,2.13,12.75,-12.72,-8.44,2.91,-2.53
F0GBR04RYX,14.75,1.91,1.87,8.31,2.13,12.75,-12.72,-8.44,2.91,-2.53
F0GBR04RW2,12.71,1.53,1.27,7.19,3.14,12.09,-16.67,-6.45,3.62,-2.25
F00000Q8RZ,12.71,1.53,1.27,7.19,3.14,12.09,-16.67,-6.45,3.62,-2.25
F00000OPTU,12.71,1.53,1.27,7.19,3.14,12.09,-16.67,-6.45,3.62,-2.25
F0GBR04RVY,12.71,1.53,1.27,7.19,3.14,12.09,-16.67,-6.45,3.62,-2.25
F00000YV7N,18.69,1.88,1.31,10.63,1.66,11.14,-9.88,-7.94,18.78,4.02
F00000YV7P,18.69,1.88,1.31,10.63,1.66,11.14,-9.88,-7.94,18.78,4.02
F00000YV7Q,18.69,1.88,1.31,10.63,1.66,11.14,-9.88,-7.94,18.78,4.02
F00000YV7M,18.69,1.88,1.31,10.63,1.66,11.14,-9.88,-7.94,18.78,4.02
F0GBR04EAM,16.86,2.29,2.32,14.91,2.65,7.82,-4.2,-7.84,-3.87,-1.02
F0GBR06IAU,16.86,2.29,2.32,14.91,2.65,7.82,-4.2,-7.84,-3.87,-1.02
F000000FRV,12.25,1.47,1.02,6.19,2.99,7.98,-17.71,-9.6,4.7,-1.08
F00000OPVC,12.25,1.47,1.02,6.19,2.99,7.98,-17.71,-9.6,4.7,-1.08
F000000FRT,12.25,1.47,1.02,6.19,2.99,7.98,-17.71,-9.6,4.7,-1.08
F0GBR04RUO,24.72,4.21,2.35,18.2,0.9,13.13,-1.8,5.13,22.74,11.02
F00000P8DU,24.72,4.21,2.35,18.2,0.9,13.13,-1.8,5.13,22.74,11.02
F00000Y4IZ,24.72,4.21,2.35,18.2,0.9,13.13,-1.8,5.13,22.74,11.02
F000000213,24.72,4.21,2.35,18.2,0.9,13.13,-1.8,5.13,22.74,11.02
F0GBR0549B,25.55,4.35,2.35,18.19,0.87,14.71,1.4,7.82,25.99,12.07
F00000OPUU,25.55,4.35,2.35,18.19,0.87,14.71,1.4,7.82,25.99,12.07
F0GBR04O7W,25.55,4.35,2.35,18.19,0.87,14.71,1.4,7.82,25.99,12.07
F0GBR06XPG,20.11,2.46,2.14,12.26,1.34,12.14,-14.38,-6.86,12.04,4.33
F00000P8DS,20.11,2.46,2.14,12.26,1.34,12.14,-14.38,-6.86,12.04,4.33
F0GBR04RVV,28.17,4.65,2.22,17.07,0.92,12.27,17.74,5.46,30.38,12.08
F00000WRZP,28.17,4.65,2.22,17.07,0.92,12.27,17.74,5.46,30.38,12.08
F00000Q8RS,28.17,4.65,2.22,17.07,0.92,12.27,17.74,5.46,30.38,12.08
F00000OPTZ,28.17,4.65,2.22,17.07,0.92,12.27,17.74,5.46,30.38,12.08
F0GBR04RV5,28.17,4.65,2.22,17.07,0.92,12.27,17.74,5.46,30.38,12.08
F00000WRZM,15.51,1.33,1.06,13,0.73,7.28,-12.82,-8.86,-0.89,-5.33
F0GBR06XQ6,15.51,1.33,1.06,13,0.73,7.28,-12.82,-8.86,-0.89,-5.33
F00000Q8S3,15.51,1.33,1.06,13,0.73,7.28,-12.82,-8.86,-0.89,-5.33
F00000OPVE,15.51,1.33,1.06,13,0.73,7.28,-12.82,-8.86,-0.89,-5.33
F0GBR06MNV,15.51,1.33,1.06,13,0.73,7.28,-12.82,-8.86,-0.89,-5.33
F0GBR06IAX,14.03,1.79,1.58,10.27,2.41,13.35,-9.05,-8.21,-0.12,-2.72
F0GBR06IAY,14.03,1.79,1.58,10.27,2.41,13.35,-9.05,-8.21,-0.12,-2.72
F0GBR04RM3,15.28,2.02,1.3,13.06,1.7,11.51,-9.36,-3.77,-0.44,0.48
F0GBR053P3,15.28,2.02,1.3,13.06,1.7,11.51,-9.36,-3.77,-0.44,0.48
F000003YGM,12.59,1.64,1.14,10.65,3.04,9.02,-5.48,-6.39,-9.03,-0.67
F0000005ZF,20.54,2.89,2.15,17.65,1.12,10.18,-3.3,-6.19,16.39,-0.04
F0000005Z9,20.54,2.89,2.15,17.65,1.12,10.18,-3.3,-6.19,16.39,-0.04
F0GBR04NOX,10.79,1.1,0.67,7.58,2.02,20.29,-11.8,-11.08,1.98,-8.21
F0GBR04Z15,10.79,1.1,0.67,7.58,2.02,20.29,-11.8,-11.08,1.98,-8.21
F0GBR06HTG,10.79,1.1,0.67,7.58,2.02,20.29,-11.8,-11.08,1.98,-8.21
F00000PI8Z,15.1,2.12,1.19,11.12,2.72,9.16,-5.88,-4.8,3.93,-0.4
F00000P9SW,15.1,2.12,1.19,11.12,2.72,9.16,-5.88,-4.8,3.93,-0.4
F0GBR06U39,26.13,3.24,2.54,21.26,0.72,13.67,6.41,-2.94,0.59,6.64
F00000271D,26.13,3.24,2.54,21.26,0.72,13.67,6.41,-2.94,0.59,6.64
F00000MBOY,10.81,1.66,1.43,6.42,2.32,11.8,14.14,-4.45,-4.46,1.63
F00000MJU1,21.11,3.16,1.69,13.7,1.2,10.69,-0.94,-4.64,12.18,-1.4
F00000MJTZ,21.11,3.16,1.69,13.7,1.2,10.69,-0.94,-4.64,12.18,-1.4
F000014XX1,13.02,1.56,1.01,9.45,3.17,7.33,-3.88,-3.52,-4.67,0.63
F000003U77,13.02,1.56,1.01,9.45,3.17,7.33,-3.88,-3.52,-4.67,0.63
F0GBR04FG6,13.02,1.56,1.01,9.45,3.17,7.33,-3.88,-3.52,-4.67,0.63
F0GBR06KDH,13.02,1.56,1,9.37,3.19,7.29,-3.76,-3.41,-4.46,0.63
F0GBR06KDN,14.84,1.93,1.15,9.29,2.15,11.23,-8.72,-6.28,-3.9,0.13
F000014XWZ,8.42,1.13,0.9,6.63,2.91,7.75,-0.57,-5.62,0.74,-0.75
F00000O7HQ,8.42,1.13,0.9,6.63,2.91,7.75,-0.57,-5.62,0.74,-0.75
F0GBR04C7X,8.42,1.13,0.9,6.63,2.91,7.75,-0.57,-5.62,0.74,-0.75
F000014XXB,13.99,1.67,0.97,11.34,1.58,8.96,-15.87,-6.64,7.54,-0.77
F00000NKOC,13.99,1.67,0.97,11.34,1.58,8.96,-15.87,-6.64,7.54,-0.77
F0GBR04SCW,13.99,1.67,0.97,11.34,1.58,8.96,-15.87,-6.64,7.54,-0.77
F000014XXD,14.88,1.93,1.15,9.31,2.15,11.24,-8.66,-6.26,-4.07,0.14
F000003U7B,14.88,1.93,1.15,9.31,2.15,11.24,-8.66,-6.26,-4.07,0.14
F0GBR04E9A,14.88,1.93,1.15,9.31,2.15,11.24,-8.66,-6.26,-4.07,0.14
F00000UMAF,17.64,3.16,2.04,13.14,3.3,8.93,-5.12,2.4,11.18,8.4
F00000UMAI,17.64,3.16,2.04,13.14,3.3,8.93,-5.12,2.4,11.18,8.4
F00000Y8YN,17.64,3.16,2.04,13.14,3.3,8.93,-5.12,2.4,11.18,8.4
F00000UMAO,17.64,3.16,2.04,13.14,3.3,8.93,-5.12,2.4,11.18,8.4
F0GBR06HVF,27.56,4.34,1.68,17.26,0.78,15.37,14.87,5.38,36.49,12.84
F00000P8DV,27.56,4.34,1.68,17.26,0.78,15.37,14.87,5.38,36.49,12.84
F00000Y4J0,27.56,4.34,1.68,17.26,0.78,15.37,14.87,5.38,36.49,12.84
F0GBR04RV2,27.56,4.34,1.68,17.26,0.78,15.37,14.87,5.38,36.49,12.84
F00000J5DM,14.17,1.75,1.49,9.78,2.52,11.63,-8.11,-8.17,-0.04,-2.59
F00000NRQ7,14.17,1.75,1.49,9.78,2.52,11.63,-8.11,-8.17,-0.04,-2.59
F00000OOVI,14.17,1.75,1.49,9.78,2.52,11.63,-8.11,-8.17,-0.04,-2.59
F00000J5DN,14.17,1.75,1.49,9.78,2.52,11.63,-8.11,-8.17,-0.04,-2.59
F00000P6YC,14.17,1.75,1.49,9.78,2.52,11.63,-8.11,-8.17,-0.04,-2.59
F00000XMNY,14.17,1.75,1.49,9.78,2.52,11.63,-8.11,-8.17,-0.04,-2.59
F00000X3SE,13.36,1.73,1.28,8.67,2.6,11.17,-6.04,-6.01,5.08,-2.65
F0GBR04EAP,23.08,3.06,3.1,23.85,1.42,12.42,-11.6,-6.17,11.44,1.44
F000002XX1,15.1,2.12,1.19,11.12,2.72,9.16,-5.88,-4.8,3.93,-0.4
F0GBR050DD,11.63,1.24,0.99,8.45,2.87,13.84,-8.1,-8.12,-3.98,-2.38
F0GBR04S31,19.41,2.26,1.48,16.45,0.63,15.16,-19.56,-1.06,21.45,1.14
F0GBR050CG,19.41,2.26,1.48,16.45,0.63,15.16,-19.56,-1.06,21.45,1.14
F0GBR04FKN,10.23,1.06,0.57,6.57,2.08,14.88,-10.92,-12.92,1.6,-9.05
0P0000VHN0,19.85,3.74,3.8,15,1.41,16.91,-1.29,-4.99,3.08,-0.96
0P0000VHN1,19.85,3.74,3.8,15,1.41,16.91,-1.29,-4.99,3.08,-0.96
F0000020SC,19.85,3.74,3.8,15,1.41,16.91,-1.29,-4.99,3.08,-0.96
0P0000VHN2,19.85,3.74,3.8,15,1.41,16.91,-1.29,-4.99,3.08,-0.96
0P0000X5CU,19.85,3.74,3.8,15,1.41,16.91,-1.29,-4.99,3.08,-0.96
F00000XVRP,19.85,3.74,3.8,15,1.41,16.91,-1.29,-4.99,3.08,-0.96
F0GBR04ARJ,8.46,2.11,1.78,5.92,2.48,14.54,18.48,-3.99,-4.69,-1.49
0P0000RZ3H,8.46,2.11,1.78,5.92,2.48,14.54,18.48,-3.99,-4.69,-1.49
F000000F9X,8.46,2.11,1.78,5.92,2.48,14.54,18.48,-3.99,-4.69,-1.49
0P0000VHOE,8.46,2.11,1.78,5.92,2.48,14.54,18.48,-3.99,-4.69,-1.49
F0000020MO,8.46,2.11,1.78,5.92,2.48,14.54,18.48,-3.99,-4.69,-1.49
0P0000VHOG,8.46,2.11,1.78,5.92,2.48,14.54,18.48,-3.99,-4.69,-1.49
F00001071O,16.7,2.13,1.62,11.14,2.25,15.09,-8.65,-5.15,2.33,-2.33
F00000ONYS,16.65,2.13,1.79,11.44,2.16,12.09,-5.93,-5.23,1.78,-0.45
F0GBR06IQR,16.65,2.13,1.79,11.44,2.16,12.09,-5.93,-5.23,1.78,-0.45
F00000MQUX,17.06,2.88,2.21,13.54,1.91,12.6,-6.19,-5.19,3.49,-1.64
F0GBR06IQT,17.06,2.88,2.21,13.54,1.91,12.6,-6.19,-5.19,3.49,-1.64
F0GBR04ELG,19.98,3.81,3.85,15.19,1.41,16.82,-1.42,-4.77,2.96,-0.77
F00000J007,19.98,3.81,3.85,15.19,1.41,16.82,-1.42,-4.77,2.96,-0.77
F00000T33V,19.98,3.81,3.85,15.19,1.41,16.82,-1.42,-4.77,2.96,-0.77
F000010KU7,19.98,3.81,3.85,15.19,1.41,16.82,-1.42,-4.77,2.96,-0.77
F0GBR04RTV,14.74,2,1.59,12.78,2.69,10.8,-10.56,-6,-3.49,-1.19
F00000MJPT,14.74,2,1.59,12.78,2.69,10.8,-10.56,-6,-3.49,-1.19
F00000VFX1,14.74,2,1.59,12.78,2.69,10.8,-10.56,-6,-3.49,-1.19
F00000WNYU,14.74,2,1.59,12.78,2.69,10.8,-10.56,-6,-3.49,-1.19
F0GBR04RTX,17.04,2.22,2.03,12.89,1.29,12.08,-9.18,-6.09,2.61,0.58
F00000HHAW,17.04,2.22,2.03,12.89,1.29,12.08,-9.18,-6.09,2.61,0.58
F00000VFW6,17.04,2.22,2.03,12.89,1.29,12.08,-9.18,-6.09,2.61,0.58
F0GBR04EM8,14.17,1.75,1.49,9.8,2.52,11.64,-8.05,-8.16,0.05,-2.6
F0GBR04CJ2,14.17,1.75,1.49,9.8,2.52,11.64,-8.05,-8.16,0.05,-2.6
F0GBR04DHW,18.47,2.39,1.66,11.76,1.8,13.56,-7.84,-5.83,16.15,3.43
F0GBR053M8,18.47,2.39,1.66,11.76,1.8,13.56,-7.84,-5.83,16.15,3.43
F00000Q9TV,18.47,2.39,1.66,11.76,1.8,13.56,-7.84,-5.83,16.15,3.43
F00000Q9TT,18.47,2.39,1.66,11.76,1.8,13.56,-7.84,-5.83,16.15,3.43
F00000Q9TU,18.47,2.39,1.66,11.76,1.8,13.56,-7.84,-5.83,16.15,3.43
F0GBR04SD6,15.47,1.85,1.07,8.04,2.86,11.27,-8.14,-3.91,20.7,2.12
F00000OT4O,15.47,1.85,1.07,8.04,2.86,11.27,-8.14,-3.91,20.7,2.12
F0GBR04RSL,17.39,2.34,1.64,16.45,2.36,9.47,-7.12,-1.02,-6.02,0.11
F0GBR04CIN,17.39,2.34,1.64,16.45,2.36,9.47,-7.12,-1.02,-6.02,0.11
F000003W7H,17.39,2.34,1.64,16.45,2.36,9.47,-7.12,-1.02,-6.02,0.11
F0GBR04FIF,13.11,1.7,1.31,12.17,3.53,8.76,-7.98,-4.88,-4.65,2.36
F00000OT4M,13.11,1.7,1.31,12.17,3.53,8.76,-7.98,-4.88,-4.65,2.36
F0GBR06DJP,18.9,1.74,1.17,15.73,1.65,11.9,-6.78,-0.26,-7.94,0.24
F0GBR06DJQ,18.9,1.74,1.17,15.73,1.65,11.9,-6.78,-0.26,-7.94,0.24
F00000Z4EO,18.9,1.74,1.17,15.73,1.65,11.9,-6.78,-0.26,-7.94,0.24
F00000OLVY,18.9,1.74,1.17,15.73,1.65,11.9,-6.78,-0.26,-7.94,0.24
F0GBR04CJR,18.06,2.04,1.35,7.51,1.16,13.04,-20.73,-5.24,21.19,0.39
F0GBR04CJT,18.06,2.04,1.35,7.51,1.16,13.04,-20.73,-5.24,21.19,0.39
F0GBR04CJV,18.06,2.04,1.35,7.51,1.16,13.04,-20.73,-5.24,21.19,0.39
F000003YAQ,15.02,2.27,1.88,12.82,1.73,12.13,-3.98,-4.46,5.3,0.35
F000002KPD,15.39,2.92,1.9,12.38,3.41,7.49,-6.9,-9.38,6.33,2.39
F00000P77M,15.39,2.92,1.9,12.38,3.41,7.49,-6.9,-9.38,6.33,2.39
F00000P7MS,19.6,2.8,1.9,14.41,1.98,8.97,-6.54,-8.47,-2.45,2.07
F0GBR04EAV,19.6,2.8,1.9,14.41,1.98,8.97,-6.54,-8.47,-2.45,2.07
F00000MTB9,17.7,2.21,1.81,11.8,1.08,11.24,-11.83,-1.43,11.3,5.76
F0GBR0659Q,15.02,2.27,1.88,12.82,1.73,12.13,-3.98,-4.46,5.3,0.35
F00000PIZX,12.57,1.41,1.1,8.12,2.95,16.85,-12.7,-6.51,4.13,-2.59
F00000PIZT,12.57,1.41,1.1,8.12,2.95,16.85,-12.7,-6.51,4.13,-2.59
F00000PJ02,12.59,1.43,1.1,8.08,2.94,16.93,-11.77,-6.53,4.19,-2.62
F00000PIZY,12.59,1.43,1.1,8.08,2.94,16.93,-11.77,-6.53,4.19,-2.62
F0GBR04RMZ,21.25,3.17,2.73,19.56,1.14,12.67,-3.32,2.98,34.13,3.9
F0GBR06XPX,14,1.66,1.1,9.4,1.94,11.56,-7.34,-6.76,8.08,-2.49
F00000YQCX,16.11,1.91,1.62,10.64,2.25,11.52,-7.13,-5.49,1.77,-0.59
F00000V370,17.7,2.21,1.81,11.8,1.08,11.24,-11.83,-1.43,11.3,5.76
F00000MKL8,17.7,2.21,1.81,11.8,1.08,11.24,-11.83,-1.43,11.3,5.76
F000011GGB,17.7,2.21,1.81,11.8,1.08,11.24,-11.83,-1.43,11.3,5.76
F00000OP3E,18.39,2.76,2.15,13.89,1.67,9.23,-10.53,-7.48,4.72,1.61
F00000P77X,18.39,2.76,2.15,13.89,1.67,9.23,-10.53,-7.48,4.72,1.61
F0GBR04S5A,18.39,2.76,2.15,13.89,1.67,9.23,-10.53,-7.48,4.72,1.61
F00000X08A,17.43,2.57,1.7,14.49,1.6,8.78,-9.68,-5.52,3.8,2.64
F00000WY1P,17.43,2.57,1.7,14.49,1.6,8.78,-9.68,-5.52,3.8,2.64
F00000WY1Q,17.43,2.57,1.7,14.49,1.6,8.78,-9.68,-5.52,3.8,2.64
F00000WY1R,17.43,2.57,1.7,14.49,1.6,8.78,-9.68,-5.52,3.8,2.64
F00001024G,16.1,2.39,1.72,12.24,2.01,6.8,-3.52,-7.46,8.74,3.45
F00001024F,16.1,2.39,1.72,12.24,2.01,6.8,-3.52,-7.46,8.74,3.45
F00000ZMH5,19.45,2.79,2.17,13.67,1.53,9.25,-1.88,-5.28,9.1,4.81
F00000ZMH6,19.45,2.79,2.17,13.67,1.53,9.25,-1.88,-5.28,9.1,4.81
F0GBR06P37,21.25,3.17,2.73,19.56,1.14,12.67,-3.32,2.98,34.13,3.9
F0000108JY,21.25,3.17,2.73,19.56,1.14,12.67,-3.32,2.98,34.13,3.9
F00000ZFZT,21.38,3.44,3.44,18.99,1.06,11.02,-9.35,-5.49,7.3,4.14
F00000ZFZU,21.38,3.44,3.44,18.99,1.06,11.02,-9.35,-5.49,7.3,4.14
F000002X67,14,1.66,1.1,9.4,1.94,11.56,-7.34,-6.76,8.08,-2.49
F00000VHJH,14,1.66,1.1,9.4,1.94,11.56,-7.34,-6.76,8.08,-2.49
F00000O0OS,14,1.66,1.1,9.4,1.94,11.56,-7.34,-6.76,8.08,-2.49
F0GBR06XPT,12,1.37,1.04,7.87,2.74,9.81,-14.49,-6.82,5.05,-2.01
F00000O0O2,12,1.37,1.04,7.87,2.74,9.81,-14.49,-6.82,5.05,-2.01
F00000YQD3,15.69,1.87,1.59,10.49,2.31,11.55,-7.49,-6.19,1.26,-1.1
F00000YQCN,14.17,1.75,1.49,9.78,2.52,11.65,-8.02,-8.19,-0.03,-2.61
F0000103C7,14.17,1.75,1.49,9.78,2.52,11.65,-8.02,-8.19,-0.03,-2.61
F0000103C8,14.17,1.75,1.49,9.78,2.52,11.65,-8.02,-8.19,-0.03,-2.61
F0000103C9,14.17,1.75,1.49,9.78,2.52,11.65,-8.02,-8.19,-0.03,-2.61
F000014I6G,14.96,2.03,1.66,12.48,2.38,13.32,-9.01,-7.67,-7.39,-3.62
F000014I6I,14.46,1.97,1.66,12.2,2.57,11.87,-12.1,-7.27,-5.49,-1.51
F000014I6M,14.17,1.75,1.49,9.78,2.52,11.65,-8.19,-8.19,-0.08,-2.59
F0GBR04APW,19.85,3.74,3.8,15,1.41,16.91,-1.29,-4.99,3.08,-0.96
F00000PJ00,12.59,1.43,1.1,8.08,2.94,16.93,-11.77,-6.53,4.19,-2.62
F00000PIZV,12.57,1.41,1.1,8.12,2.95,16.85,-12.7,-6.51,4.13,-2.59
F00000OYVK,16.28,2.39,1.84,14.09,2.04,12.49,-7.32,-8.54,-4.13,-1.33
F00000O51U,16.28,2.39,1.84,14.09,2.04,12.49,-7.32,-8.54,-4.13,-1.33
F0GBR068AW,16.28,2.39,1.84,14.09,2.04,12.49,-7.32,-8.54,-4.13,-1.33
F0GBR04S23,13.11,1.3,0.74,7.42,1.99,8.36,-15.61,-6.47,17.68,-1.4
F00000OPY7,13.11,1.3,0.74,7.42,1.99,8.36,-15.61,-6.47,17.68,-1.4
F00000SGH5,14.65,1.89,1.39,7.93,1.81,8.58,-4.86,-5.61,-1.05,-0.52
F0GBR04CUU,17.29,2.65,2.38,17.1,1.42,11.26,-2.57,-10.98,-11.78,-1.11
F00000QS9S,17.29,2.65,2.38,17.1,1.42,11.26,-2.57,-10.98,-11.78,-1.11
F0000043NQ,16.3,1.99,1.38,11.34,1.81,10.24,-9.55,-8.13,4.34,-2.22
F0000043NR,16.3,1.99,1.38,11.34,1.81,10.24,-9.55,-8.13,4.34,-2.22
F00000VKYD,16.3,1.99,1.38,11.34,1.81,10.24,-9.55,-8.13,4.34,-2.22
F00000N703,13.93,2.07,1.4,10.94,3.42,9.13,-6.06,-6.94,-3.53,-3
F00000OBQT,13.93,2.07,1.4,10.94,3.42,9.13,-6.06,-6.94,-3.53,-3
F00000OBQR,13.93,2.07,1.4,10.94,3.42,9.13,-6.06,-6.94,-3.53,-3
F00000N705,16.21,2.41,1.5,13.49,2.4,10.27,-6.43,-3.67,1.23,1.26
F00000WZIY,16.21,2.41,1.5,13.49,2.4,10.27,-6.43,-3.67,1.23,1.26
F00000OBQV,16.21,2.41,1.5,13.49,2.4,10.27,-6.43,-3.67,1.23,1.26
F00000OBQU,16.21,2.41,1.5,13.49,2.4,10.27,-6.43,-3.67,1.23,1.26
F00000WZIZ,19.3,2.22,2.02,17.39,1.14,11.54,-5.76,-3.93,0.73,5.53
F00000OBQX,19.3,2.22,2.02,17.39,1.14,11.54,-5.76,-3.93,0.73,5.53
F00000OBQW,19.3,2.22,2.02,17.39,1.14,11.54,-5.76,-3.93,0.73,5.53
F00000OBQZ,14.98,2.49,1.49,11.43,3.01,8.14,-6.58,-7.32,-1.88,-1.2
F00000OBQY,14.98,2.49,1.49,11.43,3.01,8.14,-6.58,-7.32,-1.88,-1.2
F00000OBQP,16.9,2.77,1.58,14.63,2.62,8.77,-5.87,-4.99,5.81,1.41
F00000OBQO,16.9,2.77,1.58,14.63,2.62,8.77,-5.87,-4.99,5.81,1.41
F00000ZWX7,11.33,1.35,1.16,6.48,3.77,6.35,-13.44,-5.84,0.4,-0.99
F000010DEF,11.33,1.35,1.16,6.48,3.77,6.35,-13.44,-5.84,0.4,-0.99
F00000O8FZ,15.96,1.97,1.19,12.2,2.38,10.26,-11.49,-3.34,8.18,-0.58
F0GBR06KJM,15.96,1.97,1.19,12.2,2.38,10.26,-11.49,-3.34,8.18,-0.58
F0GBR06THP,15.96,1.97,1.19,12.2,2.38,10.26,-11.49,-3.34,8.18,-0.58
F00000JVU0,15.96,1.97,1.19,12.2,2.38,10.26,-11.49,-3.34,8.18,-0.58
F00000JVTV,15.96,1.97,1.19,12.2,2.38,10.26,-11.49,-3.34,8.18,-0.58
F0GBR04OC1,16.88,1.69,1.19,8.97,1.51,25.31,-10.97,-4.82,18.92,-2.28
F000003VYC,16.88,1.69,1.19,8.97,1.51,25.31,-10.97,-4.82,18.92,-2.28
F00000YQH5,16.88,1.69,1.19,8.97,1.51,25.31,-10.97,-4.82,18.92,-2.28
F00000YQH6,16.88,1.69,1.19,8.97,1.51,25.31,-10.97,-4.82,18.92,-2.28
F00000YQH7,16.88,1.69,1.19,8.97,1.51,25.31,-10.97,-4.82,18.92,-2.28
F0GBR04OCB,11.13,1.13,0.7,5.97,3.26,11.21,-2.95,-4.16,6.88,-1.04
F000003VYM,11.13,1.13,0.7,5.97,3.26,11.21,-2.95,-4.16,6.88,-1.04
F00000YQH8,11.13,1.13,0.7,5.97,3.26,11.21,-2.95,-4.16,6.88,-1.04
F00000YQH9,11.13,1.13,0.7,5.97,3.26,11.21,-2.95,-4.16,6.88,-1.04
F00000YQHA,11.13,1.13,0.7,5.97,3.26,11.21,-2.95,-4.16,6.88,-1.04
F0GBR04OC5,13.86,1.73,1.26,7.95,2.95,14.73,-5.35,-7.58,4.44,-3.11
F000003VYU,13.86,1.73,1.26,7.95,2.95,14.73,-5.35,-7.58,4.44,-3.11
F000003VYG,13.86,1.73,1.26,7.95,2.95,14.73,-5.35,-7.58,4.44,-3.11
F00000YQHD,13.86,1.73,1.26,7.95,2.95,14.73,-5.35,-7.58,4.44,-3.11
F00000YQHE,13.86,1.73,1.26,7.95,2.95,14.73,-5.35,-7.58,4.44,-3.11
F00000YQHF,13.86,1.73,1.26,7.95,2.95,14.73,-5.35,-7.58,4.44,-3.11
F0GBR05B96,14.04,1.51,1.3,8.66,2.98,15.98,-7.27,-8.22,-2.41,-2.49
F0GBR04UN1,14.04,1.51,1.3,8.66,2.98,15.98,-7.27,-8.22,-2.41,-2.49
F0GBR06I25,14.04,1.51,1.3,8.66,2.98,15.98,-7.27,-8.22,-2.41,-2.49
F00000YQJW,14.04,1.51,1.3,8.66,2.98,15.98,-7.27,-8.22,-2.41,-2.49
F0GBR04OC3,14.44,1.55,1.27,8.74,2.75,15.9,-8.8,-8.03,-0.11,-2.87
F00000OTTN,16.28,2.39,1.84,14.09,2.04,12.49,-7.32,-8.54,-4.13,-1.33
F000001U4X,16.28,2.39,1.84,14.09,2.04,12.49,-7.32,-8.54,-4.13,-1.33
F00000OYV1,13.52,1.68,1.41,10.71,2.92,10.37,-5.81,-5.68,-3.27,0.78
F0GBR06JTX,13.52,1.68,1.41,10.71,2.92,10.37,-5.81,-5.68,-3.27,0.78
F0GBR068AV,13.52,1.68,1.41,10.71,2.92,10.37,-5.81,-5.68,-3.27,0.78
F00000YQJX,14.44,1.55,1.27,8.74,2.75,15.9,-8.8,-8.03,-0.11,-2.87
F0GBR05B97,13.75,1.93,1.25,7.56,2.99,13.98,-2.45,-7.06,5.28,-3.53
F0GBR04OC9,13.75,1.93,1.25,7.56,2.99,13.98,-2.45,-7.06,5.28,-3.53
F0GBR06HYX,13.75,1.93,1.25,7.56,2.99,13.98,-2.45,-7.06,5.28,-3.53
F000003VYO,13.75,1.93,1.25,7.56,2.99,13.98,-2.45,-7.06,5.28,-3.53
F00000OTTJ,13.52,1.68,1.41,10.71,2.92,10.37,-5.81,-5.68,-3.27,0.78
F000002YI4,13.52,1.68,1.41,10.71,2.92,10.37,-5.81,-5.68,-3.27,0.78
F00000OYVM,21.23,4.33,2.38,19.18,1.82,10.05,-7.13,-6.3,1.76,2.55
F0GBR06I18,21.23,4.33,2.38,19.18,1.82,10.05,-7.13,-6.3,1.76,2.55
F0GBR068AX,21.23,4.33,2.38,19.18,1.82,10.05,-7.13,-6.3,1.76,2.55
F00000OTTW,21.23,4.33,2.38,19.18,1.82,10.05,-7.13,-6.3,1.76,2.55
F00000Q5MF,11.65,1.19,0.93,5.72,1.39,12.78,2.86,-8.26,1.14,-4.8
F00000Q2JI,11.65,1.19,0.93,5.72,1.39,12.78,2.86,-8.26,1.14,-4.8
F00000Q2JH,11.65,1.19,0.93,5.72,1.39,12.78,2.86,-8.26,1.14,-4.8
F00000QLHW,11.65,1.19,0.93,5.72,1.39,12.78,2.86,-8.26,1.14,-4.8
F00000QCPX,11.65,1.19,0.93,5.72,1.39,12.78,2.86,-8.26,1.14,-4.8
F00000XIZ6,14.16,1.75,1.5,9.77,2.52,11.64,-8.08,-8.21,-0.06,-2.59
F0000008TC,14.16,1.75,1.5,9.77,2.52,11.64,-8.08,-8.21,-0.06,-2.59
F000002IQX,22.82,3.23,3.56,21.4,1.66,9.07,-1.63,1.6,3.65,7.54
F00000ZLKE,27.33,5.14,4.18,22.61,1.22,15.61,-6,-3.85,17.02,7.25
F00000PZ8X,20.52,2.94,1.97,12.96,1.24,7.62,4.62,3.39,11.43,0.04
F00000WN52,11.53,1.51,0.76,5.36,1.7,8.03,-17.33,-6.9,16.19,-9.59
F00000WN53,11.53,1.51,0.76,5.36,1.7,8.03,-17.33,-6.9,16.19,-9.59
FOGBR05K77,13.97,1.74,1.22,8.75,2.53,10.85,-6.81,-6.87,5.99,-2.92
F0GBR04V97,16.64,1.86,1.14,10.83,1.45,10.74,-11.07,-6.83,12.09,-6.09
F0GBR04V7X,10.87,1.09,0.87,6.23,2.31,12.45,-8.7,-7.96,0.62,-2.96
F00000P7PQ,15.5,1.88,1.75,10.89,1.81,9.58,1.01,-5.22,8.22,-1.74
F000000ET6,15.5,1.88,1.75,10.89,1.81,9.58,1.01,-5.22,8.22,-1.74
F000003U7T,13.35,1.53,1.12,9.17,1.75,12.2,-10.74,-12.72,0.74,-7.15
F0000002T2,13.35,1.53,1.12,9.17,1.75,12.2,-10.74,-12.72,0.74,-7.15
F000003VCR,13.4,1.46,1.05,7.04,1.56,12.92,-20.56,-11.15,0.8,-6.49
F00000M88P,17.59,2.69,2.43,17.2,1.35,11.65,-3.81,-10.78,-11.1,-0.88
F00000M88R,17.59,2.69,2.43,17.2,1.35,11.65,-3.81,-10.78,-11.1,-0.88
F00000OKC5,14.45,1.85,1.59,10.63,3.55,9.39,-1.38,-7.22,-1.26,-0.97
F00000T39K,13.12,1.31,0.74,7.47,2.01,8.39,-15.17,-6.3,16.32,-1.58
F000001AU3,13.12,1.31,0.74,7.47,2.01,8.39,-15.17,-6.3,16.32,-1.58
F0GBR04S1J,14.02,1.79,1.57,10.25,2.41,13.35,-9,-8.2,-0.07,-2.73
F00000SRPL,14.02,1.79,1.57,10.25,2.41,13.35,-9,-8.2,-0.07,-2.73
F0GBR04G9X,15.06,1.93,1.53,10.92,2.49,10.04,-7.56,-7.41,-1.16,-0.99
F00000QS9T,14.46,1.82,1.59,10.66,3.54,10.03,-1.44,-6.84,-1.15,-0.96
F00000YQJY,13.75,1.93,1.25,7.56,2.99,13.98,-2.45,-7.06,5.28,-3.53
F00000YQJZ,13.75,1.93,1.25,7.56,2.99,13.98,-2.45,-7.06,5.28,-3.53
F00000YQK0,13.75,1.93,1.25,7.56,2.99,13.98,-2.45,-7.06,5.28,-3.53
F0GBR04UML,13.81,1.74,1.05,10.15,2.78,9.98,-7.15,-5.56,2.77,-1.29
F00000VDJW,13.81,1.74,1.05,10.15,2.78,9.98,-7.15,-5.56,2.77,-1.29
F00000P0VM,12.98,1.21,0.9,6.67,2.27,9,-3.35,-8.13,3.19,-4.66
F0GBR04DEY,22.04,2.39,1.73,13.09,0.77,21.46,5.46,-0.19,11.01,3.27
F000005F1I,22.04,2.39,1.73,13.09,0.77,21.46,5.46,-0.19,11.01,3.27
F00000SVGS,22.04,2.39,1.73,13.09,0.77,21.46,5.46,-0.19,11.01,3.27
F00000P0VD,22.04,2.39,1.73,13.09,0.77,21.46,5.46,-0.19,11.01,3.27
F00000OJM3,13.65,1.72,1.54,9.45,2.76,11.5,-6.82,-8.54,-2.1,-2.41
F00000OJM4,13.65,1.72,1.54,9.45,2.76,11.5,-6.82,-8.54,-2.1,-2.41
F00000P25J,13.65,1.72,1.54,9.45,2.76,11.5,-6.82,-8.54,-2.1,-2.41
F00000OJM5,13.65,1.72,1.54,9.45,2.76,11.5,-6.82,-8.54,-2.1,-2.41
F00000QJ55,14.15,1.75,1.52,9.82,2.55,11.66,-8.06,-8.12,-0.46,-2.39
F00000QJ56,14.15,1.75,1.52,9.82,2.55,11.66,-8.06,-8.12,-0.46,-2.39
F00000QJ57,14.15,1.75,1.52,9.82,2.55,11.66,-8.06,-8.12,-0.46,-2.39
F00000QJ59,14.15,1.75,1.52,9.82,2.55,11.66,-8.06,-8.12,-0.46,-2.39
F00000OJM6,17.74,1.95,1.38,12.53,1.48,12.88,-10.91,-6.09,10.42,-2.38
F00000OJM7,17.74,1.95,1.38,12.53,1.48,12.88,-10.91,-6.09,10.42,-2.38
F00000P25K,17.74,1.95,1.38,12.53,1.48,12.88,-10.91,-6.09,10.42,-2.38
F00000OJM8,17.74,1.95,1.38,12.53,1.48,12.88,-10.91,-6.09,10.42,-2.38
F00000JWFU,14.18,1.75,1.5,9.78,2.52,11.64,-7.99,-8.16,-0.18,-2.62
F00000OJS3,14.18,1.75,1.5,9.78,2.52,11.64,-7.99,-8.16,-0.18,-2.62
F00000UEXJ,14.18,1.75,1.5,9.78,2.52,11.64,-7.99,-8.16,-0.18,-2.62
F0GBR06K5N,14.18,1.75,1.5,9.78,2.52,11.64,-7.99,-8.16,-0.18,-2.62
F00000NOT6,14.18,1.75,1.5,9.78,2.52,11.64,-7.99,-8.16,-0.18,-2.62
F00000YXWR,13.34,1.69,1.5,9.28,2.89,11.26,-4.96,-8.25,-3.43,-2.44
F0GBR05KL3,13.34,1.69,1.5,9.28,2.89,11.26,-4.96,-8.25,-3.43,-2.44
F00000NU98,13.34,1.69,1.5,9.28,2.89,11.26,-4.96,-8.25,-3.43,-2.44
F0GBR057W2,13.34,1.69,1.5,9.28,2.89,11.26,-4.96,-8.25,-3.43,-2.44
F00000461J,13.66,1.4,1.02,9.35,2.2,13.59,-11.61,-5.78,-1.64,-3.05
F00000461H,13.66,1.4,1.02,9.35,2.2,13.59,-11.61,-5.78,-1.64,-3.05
F00000QK4R,13.66,1.4,1.02,9.35,2.2,13.59,-11.61,-5.78,-1.64,-3.05
F0GBR06KRP,10.27,1.15,0.68,7.32,2.69,12.74,-11.58,-9.19,-7.19,-5.29
F0GBR05RDR,10.27,1.15,0.68,7.32,2.69,12.74,-11.58,-9.19,-7.19,-5.29
F00000QK4W,10.27,1.15,0.68,7.32,2.69,12.74,-11.58,-9.19,-7.19,-5.29
F0GBR064N7,16.62,2.6,1.17,12.7,1.78,9.72,-8.26,-3.54,12.7,1.18
F0GBR064N8,16.62,2.6,1.17,12.7,1.78,9.72,-8.26,-3.54,12.7,1.18
F000014OUS,16.62,2.6,1.17,12.7,1.78,9.72,-8.26,-3.54,12.7,1.18
F00000QK4Q,16.62,2.6,1.17,12.7,1.78,9.72,-8.26,-3.54,12.7,1.18
F000002XXL,14.6,2.1,1.56,12.19,2.79,8.25,-8.02,-6.21,-3.77,-0.82
F0GBR06LR6,14.03,1.88,1.39,9.62,2.99,10.14,-7.06,-6.32,-1.54,-1.2
F0000008R6,14.03,1.88,1.39,9.62,2.99,10.14,-7.06,-6.32,-1.54,-1.2
F0GBR06IV3,14.26,1.79,1.49,10.15,2.51,11.6,-7.52,-7.69,-0.19,-2.26
F0000008UQ,14.26,1.79,1.49,10.15,2.51,11.6,-7.52,-7.69,-0.19,-2.26
F0GBR06IV2,14.26,1.79,1.49,10.15,2.51,11.6,-7.52,-7.69,-0.19,-2.26
F0GBR04NA1,17.44,2.19,1.79,15.36,1.14,11.43,-7.96,-6.68,3.05,3.43
F00000MPUP,17.44,2.19,1.79,15.36,1.14,11.43,-7.96,-6.68,3.05,3.43
F000013LAW,17.44,2.19,1.79,15.36,1.14,11.43,-7.96,-6.68,3.05,3.43
F0GBR06NY5,17.44,2.19,1.79,15.36,1.14,11.43,-7.96,-6.68,3.05,3.43
F00000THLI,12.22,1.43,1.08,8.87,2.47,12.01,-10.68,-7.75,3.44,-3.34
F000013LAX,12.22,1.43,1.08,8.87,2.47,12.01,-10.68,-7.75,3.44,-3.34
F0GBR04SB6,12.22,1.43,1.08,8.87,2.47,12.01,-10.68,-7.75,3.44,-3.34
F0GBR04DDS,19.43,2.28,1.49,13.34,0.71,12.36,4.08,-2.51,11.35,3.07
F00000V7B5,15.09,1.93,1.27,10.61,2.14,10.38,-5.38,-5.89,3.78,-1.45
F00000XQDE,22.7,3.88,3.95,19.24,1.88,10.91,-11.09,-5.57,-2.95,4.17
F00000YEFI,15.22,2.1,1.58,11.82,3.33,6.3,-7.96,-7.11,-2.58,1.43
F00000OOAS,14.06,1.51,1.3,8.67,2.98,15.98,-7.27,-8.21,-2.41,-2.48
F0GBR04CPU,14.06,1.51,1.3,8.67,2.98,15.98,-7.27,-8.21,-2.41,-2.48
F000013LB4,19.43,2.28,1.49,13.34,0.71,12.36,4.08,-2.51,11.35,3.07
F0GBR04SA6,19.43,2.28,1.49,13.34,0.71,12.36,4.08,-2.51,11.35,3.07
F0GBR04S4U,16.98,2.43,1.46,12.2,0.99,11.09,3.46,-1.71,28.52,3.38
F00000OZX9,16.98,2.43,1.46,12.2,0.99,11.09,3.46,-1.71,28.52,3.38
F00000OYE4,16.98,2.43,1.46,12.2,0.99,11.09,3.46,-1.71,28.52,3.38
F00000OOAW,16.96,1.84,1.25,10.07,1.73,14.66,-12.79,-6.41,12.5,-3.21
F0GBR04CPY,16.96,1.84,1.25,10.07,1.73,14.66,-12.79,-6.41,12.5,-3.21
F00000OOAU,14.49,1.55,1.27,8.8,2.75,15.85,-8.61,-7.96,-0.04,-2.7
F0GBR04CPQ,14.49,1.55,1.27,8.8,2.75,15.85,-8.61,-7.96,-0.04,-2.7
F00000OWP8,13.99,1.63,1.11,8.93,3.2,16.59,-0.88,-10.88,-7.31,-7.43
F0GBR04CO3,13.99,1.63,1.11,8.93,3.2,16.59,-0.88,-10.88,-7.31,-7.43
F00000OWPC,14.31,1.69,1.14,9.55,3.07,16.14,-1.35,-10.94,-7.51,-7.36
F0GBR04COB,14.31,1.69,1.14,9.55,3.07,16.14,-1.35,-10.94,-7.51,-7.36
F0GBR06SUW,14.31,1.69,1.14,9.55,3.07,16.14,-1.35,-10.94,-7.51,-7.36
F00000MA8K,14.96,1.86,1.26,11.07,1.89,12.26,-6.28,-5.65,5.1,-1.2
F00000MA8M,14.96,1.86,1.26,11.07,1.89,12.26,-6.28,-5.65,5.1,-1.2
F00000PT2X,14.96,1.86,1.26,11.07,1.89,12.26,-6.28,-5.65,5.1,-1.2
F00000XUJI,14.96,1.86,1.26,11.07,1.89,12.26,-6.28,-5.65,5.1,-1.2
F000010P2T,12.88,1.18,0.81,6.47,2.18,10.15,-7,-7.79,4.64,-4.95
F0GBR04P5V,18.85,2.06,1.64,13.67,2.69,11.43,-11.48,-5.56,-3.38,2.69
F000005F14,18.85,2.06,1.64,13.67,2.69,11.43,-11.48,-5.56,-3.38,2.69
F00000SVFV,18.85,2.06,1.64,13.67,2.69,11.43,-11.48,-5.56,-3.38,2.69
F00000P0VI,18.85,2.06,1.64,13.67,2.69,11.43,-11.48,-5.56,-3.38,2.69
F0GBR04P5W,15.16,1.92,1.31,10.41,2.28,10.91,-6.96,-6.47,-0.86,-1.95
F00000SVD5,15.16,1.92,1.31,10.41,2.28,10.91,-6.96,-6.47,-0.86,-1.95
F00000P0VF,15.16,1.92,1.31,10.41,2.28,10.91,-6.96,-6.47,-0.86,-1.95
F0GBR06IWJ,13.07,1.73,1.38,9.2,2.76,10.98,-5.34,-7.46,2.37,-2.31
F00000XAQM,13.07,1.73,1.38,9.2,2.76,10.98,-5.34,-7.46,2.37,-2.31
F00000XAQO,13.07,1.73,1.38,9.2,2.76,10.98,-5.34,-7.46,2.37,-2.31
F0000020ID,14.47,1.5,1.25,7.97,3.12,7.45,-14.45,-6.45,0.33,0.25
F0GBR04RX5,14.47,1.5,1.25,7.97,3.12,7.45,-14.45,-6.45,0.33,0.25
F00000SVE1,14.47,1.5,1.25,7.97,3.12,7.45,-14.45,-6.45,0.33,0.25
F00000P0VG,14.47,1.5,1.25,7.97,3.12,7.45,-14.45,-6.45,0.33,0.25
F0GBR04RX6,14.9,1.58,1.25,8.61,2.72,7.92,-14.25,-6.31,-0.31,-0.03
F0000020IB,14.9,1.58,1.25,8.61,2.72,7.92,-14.25,-6.31,-0.31,-0.03
F00000SVFX,14.9,1.58,1.25,8.61,2.72,7.92,-14.25,-6.31,-0.31,-0.03
F00000P0VO,14.9,1.58,1.25,8.61,2.72,7.92,-14.25,-6.31,-0.31,-0.03
F0GBR04DEW,12.98,1.21,0.9,6.67,2.27,9,-3.35,-8.13,3.19,-4.66
F0000023ND,12.98,1.21,0.9,6.67,2.27,9,-3.35,-8.13,3.19,-4.66
F00000SVGQ,12.98,1.21,0.9,6.67,2.27,9,-3.35,-8.13,3.19,-4.66
F0GBR06IE5,16.98,2.43,1.46,12.2,0.99,11.09,3.46,-1.71,28.52,3.38
F0GBR04NSQ,19.83,2.58,2.04,12.66,1.39,15.22,-0.48,-1.06,11.08,4.72
F00000OZZZ,19.83,2.58,2.04,12.66,1.39,15.22,-0.48,-1.06,11.08,4.72
F00000OV0F,19.83,2.58,2.04,12.66,1.39,15.22,-0.48,-1.06,11.08,4.72
F00000VFT7,19.83,2.58,2.04,12.66,1.39,15.22,-0.48,-1.06,11.08,4.72
F00000QQT8,14.04,1.7,1.32,10.54,1.74,11.83,-4.68,-8.54,-6.42,-1.71
F00000QQT9,14.04,1.7,1.32,10.54,1.74,11.83,-4.68,-8.54,-6.42,-1.71
F00000QQTA,14.04,1.7,1.32,10.54,1.74,11.83,-4.68,-8.54,-6.42,-1.71
F00000QQTG,14.04,1.7,1.32,10.54,1.74,11.83,-4.68,-8.54,-6.42,-1.71
F00000QQTH,14.04,1.7,1.32,10.54,1.74,11.83,-4.68,-8.54,-6.42,-1.71
F00000QQTJ,14.04,1.7,1.32,10.54,1.74,11.83,-4.68,-8.54,-6.42,-1.71
F00000QQTK,14.04,1.7,1.32,10.54,1.74,11.83,-4.68,-8.54,-6.42,-1.71
F000010FGD,14.09,1.7,1.33,10.5,1.73,11.65,-4.38,-8.46,-6.08,-1.69
F000010FGB,14.09,1.7,1.33,10.5,1.73,11.65,-4.38,-8.46,-6.08,-1.69
F000010FGF,14.09,1.7,1.33,10.5,1.73,11.65,-4.38,-8.46,-6.08,-1.69
F000010FGH,14.09,1.7,1.33,10.5,1.73,11.65,-4.38,-8.46,-6.08,-1.69
F0000155BA,20.16,4.56,2.34,18.57,1.74,12.13,-3.1,-7.31,4.77,3.4
F00000W0W3,20.16,4.56,2.34,18.57,1.74,12.13,-3.1,-7.31,4.77,3.4
F00000MWKP,20.16,4.56,2.34,18.57,1.74,12.13,-3.1,-7.31,4.77,3.4
F00000O7XW,20.66,2.63,2.52,16.79,0.5,16.37,-9.84,-1.2,23.48,10.04
F0GBR04KD7,20.66,2.63,2.52,16.79,0.5,16.37,-9.84,-1.2,23.48,10.04
F000003WU9,20.66,2.63,2.52,16.79,0.5,16.37,-9.84,-1.2,23.48,10.04
F00000T1N5,20.66,2.63,2.52,16.79,0.5,16.37,-9.84,-1.2,23.48,10.04
F00000SJSG,20.66,2.63,2.52,16.79,0.5,16.37,-9.84,-1.2,23.48,10.04
F00000MKD7,20.62,2.67,2.06,16.6,0.76,16.69,0.35,-3.99,13.46,4.31
F0GBR04FHH,20.62,2.67,2.06,16.6,0.76,16.69,0.35,-3.99,13.46,4.31
F000003WUA,20.62,2.67,2.06,16.6,0.76,16.69,0.35,-3.99,13.46,4.31
F00000T1N9,20.62,2.67,2.06,16.6,0.76,16.69,0.35,-3.99,13.46,4.31
F00000SJSI,20.62,2.67,2.06,16.6,0.76,16.69,0.35,-3.99,13.46,4.31
F000002YCC,12.07,1.19,0.95,6.88,2.72,7.8,-4.9,-5.91,10.36,-3.03
F0000155BD,12.07,1.19,0.95,6.88,2.72,7.8,-4.9,-5.91,10.36,-3.03
F0000106XT,12.07,1.19,0.95,6.88,2.72,7.8,-4.9,-5.91,10.36,-3.03
F00000Q7VA,13.19,1.23,1.06,5.27,3.64,6.18,-13.32,-6.17,-0.73,-8.54
F00000Q7V8,13.19,1.23,1.06,5.27,3.64,6.18,-13.32,-6.17,-0.73,-8.54
F00000Q7V7,13.19,1.23,1.06,5.27,3.64,6.18,-13.32,-6.17,-0.73,-8.54
F0GBR05YZP,16.82,2.49,2.28,13.53,1.75,13.51,-7.18,-5.78,1.33,-2.35
F0GBR06I4M,12.74,1.66,1.46,9.74,2.92,13.66,-12.04,-5.64,0.41,-2.32
F0GBR04DT9,12.74,1.66,1.46,9.74,2.92,13.66,-12.04,-5.64,0.41,-2.32
F0000023NA,12.92,1.74,1.69,10.49,2.29,13,-14.88,-8.25,-4.17,-3.09
F000001X0T,12.92,1.74,1.69,10.49,2.29,13,-14.88,-8.25,-4.17,-3.09
F00000OUIO,12.92,1.74,1.69,10.49,2.29,13,-14.88,-8.25,-4.17,-3.09
F00000VYWV,12.92,1.74,1.69,10.49,2.29,13,-14.88,-8.25,-4.17,-3.09
F0GBR0521O,14.15,1.75,1.49,9.78,2.52,11.65,-8.12,-8.19,-0.06,-2.61
F00000THCU,14.15,1.75,1.49,9.78,2.52,11.65,-8.12,-8.19,-0.06,-2.61
F0GBR06LHF,14.15,1.75,1.49,9.78,2.52,11.65,-8.12,-8.19,-0.06,-2.61
F00000OUU0,14.15,1.75,1.49,9.78,2.52,11.65,-8.12,-8.19,-0.06,-2.61
F00000ZO5M,28.81,3.38,2.89,18.18,0.84,15.83,-0.98,-11.33,18.5,13.69
F00000OKGN,28.81,3.38,2.89,18.18,0.84,15.83,-0.98,-11.33,18.5,13.69
F000001W50,28.81,3.38,2.89,18.18,0.84,15.83,-0.98,-11.33,18.5,13.69
F0GBR05PUD,28.81,3.38,2.89,18.18,0.84,15.83,-0.98,-11.33,18.5,13.69
F00000QTM7,13.64,1.72,1.54,9.44,2.76,11.5,-6.8,-8.54,-2.11,-2.41
F00000OZTW,13.64,1.72,1.54,9.44,2.76,11.5,-6.8,-8.54,-2.11,-2.41
F0GBR06I71,13.64,1.72,1.54,9.44,2.76,11.5,-6.8,-8.54,-2.11,-2.41
F0GBR0602H,13.64,1.72,1.54,9.44,2.76,11.5,-6.8,-8.54,-2.11,-2.41
F0GBR04RQ2,14.14,1.75,1.51,9.8,2.55,11.65,-8.04,-8.1,-0.37,-2.38
F0GBR04D9J,13.68,1.72,1.35,9.66,1.84,13.4,-9.34,-6.76,5.07,-1.79
F000000OD2,13.68,1.72,1.35,9.66,1.84,13.4,-9.34,-6.76,5.07,-1.79
F00000OYYE,13.68,1.72,1.35,9.66,1.84,13.4,-9.34,-6.76,5.07,-1.79
F00000LYF6,13.82,1.76,1.4,9.7,2.43,11.67,-5.69,-6.92,1.54,-1.82
F00000ZW9X,13.82,1.76,1.4,9.7,2.43,11.67,-5.69,-6.92,1.54,-1.82
F0000102YE,11.34,1.29,0.88,8.15,3.04,8.69,-1.87,-4.69,6.07,-2.51
F00000MAI0,11.34,1.29,0.88,8.15,3.04,8.69,-1.87,-4.69,6.07,-2.51
F00000MAHY,11.34,1.29,0.88,8.15,3.04,8.69,-1.87,-4.69,6.07,-2.51
F00000MA49,11.34,1.29,0.88,8.15,3.04,8.69,-1.87,-4.69,6.07,-2.51
F00000QTM9,14.16,1.75,1.49,9.77,2.52,11.64,-8.16,-8.19,-0.07,-2.62
F000002KDL,14.21,2.01,1.57,11.5,1.74,11.85,-4.58,-6.66,11.27,-1.07
F00000P00B,14.21,2.01,1.57,11.5,1.74,11.85,-4.58,-6.66,11.27,-1.07
F00000OS9Z,14.21,2.01,1.57,11.5,1.74,11.85,-4.58,-6.66,11.27,-1.07
F00000WF7I,13.06,1.72,1.3,8.98,2.73,9.05,-2.43,-4.85,5.39,-0.3
F00000WF7E,13.06,1.72,1.3,8.98,2.73,9.05,-2.43,-4.85,5.39,-0.3
F00000WB5V,13.36,1.74,1.56,9.97,2.17,11.46,-2.81,-8.32,-3.51,-1.82
F00000WB5X,13.36,1.74,1.56,9.97,2.17,11.46,-2.81,-8.32,-3.51,-1.82
F00000WF4U,13.36,1.74,1.56,9.97,2.17,11.46,-2.81,-8.32,-3.51,-1.82
F0GBR04S54,11.11,1.34,0.89,7.31,2.27,12.39,-6.57,-5.91,7.63,-1.94
F00000Q4AV,11.11,1.34,0.89,7.31,2.27,12.39,-6.57,-5.91,7.63,-1.94
F00000OQRH,11.11,1.34,0.89,7.31,2.27,12.39,-6.57,-5.91,7.63,-1.94
F000000PXG,11.11,1.34,0.89,7.31,2.27,12.39,-6.57,-5.91,7.63,-1.94
F00000ZX12,12.81,1.1,0.79,6.88,2.23,9.16,-12.82,-2.36,7.48,-5.45
F00000Y61R,12.81,1.1,0.79,6.88,2.23,9.16,-12.82,-2.36,7.48,-5.45
F00000V18M,12.81,1.1,0.79,6.88,2.23,9.16,-12.82,-2.36,7.48,-5.45
F00000ONVN,12.81,1.1,0.79,6.88,2.23,9.16,-12.82,-2.36,7.48,-5.45
F0000040Q9,12.81,1.1,0.79,6.88,2.23,9.16,-12.82,-2.36,7.48,-5.45
F0000040QB,12.81,1.1,0.79,6.88,2.23,9.16,-12.82,-2.36,7.48,-5.45
F0000108X4,12.67,1.09,0.77,6.82,2.18,9.19,-12.92,-2.37,7.78,-5.35
F0000150T8,12.67,1.09,0.77,6.82,2.18,9.19,-12.92,-2.37,7.78,-5.35
F0000108X2,12.67,1.09,0.77,6.82,2.18,9.19,-12.92,-2.37,7.78,-5.35
F0000108X6,12.67,1.09,0.77,6.82,2.18,9.19,-12.92,-2.37,7.78,-5.35
F0000150TA,12.32,1.44,0.99,7.59,2.86,11.21,-7.91,-8.69,-1.77,-2.52
F000010G0B,12.32,1.44,0.99,7.59,2.86,11.21,-7.91,-8.69,-1.77,-2.52
F00000MWK3,12.32,1.44,0.99,7.59,2.86,11.21,-7.91,-8.69,-1.77,-2.52
F00000MWK7,11.57,1.23,0.92,6.39,3.02,7.45,1.33,-6.18,12.71,-2.88
F0000151EF,11.57,1.23,0.92,6.39,3.02,7.45,1.33,-6.18,12.71,-2.88
F0000109A5,11.57,1.23,0.92,6.39,3.02,7.45,1.33,-6.18,12.71,-2.88
F00000VT9Y,11.57,1.23,0.92,6.39,3.02,7.45,1.33,-6.18,12.71,-2.88
F00000OSWI,15.31,1.69,1.01,8.88,2.33,8.1,-7.6,-8.15,17.51,0.59
F0000150TZ,15.31,1.69,1.01,8.88,2.33,8.1,-7.6,-8.15,17.51,0.59
F0GBR04C3X,15.31,1.69,1.01,8.88,2.33,8.1,-7.6,-8.15,17.51,0.59
F00000QQTC,14.04,1.7,1.32,10.54,1.74,11.83,-4.68,-8.54,-6.42,-1.71
F00000QQTE,14.04,1.7,1.32,10.54,1.74,11.83,-4.68,-8.54,-6.42,-1.71
F00000QQTD,14.04,1.7,1.32,10.54,1.74,11.83,-4.68,-8.54,-6.42,-1.71
F00000OZTY,14.16,1.75,1.49,9.77,2.52,11.64,-8.16,-8.19,-0.07,-2.62
F0000102YI,14.16,1.75,1.49,9.77,2.52,11.64,-8.16,-8.19,-0.07,-2.62
F0GBR06HX1,14.16,1.75,1.49,9.77,2.52,11.64,-8.16,-8.19,-0.07,-2.62
F0GBR04C2Y,14.16,1.75,1.49,9.77,2.52,11.64,-8.16,-8.19,-0.07,-2.62
F00000U46L,17.41,1.86,1.3,12.44,1.46,11.54,-12.7,-6.82,9.49,-3.63
F00000U3Y2,17.03,2.73,1.66,13.85,2.32,8.64,-1.69,-6.2,-0.67,-0.33
F0GBR04GTH,14.86,2.36,1.34,12.15,3.15,7.49,4.25,-8.23,-3.65,-2.79
F00000P5TW,15.81,2.03,1.46,11.88,2.17,11.51,-9.27,-6.12,2.03,-1.98
F0GBR04MZL,15.81,2.03,1.46,11.88,2.17,11.51,-9.27,-6.12,2.03,-1.98
F00000SK3U,15.81,2.03,1.46,11.88,2.17,11.51,-9.27,-6.12,2.03,-1.98
F0GBR06HWQ,19.95,2.76,2.27,22.09,1.4,7.6,-8.9,-8.77,-5.72,4.92
F00000P7AC,21.65,2.76,2.12,22.05,1.37,7.92,0.07,-9.9,-7.99,4.38
F0GBR04S8U,11.34,1.59,1.09,7.11,3.95,9.25,-9.06,-7.71,3.66,-2.53
F00000OO5L,11.34,1.59,1.09,7.11,3.95,9.25,-9.06,-7.71,3.66,-2.53
F00000OO5M,11.34,1.59,1.09,7.11,3.95,9.25,-9.06,-7.71,3.66,-2.53
F0GBR04JJG,11.34,1.59,1.09,7.11,3.95,9.25,-9.06,-7.71,3.66,-2.53
F0GBR04GHM,11.76,1.49,1.09,7.31,3.67,9.96,-11.77,-8.86,2.88,-3.58
F0GBR04S95,11.93,1.36,1.31,6.67,1.33,23.78,-17.69,-12.66,-6.52,-6.45
F000005JRK,11.93,1.36,1.31,6.67,1.33,23.78,-17.69,-12.66,-6.52,-6.45
F000013D2J,11.93,1.36,1.31,6.67,1.33,23.78,-17.69,-12.66,-6.52,-6.45
F00000OO8B,11.93,1.36,1.31,6.67,1.33,23.78,-17.69,-12.66,-6.52,-6.45
F0GBR04JI4,11.93,1.36,1.31,6.67,1.33,23.78,-17.69,-12.66,-6.52,-6.45
F0GBR04S97,19.44,2.32,1.64,15.64,0.84,14.44,12.9,-10.27,17.86,-2.5
F00000OO8F,19.44,2.32,1.64,15.64,0.84,14.44,12.9,-10.27,17.86,-2.5
F0GBR04JO9,19.44,2.32,1.64,15.64,0.84,14.44,12.9,-10.27,17.86,-2.5
F0GBR04S98,21.77,3.14,3.24,18.5,1.56,13.82,-9.95,-3.4,15.38,2.24
F00000OO8L,21.77,3.14,3.24,18.5,1.56,13.82,-9.95,-3.4,15.38,2.24
F0GBR04JLW,21.77,3.14,3.24,18.5,1.56,13.82,-9.95,-3.4,15.38,2.24
F00000VEBL,17.81,2.26,1.31,10.37,1.83,11.95,-2.53,-5.65,10.93,-2.44
F00000TULL,17.81,2.26,1.31,10.37,1.83,11.95,-2.53,-5.65,10.93,-2.44
F00000XY8K,17.81,2.26,1.31,10.37,1.83,11.95,-2.53,-5.65,10.93,-2.44
F00000VT25,13.6,1.92,1.2,12.31,3.75,7.51,-8.16,-5.31,-2.94,1.39
F0GBR06M5A,10.55,1.28,1.05,7.85,3.59,8.29,-9.1,-4.47,-1.34,1.39
F0GBR04S8K,10.55,1.28,1.05,7.85,3.59,8.29,-9.1,-4.47,-1.34,1.39
F00000QU2P,10.97,1.25,1.26,8.59,2.04,9.97,-11.75,-8.33,-9.46,-1.69
F0GBR050JO,14.02,1.51,1.29,8.66,2.99,15.98,-7.27,-8.22,-2.41,-2.49
F00000NMF9,14.84,1.88,1.22,8.65,3.09,10.26,-8.38,-0.6,13.37,3.93
F00000PBFB,14.84,1.88,1.22,8.65,3.09,10.26,-8.38,-0.6,13.37,3.93
F00000O7XO,12.23,1.4,0.98,7.46,3.07,10.06,-7.79,-8.38,-1.61,-1.7
F0GBR04E51,12.23,1.4,0.98,7.46,3.07,10.06,-7.79,-8.38,-1.61,-1.7
F00000O7XM,12.23,1.4,0.98,7.46,3.07,10.06,-7.79,-8.38,-1.61,-1.7
F00000T1N4,12.23,1.4,0.98,7.46,3.07,10.06,-7.79,-8.38,-1.61,-1.7
F00000SJSU,12.23,1.4,0.98,7.46,3.07,10.06,-7.79,-8.38,-1.61,-1.7
F0GBR04FI9,23.36,3.99,2.65,18.72,1.28,12.56,0.2,3.5,10.87,6.25
F0GBR04CHR,14.73,1.79,1.89,9.16,2,14.57,-11.23,-6.08,-1.32,-5.02
F0GBR04CHN,14.73,1.79,1.89,9.16,2,14.57,-11.23,-6.08,-1.32,-5.02
F00000PBF9,14.73,1.79,1.89,9.16,2,14.57,-11.23,-6.08,-1.32,-5.02
F0GBR04KO2,14.71,1.66,1.55,10.09,2.77,9.36,-7.54,-5.36,0.57,-2.27
F0GBR05ZTJ,14.71,1.66,1.55,10.09,2.77,9.36,-7.54,-5.36,0.57,-2.27
F00000U46N,17.41,1.86,1.3,12.44,1.46,11.54,-12.7,-6.82,9.49,-3.63
F0GBR04DTS,26.14,2.85,2.82,17.34,0.98,14.82,4.47,-19.65,8.87,6.59
F00000OUU2,26.14,2.85,2.82,17.34,0.98,14.82,4.47,-19.65,8.87,6.59
F000002JUH,26.14,2.85,2.82,17.34,0.98,14.82,4.47,-19.65,8.87,6.59
F0000102YG,20.7,2.5,1.86,12.26,1.41,10.63,-7.13,-5.84,17.45,1.41
F00000VD65,14.71,1.66,1.55,10.09,2.77,9.36,-7.54,-5.36,0.57,-2.27
F0GBR059QG,14.71,1.66,1.55,10.09,2.77,9.36,-7.54,-5.36,0.57,-2.27
F00000QBOD,14.71,1.66,1.55,10.09,2.77,9.36,-7.54,-5.36,0.57,-2.27
F00000V33Z,14.71,1.66,1.55,10.09,2.77,9.36,-7.54,-5.36,0.57,-2.27
F00000M0TW,14.71,1.66,1.55,10.09,2.77,9.36,-7.54,-5.36,0.57,-2.27
F00000OWFK,14.86,2.36,1.34,12.15,3.15,7.49,4.25,-8.23,-3.65,-2.79
F0GBR04S9M,14.03,1.79,1.56,10.24,2.4,13.32,-8.59,-8.2,0.1,-2.78
F00000MJ6K,14.84,1.88,1.22,8.65,3.09,10.26,-8.38,-0.6,13.37,3.93
F0GBR053N0,19.95,2.76,2.27,22.09,1.4,7.6,-8.9,-8.77,-5.72,4.92
F00000OO8D,19.44,2.32,1.64,15.64,0.84,14.44,12.9,-10.27,17.86,-2.5
F00000OO8N,21.77,3.14,3.24,18.5,1.56,13.82,-9.95,-3.4,15.38,2.24
F00000OKH9,20.7,2.5,1.86,12.26,1.41,10.63,-7.13,-5.84,17.45,1.41
F00000OKFC,20.7,2.5,1.86,12.26,1.41,10.63,-7.13,-5.84,17.45,1.41
F0GBR05PUB,20.7,2.5,1.86,12.26,1.41,10.63,-7.13,-5.84,17.45,1.41
F00000ZO5K,15.14,1.76,1.48,11.42,1.82,12.76,-6.64,-13.06,-1.37,-2.71
F00000OKHB,15.14,1.76,1.48,11.42,1.82,12.76,-6.64,-13.06,-1.37,-2.71
F0000027AJ,15.14,1.76,1.48,11.42,1.82,12.76,-6.64,-13.06,-1.37,-2.71
F0000027AE,15.14,1.76,1.48,11.42,1.82,12.76,-6.64,-13.06,-1.37,-2.71
F00000PLVV,11.73,1.9,1.12,6.71,3.49,8.73,5.01,-3.25,27.7,1.98
F0GBR04H8N,19.33,2.6,1.86,14.21,1.73,10.28,-4.57,-7.61,4.53,1.39
F00000XHLB,13.65,1.71,1.72,10.01,2.62,8.57,-13.31,-8.65,3.4,1.13
F00000XHLL,13.65,1.71,1.72,10.01,2.62,8.57,-13.31,-8.65,3.4,1.13
F00000XHLN,13.65,1.71,1.72,10.01,2.62,8.57,-13.31,-8.65,3.4,1.13
F00000XHLP,13.65,1.71,1.72,10.01,2.62,8.57,-13.31,-8.65,3.4,1.13
F00000QKW2,14.06,1.8,1.64,10.7,2.42,14.58,-8.6,-8.57,-4.65,-1.65
F00000QKW4,14.06,1.8,1.64,10.7,2.42,14.58,-8.6,-8.57,-4.65,-1.65
F00000QKW6,14.06,1.8,1.64,10.7,2.42,14.58,-8.6,-8.57,-4.65,-1.65
F00000OB1F,12.17,1.54,1.24,8.62,2.87,10.95,-10.81,-8.86,-2.07,-2.25
F00000OB1H,12.17,1.54,1.24,8.62,2.87,10.95,-10.81,-8.86,-2.07,-2.25
F00000OB2H,12.17,1.54,1.24,8.62,2.87,10.95,-10.81,-8.86,-2.07,-2.25
F000003W5M,24.66,4.63,3.82,20.32,2.11,6.89,-8.71,0.01,-4.7,4.15
F00000SS5D,24.66,4.63,3.82,20.32,2.11,6.89,-8.71,0.01,-4.7,4.15
F0GBR053Y9,17.77,2.24,1.3,10.24,1.83,11.99,-2.71,-5.77,11.05,-2.61
F00000OUPM,17.77,2.24,1.3,10.24,1.83,11.99,-2.71,-5.77,11.05,-2.61
F0GBR06KKK,20.19,2.8,1.62,11.91,1.55,13.4,-5.06,-6.66,17.63,-1.51
F00000OUPO,20.19,2.8,1.62,11.91,1.55,13.4,-5.06,-6.66,17.63,-1.51
F00000OUPQ,13.69,1.94,1.2,12.44,3.74,7.57,-8.12,-5.36,-2.48,1.55
F00000U3N9,26.94,5.14,3.37,16.84,1.92,8.72,1.68,1.14,0.58,3.5
F0000100NM,26.94,5.14,3.37,16.84,1.92,8.72,1.68,1.14,0.58,3.5
F00000YF5K,15.11,1.73,1.14,11.62,1.04,15.82,-10.69,-2.68,14.78,1.06
F00000YF5L,15.11,1.73,1.14,11.62,1.04,15.82,-10.69,-2.68,14.78,1.06
F00000YF5M,15.11,1.73,1.14,11.62,1.04,15.82,-10.69,-2.68,14.78,1.06
F00000P2FS,21.35,3.39,2.16,15.8,1.75,11.54,5.79,-4.32,11.3,-0.28
F00000P2FT,21.35,3.39,2.16,15.8,1.75,11.54,5.79,-4.32,11.3,-0.28
F00000P2FU,21.35,3.39,2.16,15.8,1.75,11.54,5.79,-4.32,11.3,-0.28
F00000V321,21.35,3.39,2.16,15.8,1.75,11.54,5.79,-4.32,11.3,-0.28
F00000V340,14.71,1.66,1.55,10.09,2.77,9.36,-7.54,-5.36,0.57,-2.27
F000010646,12.96,1.75,1.69,10.52,2.28,12.78,-14.94,-8.2,-3.99,-3.09
F000010645,12.96,1.75,1.69,10.52,2.28,12.78,-14.94,-8.2,-3.99,-3.09
F00000ZIAF,13.77,1.83,1.51,10.31,2.3,13.35,-6.27,-6.85,1.58,-1.89
F00000ZIAE,13.77,1.83,1.51,10.31,2.3,13.35,-6.27,-6.85,1.58,-1.89
F00000Q5I5,11.94,1.52,0.48,5.54,1.99,11.52,-0.57,-10.81,12.2,-7.94
F0000003OY,11.94,1.52,0.48,5.54,1.99,11.52,-0.57,-10.81,12.2,-7.94
F0000023DN,11.94,1.52,0.48,5.54,1.99,11.52,-0.57,-10.81,12.2,-7.94
F00000WYQ6,12.15,1.3,1,7.36,2.28,9.17,-2.22,-5.26,9.04,-2.76
F00000ZSIC,14.29,1.94,1.56,11.93,2.9,8.06,-7.19,-6.14,1.25,-1.99
F00000NGBP,13.64,1.72,1.54,9.45,2.76,11.51,-6.82,-8.55,-2.12,-2.42
F0GBR04C33,13.64,1.72,1.54,9.45,2.76,11.51,-6.82,-8.55,-2.12,-2.42
F00000NDUO,12.76,1.6,0.87,5.34,3.65,13,-1.74,-5.02,-15.53,0.07
F00000NDUQ,12.76,1.6,0.87,5.34,3.65,13,-1.74,-5.02,-15.53,0.07
F00000NDUS,12.76,1.6,0.87,5.34,3.65,13,-1.74,-5.02,-15.53,0.07
F00000OEPS,12.76,1.6,0.87,5.34,3.65,13,-1.74,-5.02,-15.53,0.07
F00000Y64S,14.01,1.58,1.13,11.96,1.38,11.26,-5.18,-1,15.07,2.4
F00000ZSJQ,14.01,1.58,1.13,11.96,1.38,11.26,-5.18,-1,15.07,2.4
F00000Y64U,14.01,1.58,1.13,11.96,1.38,11.26,-5.18,-1,15.07,2.4
F00000VAJU,12.83,1.78,1.22,9.46,3.3,8.22,-2.76,-4.28,7.71,0.28
F000015ID4,12.83,1.78,1.22,9.46,3.3,8.23,-2.72,-4.26,7.7,0.23
F00000VAJV,12.83,1.78,1.22,9.46,3.3,8.23,-2.72,-4.26,7.7,0.23
F000002K4L,12.79,1.8,1.25,9.53,3.32,8.27,-2.58,-4.41,6.87,0.21
F00000PNGB,12.38,1.49,1,12.26,0.7,10.18,-10.05,-11.6,14.72,-5.29
F00000PNGD,12.38,1.49,1,12.26,0.7,10.18,-10.05,-11.6,14.72,-5.29
F0GBR06NJY,20.63,2.58,2.53,16.57,0.53,16.03,-10.2,-1.46,25.06,9.57
F0GBR054FA,17.25,2.44,1.87,10.85,2,11.42,-9.53,-7.78,4.22,-0.98
F000010FG9,13.39,1.72,1.27,9.2,2.27,11.18,-4.26,-10.53,0.26,-1.8
F00000PQ7Q,19.95,3.78,3.83,15.13,1.4,17.07,-1.5,-4.94,2.83,-0.86
F00000SJTP,19.95,3.78,3.83,15.13,1.4,17.07,-1.5,-4.94,2.83,-0.86
F000010FG8,12.24,1.4,0.98,7.46,3.05,9.98,-7.82,-8.33,-1.48,-1.68
F0GBR054F9,14.17,1.75,1.5,9.79,2.52,11.65,-8.03,-8.21,-0.14,-2.62
F00000SJTF,12.97,1.56,1.01,9.36,3.17,7.23,-3.77,-3.52,-4.7,0.59
F00000SJYC,13.44,1.63,1.36,10.28,2.96,8.61,-5.32,-5.53,-2.8,0.83
F00000PSR4,14.83,1.92,1.15,9.27,2.15,11.27,-8.38,-6.28,-3.95,0.08
F00000SJTH,14.83,1.92,1.15,9.27,2.15,11.27,-8.38,-6.28,-3.95,0.08
F00000NQA0,12.45,1.75,1.18,10.01,3.57,6.28,-10.3,-7.68,5.55,-1.33
F00000SFYK,12.45,1.75,1.18,10.01,3.57,6.28,-10.3,-7.68,5.55,-1.33
F0GBR05YU2,12.45,1.75,1.18,10.01,3.57,6.28,-10.3,-7.68,5.55,-1.33
F00000NQA2,23.28,2.72,2.18,20.44,1.08,12.01,3.76,0.92,5.51,7.19
F000005GE0,23.28,2.72,2.18,20.44,1.08,12.01,3.76,0.92,5.51,7.19
F00000GVNO,14.16,1.75,1.51,9.82,2.55,11.65,-8,-8.1,-0.4,-2.37
F00000X14V,17.21,2.22,1.91,11.81,2.03,12.64,-4.51,-4.06,3.48,0.74
F0000108A6,17.21,2.22,1.91,11.81,2.03,12.64,-4.51,-4.06,3.48,0.74
F000010AB6,21.21,3.17,2.35,19.16,1.96,9.25,-8.3,-9.54,-2.69,3.87
F00000PGEJ,21.21,3.17,2.35,19.16,1.96,9.25,-8.3,-9.54,-2.69,3.87
F000010AB8,21.21,3.17,2.35,19.16,1.96,9.25,-8.3,-9.54,-2.69,3.87
F00000GVNQ,14.18,1.75,1.49,9.8,2.52,11.64,-8.18,-8.16,0.03,-2.61
F00000H6L3,16.11,2.28,1.7,12.22,2.51,9.51,-3.72,-7.66,-0.12,-0.58
F00000OTEI,16.11,2.28,1.7,12.22,2.51,9.51,-3.72,-7.66,-0.12,-0.58
F00000LJRH,14.69,1.94,1.75,11.91,2.51,10.22,-6.92,-9.02,-6.94,-1.53
F00000PW2A,14.13,1.89,1.56,11.44,3.03,7.8,-5.78,-6.11,2.21,-1.92
F0GBR05ZMI,14.33,1.75,1.62,10.11,2.44,12.72,-6.99,-9.18,0.92,-3.32
F000005OT2,21.31,2.76,2.15,18.9,1.31,12.26,-6.44,-1.1,3.37,4.99
F00000ZIAH,18.66,2.19,1.44,9.87,0.86,12.28,-12.47,-5.13,19.16,1.51
F00000ZIAG,18.66,2.19,1.44,9.87,0.86,12.28,-12.47,-5.13,19.16,1.51
F00000IRPR,15.08,1.36,1.02,7.47,1.48,13.13,-2.4,-5,18.34,-11.37
F0000003BI,20.39,3.68,3.48,18.73,1.78,11.33,-3.59,-2.55,-2.89,4.62
F00000P9GM,20.39,3.68,3.48,18.73,1.78,11.33,-3.59,-2.55,-2.89,4.62
F00000VCVG,21.31,2.76,2.15,18.9,1.31,12.26,-6.44,-1.1,3.37,4.99
F00000IR5H,14.56,2.32,1.35,11.6,2.01,10.41,-6.39,-8.56,6.31,1.81
F0GBR058S1,14.63,1.83,1.36,10.39,1.85,10.15,-5.85,-7.21,2.73,-3.28
F0GBR05XH7,14.63,1.83,1.36,10.39,1.85,10.15,-5.85,-7.21,2.73,-3.28
F0GBR0538S,14.63,1.83,1.36,10.39,1.85,10.15,-5.85,-7.21,2.73,-3.28
F00000WEPE ,20.89,4.08,2.41,16.53,2.69,7.97,-5.83,-2.02,4,6.59
F00000SK17 ,14.17,1.75,1.5,9.79,2.52,11.65,-8.03,-8.21,-0.14,-2.62
F000002DGO,16.4,2.14,1.56,10.98,2.28,9.92,-4.32,-5.11,-3.16,0.08
F000003W55,13.78,1.69,0.85,6.86,2.66,10.48,-12.46,-1.84,27.55,-5.05
F000003W54,13.78,1.69,0.85,6.86,2.66,10.48,-12.46,-1.84,27.55,-5.05
F00001035L,14.81,1.72,1.16,9.06,1.88,11.05,-10.45,-7.09,9.94,-2.3
F00000P0JS,17.4,2.71,3.15,20.62,1.07,18.65,-17.51,-17.32,1.85,6.03
F00000ZOBC,17.4,2.71,3.15,20.62,1.07,18.65,-17.51,-17.32,1.85,6.03
F00000P32K,17.4,2.71,3.15,20.62,1.07,18.65,-17.51,-17.32,1.85,6.03
F00000UP39,17.47,1.77,1.01,8.97,2.12,13.48,9.15,-0.31,8.15,-2.23
F00000Y7LH,18.67,2.42,2.27,13.89,2.35,22.59,-5.11,-9.06,-12.4,-5.09
F0000102K3,18.67,2.42,2.27,13.89,2.35,22.59,-5.11,-9.06,-12.4,-5.09
F000000LLW,17.16,2.43,1.86,10.76,2.02,11.21,-9.34,-7.88,4.09,-1
F00000VAEP,17.16,2.43,1.86,10.76,2.02,11.21,-9.34,-7.88,4.09,-1
F00000MLW3,17.16,2.43,1.86,10.76,2.02,11.21,-9.34,-7.88,4.09,-1
F0GBR04RP4,17.23,2.43,1.87,10.74,2,11.22,-9.4,-7.88,4.1,-0.96
F00000OCZS,17.23,2.43,1.87,10.74,2,11.22,-9.4,-7.88,4.1,-0.96
F00000T2LI,17.23,2.43,1.87,10.74,2,11.22,-9.4,-7.88,4.1,-0.96
F00000ZNUH,17.23,2.43,1.87,10.74,2,11.22,-9.4,-7.88,4.1,-0.96
F00000PBNN,17.23,2.43,1.87,10.74,2,11.22,-9.4,-7.88,4.1,-0.96
F000000FES,17.23,2.43,1.87,10.74,2,11.22,-9.4,-7.88,4.1,-0.96
F00000VEYN,20.89,4.08,2.41,16.53,2.69,7.97,-5.83,-2.02,4,6.59
F00000VEYO,20.89,4.08,2.41,16.53,2.69,7.97,-5.83,-2.02,4,6.59
F00000VDTF,20.89,4.08,2.41,16.53,2.69,7.97,-5.83,-2.02,4,6.59
F000010QFY,20.89,4.08,2.41,16.53,2.69,7.97,-5.83,-2.02,4,6.59
F0GBR04RO4,12.51,1.42,0.94,7.43,1.3,13.33,-3.2,-8.93,-1.59,-2.01
F0GBR066C7,12.51,1.42,0.94,7.43,1.3,13.33,-3.2,-8.93,-1.59,-2.01
F00000QJP1,12.51,1.42,0.94,7.43,1.3,13.33,-3.2,-8.93,-1.59,-2.01
F00000PBNQ,12.51,1.42,0.94,7.43,1.3,13.33,-3.2,-8.93,-1.59,-2.01
F000000IN6,12.51,1.42,0.94,7.43,1.3,13.33,-3.2,-8.93,-1.59,-2.01
F000010CFW,24.37,5.02,3.59,19.2,1.84,13.13,-2.18,3.79,22.67,7.41
F00000MJSA,11.22,1.32,0.6,3.78,1.87,13.31,14.99,-7.54,26.19,-1.95
F00000LWU4,11.22,1.32,0.6,3.78,1.87,13.31,14.99,-7.54,26.19,-1.95
F000000LRY,11.22,1.32,0.6,3.78,1.87,13.31,14.99,-7.54,26.19,-1.95
F000000LRX,11.22,1.32,0.6,3.78,1.87,13.31,14.99,-7.54,26.19,-1.95
F00000LY20,11.22,1.32,0.6,3.78,1.87,13.31,14.99,-7.54,26.19,-1.95
F0GBR05XH8,14.63,1.83,1.36,10.39,1.85,10.15,-5.85,-7.21,2.73,-3.28
F00000XGRR,14.63,1.83,1.36,10.39,1.85,10.15,-5.85,-7.21,2.73,-3.28
F0GBR05XH5,14.63,1.83,1.36,10.39,1.85,10.15,-5.85,-7.21,2.73,-3.28
F00000LKZF,14.63,1.83,1.36,10.39,1.85,10.15,-5.85,-7.21,2.73,-3.28
F00000JWLJ,10.78,0.97,0.61,5.67,2.16,9.44,1.25,-7.38,11.46,-4.04
F00000O1U8,11.89,1.3,0.97,7.21,2.34,10.3,-8.53,-6.43,9.42,-2.78
F00000ZYG5,11.89,1.3,0.97,7.21,2.34,10.3,-8.53,-6.43,9.42,-2.78
F00000SVX3,10.54,1.1,0.7,6.16,2.61,11.71,-10.2,-7.04,1.15,-4.97
F0GBR050GL,13.19,1.96,1.13,9.18,2.58,8.02,-10.86,-5.34,11.53,-0.03
F0GBR05PYU,9.67,1.03,0.64,5.54,1.81,14.67,-7.32,-8.28,1.19,-5.3
F00000QLNH,9.67,1.03,0.64,5.54,1.81,14.67,-7.32,-8.28,1.19,-5.3
F00000MQQS,9.67,1.03,0.64,5.54,1.81,14.67,-7.32,-8.28,1.19,-5.3
F0GBR06KYB,11.15,1.07,0.7,6.53,2.55,11.52,-8.18,-7.03,3.62,-4.68
F000010CMK,11.15,1.07,0.7,6.53,2.55,11.52,-8.18,-7.03,3.62,-4.68
F000010CML,11.15,1.07,0.7,6.53,2.55,11.52,-8.18,-7.03,3.62,-4.68
F0GBR04LHK,17.78,2.15,1.12,9.52,2.34,8.42,-10.8,-7.64,27.86,2.16
F0GBR04LHG,17.78,2.15,1.12,9.52,2.34,8.42,-10.8,-7.64,27.86,2.16
F00000PTAQ,13.5,2.17,1.25,10.88,3.02,7.97,-6.72,-4.91,-2.06,0.76
F00000QH4R,13.5,2.17,1.25,10.88,3.02,7.97,-6.72,-4.91,-2.06,0.76
F00000TIYN,13.5,2.17,1.25,10.88,3.02,7.97,-6.72,-4.91,-2.06,0.76
F00000O629,13.5,2.17,1.25,10.88,3.02,7.97,-6.72,-4.91,-2.06,0.76
F00000ZYFX,13.5,2.17,1.25,10.88,3.02,7.97,-6.72,-4.91,-2.06,0.76
F0GBR04MNH,16.24,3.07,1.84,14.57,2.04,9.34,-5.46,-8.24,3.64,-1.12
F00000QLNB,16.24,3.07,1.84,14.57,2.04,9.34,-5.46,-8.24,3.64,-1.12
F0GBR04RXW,16.16,3.04,1.83,14.55,2.06,9.3,-5.31,-8.18,3.59,-1.09
F00000OK2B,16.16,3.04,1.83,14.55,2.06,9.3,-5.31,-8.18,3.59,-1.09
F0GBR04S19,14.48,1.83,1.04,9.25,1.43,8.76,-16.97,-4.33,9.13,-1.92
F00000QLN9,14.48,1.83,1.04,9.25,1.43,8.76,-16.97,-4.33,9.13,-1.92
F0GBR04E5D,16.15,3.03,1.82,14.54,2.07,9.28,-5.33,-8.18,3.57,-1.04
F0GBR04M3Y,16.15,3.03,1.82,14.54,2.07,9.28,-5.33,-8.18,3.57,-1.04
F0GBR05A4S,16.15,3.03,1.82,14.54,2.07,9.28,-5.33,-8.18,3.57,-1.04
F0GBR06LYY,14.44,1.72,1.18,10,2.12,11.16,-6.53,-5.84,8.3,-1.95
F0GBR06N2I,14.5,1.88,1.41,10.98,1.81,12.82,-8.59,-7.1,1.38,-3.01
F0GBR06MOS,12.68,1.52,0.96,8.34,2.68,9.68,-9.02,-6.06,6.19,-2.16
F0GBR06XRM,12.68,1.52,0.96,8.34,2.68,9.68,-9.02,-6.06,6.19,-2.16
F0GBR06XRN,12.68,1.52,0.96,8.34,2.68,9.68,-9.02,-6.06,6.19,-2.16
F0GBR04MY3,18.1,2.26,1.35,9.03,1.95,8.16,-9.76,-8.34,27.84,1.95
F00000PZHP,18.1,2.26,1.35,9.03,1.95,8.16,-9.76,-8.34,27.84,1.95
F00000YQMD,18.1,2.26,1.35,9.03,1.95,8.16,-9.76,-8.34,27.84,1.95
F0GBR04S4I,16.41,1.96,1.28,10.95,2.32,9.35,-21.02,-6.46,14.83,1.73
F0GBR06OMD,16.41,1.96,1.28,10.95,2.32,9.35,-21.02,-6.46,14.83,1.73
F00000PZHQ,16.41,1.96,1.28,10.95,2.32,9.35,-21.02,-6.46,14.83,1.73
F00000YQME,16.41,1.96,1.28,10.95,2.32,9.35,-21.02,-6.46,14.83,1.73
F0GBR04IBK,13.43,1.97,1.49,9.29,2.64,11.81,-2.36,-7.36,6.38,-3.21
F00000YQNH,13.43,1.97,1.49,9.29,2.64,11.81,-2.36,-7.36,6.38,-3.21
F0GBR04MY7,13.45,2.17,1.51,9.09,2.7,11.08,-0.06,-7.03,7.97,-3.32
F0GBR05AAU,13.45,2.17,1.51,9.09,2.7,11.08,-0.06,-7.03,7.97,-3.32
F00000YQNJ,13.45,2.17,1.51,9.09,2.7,11.08,-0.06,-7.03,7.97,-3.32
F0GBR06M63,15.79,3.01,1.79,14.18,2.15,9.25,-5.46,-8.49,3.42,-0.87
F00000TPCR,10.78,0.97,0.61,5.67,2.16,9.44,1.25,-7.38,11.46,-4.04
F000000GR3,16.4,2.16,2.61,22.07,1.46,10.39,-13.12,-7.64,-8.75,2.21
F00000LWQR,16.4,2.16,2.61,22.07,1.46,10.39,-13.12,-7.64,-8.75,2.21
F00000Q8Q2,16.4,2.16,2.61,22.07,1.46,10.39,-13.12,-7.64,-8.75,2.21
F00000W6D8,13.63,2.24,1.34,10.15,3.53,7.56,-10.11,-0.66,6.99,8
F0GBR06M62,15.79,3.01,1.79,14.18,2.15,9.25,-5.46,-8.49,3.42,-0.87
F0GBR04S2M,15.79,3.01,1.79,14.18,2.15,9.25,-5.46,-8.49,3.42,-0.87
F00000YQNK,15.79,3.01,1.79,14.18,2.15,9.25,-5.46,-8.49,3.42,-0.87
F0GBR04S2V,16.9,1.89,1.38,12.13,1.38,7.91,-21.25,-4.53,17.72,-1.5
F0GBR051NU,16.9,1.89,1.38,12.13,1.38,7.91,-21.25,-4.53,17.72,-1.5
F00000MEXO,10.54,1.1,0.7,6.17,2.6,11.78,-10.28,-7.01,1.38,-4.92
F00000Y0PH,16.15,3.04,1.82,14.55,2.07,9.26,-5.39,-8.18,3.59,-1.05
F0GBR06KYC,11.15,1.07,0.7,6.53,2.55,11.52,-8.18,-7.03,3.62,-4.68
F0GBR059Y0,17.78,2.15,1.12,9.52,2.34,8.42,-10.8,-7.64,27.86,2.16
F00000MEXQ,16.24,3.07,1.84,14.57,2.04,9.34,-5.46,-8.24,3.64,-1.12
F00000MQQW,16.16,3.04,1.83,14.55,2.06,9.3,-5.31,-8.18,3.59,-1.09
F00000NBKE,14.48,1.83,1.04,9.25,1.43,8.76,-16.97,-4.33,9.13,-1.92
F0GBR06XR2,14.44,1.72,1.18,10,2.12,11.16,-6.53,-5.84,8.3,-1.95
F00000W6D7,13.35,2.25,1.31,9.98,3.46,7.62,-9.98,-0.97,5.78,7.02
F0GBR06L2G,15.31,2.47,1.79,11.18,2.33,11.58,-8,-2.56,5.76,1.49
F0GBR04E06,14.15,2.47,1.42,10.01,2.82,8.68,-8.64,0.73,11.69,5.7
F000000FW2,11.92,1.13,0.89,7.23,3,9.26,-9.01,-4.9,-4.38,-2.28
F00000QLNR,11.92,1.13,0.89,7.23,3,9.26,-9.01,-4.9,-4.38,-2.28
F00000NBKA,11.92,1.13,0.89,7.23,3,9.26,-9.01,-4.9,-4.38,-2.28
F0GBR04RWU,10.55,1.1,0.71,6.17,2.59,11.8,-10.25,-7.01,1.48,-4.91
F00000QLNL,10.55,1.1,0.71,6.17,2.59,11.8,-10.25,-7.01,1.48,-4.91
F00000MEXM,10.55,1.1,0.71,6.17,2.59,11.8,-10.25,-7.01,1.48,-4.91
F0000003ID,10.54,1.1,0.7,6.17,2.6,11.78,-10.28,-7.01,1.38,-4.92
F00000QLNJ,10.54,1.1,0.7,6.17,2.6,11.78,-10.28,-7.01,1.38,-4.92
F000000L24,11.84,1.15,0.88,7.22,2.99,9.29,-9.87,-4.82,-4.13,-2.36
F000000GXH,11.84,1.15,0.88,7.22,2.99,9.29,-9.87,-4.82,-4.13,-2.36
F000000GXS,11.84,1.15,0.88,7.22,2.99,9.29,-9.87,-4.82,-4.13,-2.36
F000000GXQ,11.84,1.15,0.88,7.22,2.99,9.29,-9.87,-4.82,-4.13,-2.36
F000000GXR,11.84,1.15,0.88,7.22,2.99,9.29,-9.87,-4.82,-4.13,-2.36
F0GBR06KPV,11.9,1.15,0.9,7.24,3.01,9.22,-9.06,-4.84,-4.01,-2.3
F0GBR061M6,11.9,1.15,0.9,7.24,3.01,9.22,-9.06,-4.84,-4.01,-2.3
F0GBR06KPT,11.9,1.15,0.9,7.24,3.01,9.22,-9.06,-4.84,-4.01,-2.3
F0GBR061OA,11.9,1.15,0.9,7.24,3.01,9.22,-9.06,-4.84,-4.01,-2.3
F0GBR06IIV,11.9,1.15,0.9,7.24,3.01,9.22,-9.06,-4.84,-4.01,-2.3
F0GBR061LT,11.9,1.15,0.9,7.24,3.01,9.22,-9.06,-4.84,-4.01,-2.3
F0GBR06KPU,11.9,1.15,0.9,7.24,3.01,9.22,-9.06,-4.84,-4.01,-2.3
F0GBR061O7,11.9,1.15,0.9,7.24,3.01,9.22,-9.06,-4.84,-4.01,-2.3
F0GBR06KK8,11.9,1.15,0.9,7.24,3.01,9.22,-9.06,-4.84,-4.01,-2.3
F0GBR061O9,11.9,1.15,0.9,7.24,3.01,9.22,-9.06,-4.84,-4.01,-2.3
F00000QKY3,11.9,1.15,0.9,7.24,3.01,9.22,-9.06,-4.84,-4.01,-2.3
F0GBR04AFJ,16.15,3.04,1.82,14.55,2.07,9.26,-5.39,-8.18,3.59,-1.05
F0GBR04F0R,16.15,3.04,1.82,14.55,2.07,9.26,-5.39,-8.18,3.59,-1.05
F0GBR04AFK,16.15,3.04,1.82,14.55,2.07,9.26,-5.39,-8.18,3.59,-1.05
F0GBR04AFL,16.15,3.04,1.82,14.55,2.07,9.26,-5.39,-8.18,3.59,-1.05
F00000QNUP,16.15,3.04,1.82,14.55,2.07,9.26,-5.39,-8.18,3.59,-1.05
F0GBR0574L,11.89,1.3,0.97,7.21,2.34,10.3,-8.53,-6.43,9.42,-2.78
F0GBR06P16,16.9,1.89,1.38,12.13,1.38,7.91,-21.25,-4.53,17.72,-1.5
F00000YQNL,16.9,1.89,1.38,12.13,1.38,7.91,-21.25,-4.53,17.72,-1.5
F0GBR04S2U,13.48,1.75,1.61,9.92,2.66,13.47,-7.62,-8.45,-1.94,-2.51
F0GBR06O4X,13.48,1.75,1.61,9.92,2.66,13.47,-7.62,-8.45,-1.94,-2.51
F00000PZHR,13.48,1.75,1.61,9.92,2.66,13.47,-7.62,-8.45,-1.94,-2.51
F00000XSB7,15.04,2.4,0.83,10.11,2.78,9.85,-0.67,-3.31,14.12,1.12
F00000XSBG,15.04,2.4,0.83,10.11,2.78,9.85,-0.67,-3.31,14.12,1.12
F00000XSB3,15.04,2.4,0.83,10.11,2.78,9.85,-0.67,-3.31,14.12,1.12
F00000XSBB,15.04,2.4,0.83,10.11,2.78,9.85,-0.67,-3.31,14.12,1.12
F00000WHAF,19.04,2.39,1.53,14.37,1.9,7.8,-6.72,-6.2,9.85,1.43
F00000X5VF,14.95,2.4,0.82,9.57,2.82,9.89,-1.22,-3.34,14.34,0.88
F000003THQ,14.95,2.4,0.82,9.57,2.82,9.89,-1.22,-3.34,14.34,0.88
F00000OU93,14.95,2.4,0.82,9.57,2.82,9.89,-1.22,-3.34,14.34,0.88
F00000XWYS,15.24,1.98,0.95,9.58,1.99,10.88,-5.28,-7.74,10.87,-5.53
F0GBR06XGA,15.74,2.26,1.54,12.45,2.63,9.76,-6.69,-6.09,2.89,0.69
F0GBR06XG9,15.74,2.26,1.54,12.45,2.63,9.76,-6.69,-6.09,2.89,0.69
F00000MF1W,15.82,2.28,1.49,12.94,2.41,8.66,-6.5,-6.41,6.31,0.42
F00000UF1Z,15.82,2.28,1.49,12.94,2.41,8.66,-6.5,-6.41,6.31,0.42
0P000148YE,15.82,2.28,1.49,12.94,2.41,8.66,-6.5,-6.41,6.31,0.42
F00000OU96,15.82,2.28,1.49,12.94,2.41,8.66,-6.5,-6.41,6.31,0.42
F00000Z1T9,16.45,2.72,0.97,10.06,2.11,10.42,-5.06,-5.4,16.68,-1.7
F0GBR059RK,15.14,1.87,1.12,10,2.22,10.02,-7.02,-7.79,6.75,-4.45
F0GBR04GPJ,15.14,1.87,1.12,10,2.22,10.02,-7.02,-7.79,6.75,-4.45
F0GBR06P0W,21.39,2.94,2.02,13.2,0.81,10.38,-7.49,-3.91,1.9,2.15
F0GBR04HKP,21.39,2.94,2.02,13.2,0.81,10.38,-7.49,-3.91,1.9,2.15
F00000OU9I,21.39,2.94,2.02,13.2,0.81,10.38,-7.49,-3.91,1.9,2.15
F000014MAT,16.17,2.9,1.68,13.53,2.89,8.78,-3.87,-7.41,5.43,0.01
F00000MDB1,15.86,1.39,1.54,11.31,2.25,12.26,-11.45,-3.43,4.94,1.99
F00000MDAZ,15.86,1.39,1.54,11.31,2.25,12.26,-11.45,-3.43,4.94,1.99
F00000TQLQ,17.24,2.19,1.71,12.63,1.93,13.16,-5.3,-5.25,0.12,-0.22
F00000TQLS,17.24,2.19,1.71,12.63,1.93,13.16,-5.3,-5.25,0.12,-0.22
F00000TQMF,15.42,1.86,1.56,11.09,2.59,11.72,-5.9,-10.19,-6.7,-3.14
F00000TQMJ,15.42,1.86,1.56,11.09,2.59,11.72,-5.9,-10.19,-6.7,-3.14
F00000WQ4L,23.42,4.42,3.57,21.54,2.26,9.53,-6.82,-3.8,1.65,1.9
F00000WQ4H,23.42,4.42,3.57,21.54,2.26,9.53,-6.82,-3.8,1.65,1.9
F00000SJ7Y,22.76,4.05,3.6,20.88,2.49,8.13,-9.23,-3.57,0.93,5.11
F00000ZTV3,22.76,4.05,3.6,20.88,2.49,8.13,-9.23,-3.57,0.93,5.11
F0GBR06OGV,22.76,4.05,3.6,20.88,2.49,8.13,-9.23,-3.57,0.93,5.11
F0GBR06OGU,22.76,4.05,3.6,20.88,2.49,8.13,-9.23,-3.57,0.93,5.11
F0GBR06OGX,22.76,4.05,3.6,20.88,2.49,8.13,-9.23,-3.57,0.93,5.11
F00000OIGU,11.06,1.14,0.76,7.85,2.79,15.35,-3.2,-7,-3.12,-3.28
F000014PU7,15.94,2.01,1.37,15.06,2.79,9.19,-8.12,-0.5,20.17,0.3
F00000WK2T,15.94,2.01,1.37,15.06,2.79,9.19,-8.12,-0.5,20.17,0.3
F00000Q6JT,16.52,2.17,1.42,15.3,2.82,9.78,-7.06,0.8,23.96,0.64
F00000Q6JU,16.52,2.17,1.42,15.3,2.82,9.78,-7.06,0.8,23.96,0.64
F00000SZGU,16.52,2.17,1.42,15.3,2.82,9.78,-7.06,0.8,23.96,0.64
F00000XXVT,13.65,1.72,1.54,9.45,2.76,11.5,-6.81,-8.54,-2.11,-2.41
F00000LWVH,14.16,1.75,1.5,9.77,2.53,11.64,-8.06,-8.2,-0.1,-2.62
F00000UDZ7,14.16,1.75,1.5,9.77,2.53,11.64,-8.06,-8.2,-0.1,-2.62
F000003YD1,10.82,1.37,1.05,6.88,4.02,8.63,-3.26,-7.12,-5.42,-2.03
F00000XUIV,7.7,1.07,0.44,5.31,1.81,0.26,-0.71,-9.38,11.93,-23.18
F00000XUIW,7.7,1.07,0.44,5.31,1.81,0.26,-0.71,-9.38,11.93,-23.18
F00000YLXY,7.7,1.07,0.44,5.31,1.81,0.26,-0.71,-9.38,11.93,-23.18
F00000YQNM,13.48,1.75,1.61,9.92,2.66,13.47,-7.62,-8.45,-1.94,-2.51
F0GBR06FXV,13.44,1.68,1.21,8.81,2.63,10.48,-1.49,-4.42,9.14,-1.77
F0GBR06FXX,13.44,1.68,1.21,8.81,2.63,10.48,-1.49,-4.42,9.14,-1.77
F0GBR06FY2,13.44,1.68,1.21,8.81,2.63,10.48,-1.49,-4.42,9.14,-1.77
F0GBR06FY0,13.44,1.68,1.21,8.81,2.63,10.48,-1.49,-4.42,9.14,-1.77
F00000YLXW,7.7,1.07,0.44,5.31,1.81,0.26,-0.71,-9.38,11.93,-23.18
F00000VIF2,23.38,5.23,3.22,20.63,2.28,6.94,-9.64,1.23,6.5,10.42
F00000VIF4,23.38,5.23,3.22,20.63,2.28,6.94,-9.64,1.23,6.5,10.42
F00000VIF6,23.38,5.23,3.22,20.63,2.28,6.94,-9.64,1.23,6.5,10.42
F00000TGIQ,23.33,4.05,3.05,19.66,1.29,12.2,-0.25,4.58,26.33,7.69
F00000O5G5,23.33,4.05,3.05,19.66,1.29,12.2,-0.25,4.58,26.33,7.69
F000000KX0,11.62,1.5,1.33,7.98,3.38,11.18,-4.79,-8.52,-4.1,-3.15
F000000KX4,11.62,1.5,1.33,7.98,3.38,11.18,-4.79,-8.52,-4.1,-3.15
F00000TGGO,16.06,2.7,1.78,13.81,3.25,8.64,-3.97,-5.55,-7.21,-1.77
F00000TGFI,16.06,2.7,1.78,13.81,3.25,8.64,-3.97,-5.55,-7.21,-1.77
F00000TGGQ,16.06,2.7,1.78,13.81,3.25,8.64,-3.97,-5.55,-7.21,-1.77
F0000106V1,10.75,1.73,1.27,8,4.02,13.58,1.44,-11.17,-8.35,-3.55
F0000106UZ,10.75,1.73,1.27,8,4.02,13.58,1.44,-11.17,-8.35,-3.55
FOGBR05U53,13.72,1.79,1.15,10.14,2.9,9.64,-13.36,-6.07,1.17,-0.52
F000010NXG,12.98,2.01,1.24,11.43,3.57,6.99,-5.93,-4.13,-7.18,0.15
F000010NXJ,12.98,2.01,1.24,11.43,3.57,6.99,-5.93,-4.13,-7.18,0.15
F0GBR050J6,14.14,1.68,1.12,9.45,3.02,16.27,-1.44,-11.53,-8.83,-7.59
F00000WQ4J,23.42,4.42,3.57,21.54,2.26,9.53,-6.82,-3.8,1.65,1.9
F00000UDZA,10.82,1.37,1.05,6.88,4.02,8.63,-3.26,-7.12,-5.42,-2.03
F0GBR06FY4,13.44,1.68,1.21,8.81,2.63,10.48,-1.49,-4.42,9.14,-1.77
F0GBR06FY6,13.44,1.68,1.21,8.81,2.63,10.48,-1.49,-4.42,9.14,-1.77
F00000ZTBI,13.44,1.68,1.21,8.81,2.63,10.48,-1.49,-4.42,9.14,-1.77
F00000SJ22,15.45,1.99,1.22,16.74,1.88,7.37,-12.81,-5.11,14.82,1.61
F00000SD92,15.45,1.99,1.22,16.74,1.88,7.37,-12.81,-5.11,14.82,1.61
F0GBR06LU1,14.28,1.72,1.49,8.59,2.22,15.79,-10.77,-9.01,2.27,-3.34
F0000003AN,14.51,1.89,1.5,9.85,2.58,8.78,-7.61,-8.43,1.53,-1.93
F00000W9ND,13.34,1.69,1.49,9.28,2.89,11.26,-4.97,-8.25,-3.45,-2.44
F000010NXD,11,1.11,0.77,6.75,2.32,11.87,-10.74,-7.34,0.47,-4.97
FOGBR05TW2,12.74,1.78,0.95,11.09,1.07,10.8,-7.99,-6.83,22.55,4.21
FOGBR05TW3,12.74,1.78,0.95,11.09,1.07,10.8,-7.99,-6.83,22.55,4.21
F0GBR06HSH,29.01,3.79,2.92,18.42,0.73,13.03,5.48,3.26,18.31,8.96
F0GBR04SKO,29.01,3.79,2.92,18.42,0.73,13.03,5.48,3.26,18.31,8.96
F0GBR04GK3,14.66,1.94,1.14,8.54,1.03,10.52,-11.35,-6.05,17.24,3.64
F0GBR06FNX,14.66,1.94,1.14,8.54,1.03,10.52,-11.35,-6.05,17.24,3.64
F0GBR06KRI,13.82,1.78,1,6.47,2.88,9.06,-2.76,-5.52,9.29,-2.6
F00000OY37,22.17,2.68,3.14,24.54,1.32,17.32,-9.9,-0.16,0.25,0.46
F00000V5H9,22.17,2.68,3.14,24.54,1.32,17.32,-9.9,-0.16,0.25,0.46
F00000ZDVB,21.39,4.75,2.47,18.03,2.42,7.22,-4.13,0.89,8.92,3.1
F00000ZDVD,21.39,4.75,2.47,18.03,2.42,7.22,-4.13,0.89,8.92,3.1
F00000Y4BM,14.27,1.42,1.05,11.02,5.82,6.78,1.59,-2.29,-5.8,9.25
F00000Y4BO,14.27,1.42,1.05,11.02,5.82,6.78,1.59,-2.29,-5.8,9.25
F00000Y4BQ,14.27,1.42,1.05,11.02,5.82,6.78,1.59,-2.29,-5.8,9.25
F0GBR06J42,14.66,1.45,1.33,13,0.93,19.48,16.24,-4.08,22.78,2.95
F00000VKHB,12.11,1.51,1.02,9.43,2.22,9.8,-5.32,-6.61,-1.11,-2.15
F0GBR06L03,17.18,2.53,2.39,13.86,1.81,14.06,-0.27,-6.38,3.2,-1.23
F00000NF4R,15.82,2.28,1.49,12.94,2.41,8.66,-6.5,-6.41,6.31,0.42
F00000NF4S,15.82,2.28,1.49,12.94,2.41,8.66,-6.5,-6.41,6.31,0.42
F00000OXO9,15.82,2.28,1.49,12.94,2.41,8.66,-6.5,-6.41,6.31,0.42
F00000XSAU,15.04,2.4,0.83,10.11,2.78,9.85,-0.67,-3.31,14.12,1.12
F00000XSB4,15.04,2.4,0.83,10.11,2.78,9.85,-0.67,-3.31,14.12,1.12
F00000XSB2,15.04,2.4,0.83,10.11,2.78,9.85,-0.67,-3.31,14.12,1.12
